province,year,month,year_month,dengue_cases,case_definition_standardised
AMNAT CHAROEN,2015,1,2015-01,1,Suspected and confirmed
AMNAT CHAROEN,2015,2,2015-02,3,Suspected and confirmed
AMNAT CHAROEN,2015,3,2015-03,4,Suspected and confirmed
AMNAT CHAROEN,2015,4,2015-04,2,Suspected and confirmed
AMNAT CHAROEN,2015,5,2015-05,11,Suspected and confirmed
AMNAT CHAROEN,2015,6,2015-06,64,Suspected and confirmed
AMNAT CHAROEN,2015,7,2015-07,91,Suspected and confirmed
AMNAT CHAROEN,2015,8,2015-08,111,Suspected and confirmed
AMNAT CHAROEN,2015,9,2015-09,80,Suspected and confirmed
AMNAT CHAROEN,2015,10,2015-10,35,Suspected and confirmed
AMNAT CHAROEN,2015,11,2015-11,23,Suspected and confirmed
AMNAT CHAROEN,2015,12,2015-12,12,Suspected and confirmed
AMNAT CHAROEN,2016,1,2016-01,11,Suspected and confirmed
AMNAT CHAROEN,2016,2,2016-02,14,Suspected and confirmed
AMNAT CHAROEN,2016,3,2016-03,18,Suspected and confirmed
AMNAT CHAROEN,2016,4,2016-04,12,Suspected and confirmed
AMNAT CHAROEN,2016,5,2016-05,9,Suspected and confirmed
AMNAT CHAROEN,2016,6,2016-06,24,Suspected and confirmed
AMNAT CHAROEN,2016,7,2016-07,55,Suspected and confirmed
AMNAT CHAROEN,2016,8,2016-08,37,Suspected and confirmed
AMNAT CHAROEN,2016,9,2016-09,17,Suspected and confirmed
AMNAT CHAROEN,2016,10,2016-10,13,Suspected and confirmed
AMNAT CHAROEN,2016,11,2016-11,5,Suspected and confirmed
AMNAT CHAROEN,2016,12,2016-12,2,Suspected and confirmed
AMNAT CHAROEN,2017,1,2017-01,1,Suspected and confirmed
AMNAT CHAROEN,2017,2,2017-02,3,Suspected and confirmed
AMNAT CHAROEN,2017,3,2017-03,2,Suspected and confirmed
AMNAT CHAROEN,2017,4,2017-04,2,Suspected and confirmed
AMNAT CHAROEN,2017,5,2017-05,4,Suspected and confirmed
AMNAT CHAROEN,2017,6,2017-06,34,Suspected and confirmed
AMNAT CHAROEN,2017,7,2017-07,29,Suspected and confirmed
AMNAT CHAROEN,2017,8,2017-08,2,Suspected and confirmed
AMNAT CHAROEN,2017,9,2017-09,5,Suspected and confirmed
AMNAT CHAROEN,2017,10,2017-10,1,Suspected and confirmed
AMNAT CHAROEN,2017,11,2017-11,0,Suspected and confirmed
AMNAT CHAROEN,2017,12,2017-12,0,Suspected and confirmed
AMNAT CHAROEN,2018,1,2018-01,0,Suspected and confirmed
AMNAT CHAROEN,2018,2,2018-02,0,Suspected and confirmed
AMNAT CHAROEN,2018,3,2018-03,2,Suspected and confirmed
AMNAT CHAROEN,2018,4,2018-04,1,Suspected and confirmed
AMNAT CHAROEN,2018,5,2018-05,9,Suspected and confirmed
AMNAT CHAROEN,2018,6,2018-06,37,Suspected and confirmed
AMNAT CHAROEN,2018,7,2018-07,20,Suspected and confirmed
AMNAT CHAROEN,2018,8,2018-08,23,Suspected and confirmed
AMNAT CHAROEN,2018,9,2018-09,16,Suspected and confirmed
AMNAT CHAROEN,2018,10,2018-10,11,Suspected and confirmed
AMNAT CHAROEN,2018,11,2018-11,1,Suspected and confirmed
AMNAT CHAROEN,2018,12,2018-12,0,Suspected and confirmed
AMNAT CHAROEN,2019,1,2019-01,9,Suspected and confirmed
AMNAT CHAROEN,2019,2,2019-02,2,Suspected and confirmed
AMNAT CHAROEN,2019,3,2019-03,6,Suspected and confirmed
AMNAT CHAROEN,2019,4,2019-04,9,Suspected and confirmed
AMNAT CHAROEN,2019,5,2019-05,58,Suspected and confirmed
AMNAT CHAROEN,2019,6,2019-06,48,Suspected and confirmed
AMNAT CHAROEN,2019,7,2019-07,28,Suspected and confirmed
AMNAT CHAROEN,2019,8,2019-08,24,Suspected and confirmed
AMNAT CHAROEN,2019,9,2019-09,66,Suspected and confirmed
AMNAT CHAROEN,2019,10,2019-10,47,Suspected and confirmed
AMNAT CHAROEN,2019,11,2019-11,21,Suspected and confirmed
AMNAT CHAROEN,2019,12,2019-12,1,Suspected and confirmed
AMNAT CHAROEN,2020,1,2020-01,0,Suspected and confirmed
AMNAT CHAROEN,2020,2,2020-02,2,Suspected and confirmed
AMNAT CHAROEN,2020,3,2020-03,4,Suspected and confirmed
AMNAT CHAROEN,2020,4,2020-04,1,Suspected and confirmed
AMNAT CHAROEN,2020,5,2020-05,13,Suspected and confirmed
AMNAT CHAROEN,2020,6,2020-06,18,Suspected and confirmed
AMNAT CHAROEN,2020,7,2020-07,27,Suspected and confirmed
AMNAT CHAROEN,2020,8,2020-08,23,Suspected and confirmed
AMNAT CHAROEN,2020,9,2020-09,9,Suspected and confirmed
AMNAT CHAROEN,2020,10,2020-10,3,Suspected and confirmed
AMNAT CHAROEN,2020,11,2020-11,0,Suspected and confirmed
AMNAT CHAROEN,2020,12,2020-12,0,Suspected and confirmed
AMNAT CHAROEN,2021,1,2021-01,0,Suspected and confirmed
AMNAT CHAROEN,2021,2,2021-02,0,Suspected and confirmed
AMNAT CHAROEN,2021,3,2021-03,0,Suspected and confirmed
AMNAT CHAROEN,2021,4,2021-04,2,Suspected and confirmed
AMNAT CHAROEN,2021,5,2021-05,3,Suspected and confirmed
AMNAT CHAROEN,2021,6,2021-06,0,Suspected and confirmed
AMNAT CHAROEN,2021,7,2021-07,0,Suspected and confirmed
AMNAT CHAROEN,2021,8,2021-08,5,Suspected and confirmed
AMNAT CHAROEN,2021,9,2021-09,0,Suspected and confirmed
AMNAT CHAROEN,2021,10,2021-10,0,Suspected and confirmed
AMNAT CHAROEN,2021,11,2021-11,0,Suspected and confirmed
AMNAT CHAROEN,2021,12,2021-12,0,Suspected and confirmed
AMNAT CHAROEN,2022,1,2022-01,0,Suspected and confirmed
AMNAT CHAROEN,2022,2,2022-02,0,Suspected and confirmed
AMNAT CHAROEN,2022,3,2022-03,0,Suspected and confirmed
AMNAT CHAROEN,2022,4,2022-04,0,Suspected and confirmed
AMNAT CHAROEN,2022,5,2022-05,0,Suspected and confirmed
AMNAT CHAROEN,2022,6,2022-06,1,Suspected and confirmed
AMNAT CHAROEN,2022,7,2022-07,0,Suspected and confirmed
AMNAT CHAROEN,2022,8,2022-08,0,Suspected and confirmed
AMNAT CHAROEN,2022,9,2022-09,0,Suspected and confirmed
AMNAT CHAROEN,2022,10,2022-10,0,Suspected and confirmed
AMNAT CHAROEN,2022,11,2022-11,0,Suspected and confirmed
AMNAT CHAROEN,2022,12,2022-12,0,Suspected and confirmed
ANG THONG,2015,1,2015-01,9,Suspected and confirmed
ANG THONG,2015,2,2015-02,9,Suspected and confirmed
ANG THONG,2015,3,2015-03,15,Suspected and confirmed
ANG THONG,2015,4,2015-04,36,Suspected and confirmed
ANG THONG,2015,5,2015-05,108,Suspected and confirmed
ANG THONG,2015,6,2015-06,126,Suspected and confirmed
ANG THONG,2015,7,2015-07,107,Suspected and confirmed
ANG THONG,2015,8,2015-08,108,Suspected and confirmed
ANG THONG,2015,9,2015-09,107,Suspected and confirmed
ANG THONG,2015,10,2015-10,87,Suspected and confirmed
ANG THONG,2015,11,2015-11,57,Suspected and confirmed
ANG THONG,2015,12,2015-12,12,Suspected and confirmed
ANG THONG,2016,1,2016-01,6,Suspected and confirmed
ANG THONG,2016,2,2016-02,3,Suspected and confirmed
ANG THONG,2016,3,2016-03,11,Suspected and confirmed
ANG THONG,2016,4,2016-04,7,Suspected and confirmed
ANG THONG,2016,5,2016-05,1,Suspected and confirmed
ANG THONG,2016,6,2016-06,1,Suspected and confirmed
ANG THONG,2016,7,2016-07,5,Suspected and confirmed
ANG THONG,2016,8,2016-08,10,Suspected and confirmed
ANG THONG,2016,9,2016-09,24,Suspected and confirmed
ANG THONG,2016,10,2016-10,14,Suspected and confirmed
ANG THONG,2016,11,2016-11,1,Suspected and confirmed
ANG THONG,2016,12,2016-12,1,Suspected and confirmed
ANG THONG,2017,1,2017-01,6,Suspected and confirmed
ANG THONG,2017,2,2017-02,3,Suspected and confirmed
ANG THONG,2017,3,2017-03,2,Suspected and confirmed
ANG THONG,2017,4,2017-04,2,Suspected and confirmed
ANG THONG,2017,5,2017-05,7,Suspected and confirmed
ANG THONG,2017,6,2017-06,12,Suspected and confirmed
ANG THONG,2017,7,2017-07,31,Suspected and confirmed
ANG THONG,2017,8,2017-08,27,Suspected and confirmed
ANG THONG,2017,9,2017-09,27,Suspected and confirmed
ANG THONG,2017,10,2017-10,16,Suspected and confirmed
ANG THONG,2017,11,2017-11,14,Suspected and confirmed
ANG THONG,2017,12,2017-12,8,Suspected and confirmed
ANG THONG,2018,1,2018-01,2,Suspected and confirmed
ANG THONG,2018,2,2018-02,2,Suspected and confirmed
ANG THONG,2018,3,2018-03,10,Suspected and confirmed
ANG THONG,2018,4,2018-04,10,Suspected and confirmed
ANG THONG,2018,5,2018-05,15,Suspected and confirmed
ANG THONG,2018,6,2018-06,18,Suspected and confirmed
ANG THONG,2018,7,2018-07,21,Suspected and confirmed
ANG THONG,2018,8,2018-08,12,Suspected and confirmed
ANG THONG,2018,9,2018-09,20,Suspected and confirmed
ANG THONG,2018,10,2018-10,17,Suspected and confirmed
ANG THONG,2018,11,2018-11,15,Suspected and confirmed
ANG THONG,2018,12,2018-12,6,Suspected and confirmed
ANG THONG,2019,1,2019-01,12,Suspected and confirmed
ANG THONG,2019,2,2019-02,10,Suspected and confirmed
ANG THONG,2019,3,2019-03,7,Suspected and confirmed
ANG THONG,2019,4,2019-04,3,Suspected and confirmed
ANG THONG,2019,5,2019-05,5,Suspected and confirmed
ANG THONG,2019,6,2019-06,10,Suspected and confirmed
ANG THONG,2019,7,2019-07,20,Suspected and confirmed
ANG THONG,2019,8,2019-08,18,Suspected and confirmed
ANG THONG,2019,9,2019-09,11,Suspected and confirmed
ANG THONG,2019,10,2019-10,11,Suspected and confirmed
ANG THONG,2019,11,2019-11,4,Suspected and confirmed
ANG THONG,2019,12,2019-12,3,Suspected and confirmed
ANG THONG,2020,1,2020-01,11,Suspected and confirmed
ANG THONG,2020,2,2020-02,14,Suspected and confirmed
ANG THONG,2020,3,2020-03,15,Suspected and confirmed
ANG THONG,2020,4,2020-04,9,Suspected and confirmed
ANG THONG,2020,5,2020-05,8,Suspected and confirmed
ANG THONG,2020,6,2020-06,6,Suspected and confirmed
ANG THONG,2020,7,2020-07,27,Suspected and confirmed
ANG THONG,2020,8,2020-08,48,Suspected and confirmed
ANG THONG,2020,9,2020-09,81,Suspected and confirmed
ANG THONG,2020,10,2020-10,25,Suspected and confirmed
ANG THONG,2020,11,2020-11,6,Suspected and confirmed
ANG THONG,2020,12,2020-12,5,Suspected and confirmed
ANG THONG,2021,1,2021-01,0,Suspected and confirmed
ANG THONG,2021,2,2021-02,0,Suspected and confirmed
ANG THONG,2021,3,2021-03,0,Suspected and confirmed
ANG THONG,2021,4,2021-04,0,Suspected and confirmed
ANG THONG,2021,5,2021-05,3,Suspected and confirmed
ANG THONG,2021,6,2021-06,4,Suspected and confirmed
ANG THONG,2021,7,2021-07,8,Suspected and confirmed
ANG THONG,2021,8,2021-08,1,Suspected and confirmed
ANG THONG,2021,9,2021-09,0,Suspected and confirmed
ANG THONG,2021,10,2021-10,3,Suspected and confirmed
ANG THONG,2021,11,2021-11,11,Suspected and confirmed
ANG THONG,2021,12,2021-12,0,Suspected and confirmed
ANG THONG,2022,1,2022-01,0,Suspected and confirmed
ANG THONG,2022,2,2022-02,0,Suspected and confirmed
ANG THONG,2022,3,2022-03,2,Suspected and confirmed
ANG THONG,2022,4,2022-04,1,Suspected and confirmed
ANG THONG,2022,5,2022-05,1,Suspected and confirmed
ANG THONG,2022,6,2022-06,3,Suspected and confirmed
ANG THONG,2022,7,2022-07,1,Suspected and confirmed
ANG THONG,2022,8,2022-08,3,Suspected and confirmed
ANG THONG,2022,9,2022-09,4,Suspected and confirmed
ANG THONG,2022,10,2022-10,4,Suspected and confirmed
ANG THONG,2022,11,2022-11,10,Suspected and confirmed
ANG THONG,2022,12,2022-12,9,Suspected and confirmed
BANGKOK,2015,1,2015-01,286,Suspected and confirmed
BANGKOK,2015,2,2015-02,209,Suspected and confirmed
BANGKOK,2015,3,2015-03,178,Suspected and confirmed
BANGKOK,2015,4,2015-04,192,Suspected and confirmed
BANGKOK,2015,5,2015-05,441,Suspected and confirmed
BANGKOK,2015,6,2015-06,471,Suspected and confirmed
BANGKOK,2015,7,2015-07,705,Suspected and confirmed
BANGKOK,2015,8,2015-08,1103,Suspected and confirmed
BANGKOK,2015,9,2015-09,1270,Suspected and confirmed
BANGKOK,2015,10,2015-10,1895,Suspected and confirmed
BANGKOK,2015,11,2015-11,4273,Suspected and confirmed
BANGKOK,2015,12,2015-12,1715,Suspected and confirmed
BANGKOK,2016,1,2016-01,998,Suspected and confirmed
BANGKOK,2016,2,2016-02,440,Suspected and confirmed
BANGKOK,2016,3,2016-03,310,Suspected and confirmed
BANGKOK,2016,4,2016-04,124,Suspected and confirmed
BANGKOK,2016,5,2016-05,78,Suspected and confirmed
BANGKOK,2016,6,2016-06,63,Suspected and confirmed
BANGKOK,2016,7,2016-07,193,Suspected and confirmed
BANGKOK,2016,8,2016-08,314,Suspected and confirmed
BANGKOK,2016,9,2016-09,309,Suspected and confirmed
BANGKOK,2016,10,2016-10,333,Suspected and confirmed
BANGKOK,2016,11,2016-11,364,Suspected and confirmed
BANGKOK,2016,12,2016-12,283,Suspected and confirmed
BANGKOK,2017,1,2017-01,200,Suspected and confirmed
BANGKOK,2017,2,2017-02,127,Suspected and confirmed
BANGKOK,2017,3,2017-03,119,Suspected and confirmed
BANGKOK,2017,4,2017-04,111,Suspected and confirmed
BANGKOK,2017,5,2017-05,155,Suspected and confirmed
BANGKOK,2017,6,2017-06,331,Suspected and confirmed
BANGKOK,2017,7,2017-07,630,Suspected and confirmed
BANGKOK,2017,8,2017-08,704,Suspected and confirmed
BANGKOK,2017,9,2017-09,520,Suspected and confirmed
BANGKOK,2017,10,2017-10,563,Suspected and confirmed
BANGKOK,2017,11,2017-11,737,Suspected and confirmed
BANGKOK,2017,12,2017-12,448,Suspected and confirmed
BANGKOK,2018,1,2018-01,252,Suspected and confirmed
BANGKOK,2018,2,2018-02,222,Suspected and confirmed
BANGKOK,2018,3,2018-03,307,Suspected and confirmed
BANGKOK,2018,4,2018-04,240,Suspected and confirmed
BANGKOK,2018,5,2018-05,209,Suspected and confirmed
BANGKOK,2018,6,2018-06,412,Suspected and confirmed
BANGKOK,2018,7,2018-07,660,Suspected and confirmed
BANGKOK,2018,8,2018-08,691,Suspected and confirmed
BANGKOK,2018,9,2018-09,538,Suspected and confirmed
BANGKOK,2018,10,2018-10,434,Suspected and confirmed
BANGKOK,2018,11,2018-11,419,Suspected and confirmed
BANGKOK,2018,12,2018-12,297,Suspected and confirmed
BANGKOK,2019,1,2019-01,587,Suspected and confirmed
BANGKOK,2019,2,2019-02,354,Suspected and confirmed
BANGKOK,2019,3,2019-03,242,Suspected and confirmed
BANGKOK,2019,4,2019-04,183,Suspected and confirmed
BANGKOK,2019,5,2019-05,158,Suspected and confirmed
BANGKOK,2019,6,2019-06,308,Suspected and confirmed
BANGKOK,2019,7,2019-07,743,Suspected and confirmed
BANGKOK,2019,8,2019-08,1224,Suspected and confirmed
BANGKOK,2019,9,2019-09,1050,Suspected and confirmed
BANGKOK,2019,10,2019-10,1479,Suspected and confirmed
BANGKOK,2019,11,2019-11,1497,Suspected and confirmed
BANGKOK,2019,12,2019-12,765,Suspected and confirmed
BANGKOK,2020,1,2020-01,402,Suspected and confirmed
BANGKOK,2020,2,2020-02,207,Suspected and confirmed
BANGKOK,2020,3,2020-03,150,Suspected and confirmed
BANGKOK,2020,4,2020-04,70,Suspected and confirmed
BANGKOK,2020,5,2020-05,81,Suspected and confirmed
BANGKOK,2020,6,2020-06,159,Suspected and confirmed
BANGKOK,2020,7,2020-07,399,Suspected and confirmed
BANGKOK,2020,8,2020-08,594,Suspected and confirmed
BANGKOK,2020,9,2020-09,519,Suspected and confirmed
BANGKOK,2020,10,2020-10,454,Suspected and confirmed
BANGKOK,2020,11,2020-11,537,Suspected and confirmed
BANGKOK,2020,12,2020-12,335,Suspected and confirmed
BANGKOK,2021,1,2021-01,276,Suspected and confirmed
BANGKOK,2021,2,2021-02,174,Suspected and confirmed
BANGKOK,2021,3,2021-03,163,Suspected and confirmed
BANGKOK,2021,4,2021-04,59,Suspected and confirmed
BANGKOK,2021,5,2021-05,78,Suspected and confirmed
BANGKOK,2021,6,2021-06,77,Suspected and confirmed
BANGKOK,2021,7,2021-07,40,Suspected and confirmed
BANGKOK,2021,8,2021-08,37,Suspected and confirmed
BANGKOK,2021,9,2021-09,71,Suspected and confirmed
BANGKOK,2021,10,2021-10,94,Suspected and confirmed
BANGKOK,2021,11,2021-11,128,Suspected and confirmed
BANGKOK,2021,12,2021-12,90,Suspected and confirmed
BANGKOK,2022,1,2022-01,62,Suspected and confirmed
BANGKOK,2022,2,2022-02,52,Suspected and confirmed
BANGKOK,2022,3,2022-03,77,Suspected and confirmed
BANGKOK,2022,4,2022-04,95,Suspected and confirmed
BANGKOK,2022,5,2022-05,116,Suspected and confirmed
BANGKOK,2022,6,2022-06,222,Suspected and confirmed
BANGKOK,2022,7,2022-07,346,Suspected and confirmed
BANGKOK,2022,8,2022-08,522,Suspected and confirmed
BANGKOK,2022,9,2022-09,807,Suspected and confirmed
BANGKOK,2022,10,2022-10,1114,Suspected and confirmed
BANGKOK,2022,11,2022-11,1246,Suspected and confirmed
BANGKOK,2022,12,2022-12,873,Suspected and confirmed
BUNGKAN,2015,1,2015-01,0,Suspected and confirmed
BUNGKAN,2015,2,2015-02,1,Suspected and confirmed
BUNGKAN,2015,3,2015-03,2,Suspected and confirmed
BUNGKAN,2015,4,2015-04,0,Suspected and confirmed
BUNGKAN,2015,5,2015-05,1,Suspected and confirmed
BUNGKAN,2015,6,2015-06,11,Suspected and confirmed
BUNGKAN,2015,7,2015-07,19,Suspected and confirmed
BUNGKAN,2015,8,2015-08,31,Suspected and confirmed
BUNGKAN,2015,9,2015-09,48,Suspected and confirmed
BUNGKAN,2015,10,2015-10,60,Suspected and confirmed
BUNGKAN,2015,11,2015-11,57,Suspected and confirmed
BUNGKAN,2015,12,2015-12,6,Suspected and confirmed
BUNGKAN,2016,1,2016-01,15,Suspected and confirmed
BUNGKAN,2016,2,2016-02,22,Suspected and confirmed
BUNGKAN,2016,3,2016-03,21,Suspected and confirmed
BUNGKAN,2016,4,2016-04,18,Suspected and confirmed
BUNGKAN,2016,5,2016-05,45,Suspected and confirmed
BUNGKAN,2016,6,2016-06,86,Suspected and confirmed
BUNGKAN,2016,7,2016-07,73,Suspected and confirmed
BUNGKAN,2016,8,2016-08,59,Suspected and confirmed
BUNGKAN,2016,9,2016-09,22,Suspected and confirmed
BUNGKAN,2016,10,2016-10,12,Suspected and confirmed
BUNGKAN,2016,11,2016-11,7,Suspected and confirmed
BUNGKAN,2016,12,2016-12,0,Suspected and confirmed
BUNGKAN,2017,1,2017-01,0,Suspected and confirmed
BUNGKAN,2017,2,2017-02,0,Suspected and confirmed
BUNGKAN,2017,3,2017-03,0,Suspected and confirmed
BUNGKAN,2017,4,2017-04,0,Suspected and confirmed
BUNGKAN,2017,5,2017-05,0,Suspected and confirmed
BUNGKAN,2017,6,2017-06,0,Suspected and confirmed
BUNGKAN,2017,7,2017-07,1,Suspected and confirmed
BUNGKAN,2017,8,2017-08,0,Suspected and confirmed
BUNGKAN,2017,9,2017-09,1,Suspected and confirmed
BUNGKAN,2017,10,2017-10,0,Suspected and confirmed
BUNGKAN,2017,11,2017-11,0,Suspected and confirmed
BUNGKAN,2017,12,2017-12,0,Suspected and confirmed
BUNGKAN,2018,1,2018-01,2,Suspected and confirmed
BUNGKAN,2018,2,2018-02,1,Suspected and confirmed
BUNGKAN,2018,3,2018-03,2,Suspected and confirmed
BUNGKAN,2018,4,2018-04,2,Suspected and confirmed
BUNGKAN,2018,5,2018-05,25,Suspected and confirmed
BUNGKAN,2018,6,2018-06,19,Suspected and confirmed
BUNGKAN,2018,7,2018-07,18,Suspected and confirmed
BUNGKAN,2018,8,2018-08,2,Suspected and confirmed
BUNGKAN,2018,9,2018-09,5,Suspected and confirmed
BUNGKAN,2018,10,2018-10,4,Suspected and confirmed
BUNGKAN,2018,11,2018-11,7,Suspected and confirmed
BUNGKAN,2018,12,2018-12,11,Suspected and confirmed
BUNGKAN,2019,1,2019-01,6,Suspected and confirmed
BUNGKAN,2019,2,2019-02,14,Suspected and confirmed
BUNGKAN,2019,3,2019-03,28,Suspected and confirmed
BUNGKAN,2019,4,2019-04,7,Suspected and confirmed
BUNGKAN,2019,5,2019-05,99,Suspected and confirmed
BUNGKAN,2019,6,2019-06,394,Suspected and confirmed
BUNGKAN,2019,7,2019-07,109,Suspected and confirmed
BUNGKAN,2019,8,2019-08,20,Suspected and confirmed
BUNGKAN,2019,9,2019-09,5,Suspected and confirmed
BUNGKAN,2019,10,2019-10,0,Suspected and confirmed
BUNGKAN,2019,11,2019-11,0,Suspected and confirmed
BUNGKAN,2019,12,2019-12,0,Suspected and confirmed
BUNGKAN,2020,1,2020-01,12,Suspected and confirmed
BUNGKAN,2020,2,2020-02,4,Suspected and confirmed
BUNGKAN,2020,3,2020-03,10,Suspected and confirmed
BUNGKAN,2020,4,2020-04,39,Suspected and confirmed
BUNGKAN,2020,5,2020-05,119,Suspected and confirmed
BUNGKAN,2020,6,2020-06,133,Suspected and confirmed
BUNGKAN,2020,7,2020-07,134,Suspected and confirmed
BUNGKAN,2020,8,2020-08,56,Suspected and confirmed
BUNGKAN,2020,9,2020-09,32,Suspected and confirmed
BUNGKAN,2020,10,2020-10,6,Suspected and confirmed
BUNGKAN,2020,11,2020-11,1,Suspected and confirmed
BUNGKAN,2020,12,2020-12,0,Suspected and confirmed
BUNGKAN,2021,1,2021-01,0,Suspected and confirmed
BUNGKAN,2021,2,2021-02,0,Suspected and confirmed
BUNGKAN,2021,3,2021-03,0,Suspected and confirmed
BUNGKAN,2021,4,2021-04,5,Suspected and confirmed
BUNGKAN,2021,5,2021-05,6,Suspected and confirmed
BUNGKAN,2021,6,2021-06,1,Suspected and confirmed
BUNGKAN,2021,7,2021-07,0,Suspected and confirmed
BUNGKAN,2021,8,2021-08,0,Suspected and confirmed
BUNGKAN,2021,9,2021-09,0,Suspected and confirmed
BUNGKAN,2021,10,2021-10,0,Suspected and confirmed
BUNGKAN,2021,11,2021-11,0,Suspected and confirmed
BUNGKAN,2021,12,2021-12,0,Suspected and confirmed
BUNGKAN,2022,1,2022-01,0,Suspected and confirmed
BUNGKAN,2022,2,2022-02,0,Suspected and confirmed
BUNGKAN,2022,3,2022-03,2,Suspected and confirmed
BUNGKAN,2022,4,2022-04,0,Suspected and confirmed
BUNGKAN,2022,5,2022-05,0,Suspected and confirmed
BUNGKAN,2022,6,2022-06,0,Suspected and confirmed
BUNGKAN,2022,7,2022-07,6,Suspected and confirmed
BUNGKAN,2022,8,2022-08,2,Suspected and confirmed
BUNGKAN,2022,9,2022-09,1,Suspected and confirmed
BUNGKAN,2022,10,2022-10,0,Suspected and confirmed
BUNGKAN,2022,11,2022-11,1,Suspected and confirmed
BUNGKAN,2022,12,2022-12,1,Suspected and confirmed
BURIRAM,2015,1,2015-01,5,Suspected and confirmed
BURIRAM,2015,2,2015-02,7,Suspected and confirmed
BURIRAM,2015,3,2015-03,13,Suspected and confirmed
BURIRAM,2015,4,2015-04,22,Suspected and confirmed
BURIRAM,2015,5,2015-05,49,Suspected and confirmed
BURIRAM,2015,6,2015-06,75,Suspected and confirmed
BURIRAM,2015,7,2015-07,78,Suspected and confirmed
BURIRAM,2015,8,2015-08,223,Suspected and confirmed
BURIRAM,2015,9,2015-09,166,Suspected and confirmed
BURIRAM,2015,10,2015-10,68,Suspected and confirmed
BURIRAM,2015,11,2015-11,96,Suspected and confirmed
BURIRAM,2015,12,2015-12,74,Suspected and confirmed
BURIRAM,2016,1,2016-01,60,Suspected and confirmed
BURIRAM,2016,2,2016-02,65,Suspected and confirmed
BURIRAM,2016,3,2016-03,61,Suspected and confirmed
BURIRAM,2016,4,2016-04,13,Suspected and confirmed
BURIRAM,2016,5,2016-05,9,Suspected and confirmed
BURIRAM,2016,6,2016-06,23,Suspected and confirmed
BURIRAM,2016,7,2016-07,49,Suspected and confirmed
BURIRAM,2016,8,2016-08,72,Suspected and confirmed
BURIRAM,2016,9,2016-09,61,Suspected and confirmed
BURIRAM,2016,10,2016-10,24,Suspected and confirmed
BURIRAM,2016,11,2016-11,14,Suspected and confirmed
BURIRAM,2016,12,2016-12,4,Suspected and confirmed
BURIRAM,2017,1,2017-01,6,Suspected and confirmed
BURIRAM,2017,2,2017-02,7,Suspected and confirmed
BURIRAM,2017,3,2017-03,3,Suspected and confirmed
BURIRAM,2017,4,2017-04,14,Suspected and confirmed
BURIRAM,2017,5,2017-05,21,Suspected and confirmed
BURIRAM,2017,6,2017-06,47,Suspected and confirmed
BURIRAM,2017,7,2017-07,36,Suspected and confirmed
BURIRAM,2017,8,2017-08,39,Suspected and confirmed
BURIRAM,2017,9,2017-09,28,Suspected and confirmed
BURIRAM,2017,10,2017-10,21,Suspected and confirmed
BURIRAM,2017,11,2017-11,8,Suspected and confirmed
BURIRAM,2017,12,2017-12,2,Suspected and confirmed
BURIRAM,2018,1,2018-01,3,Suspected and confirmed
BURIRAM,2018,2,2018-02,1,Suspected and confirmed
BURIRAM,2018,3,2018-03,4,Suspected and confirmed
BURIRAM,2018,4,2018-04,12,Suspected and confirmed
BURIRAM,2018,5,2018-05,65,Suspected and confirmed
BURIRAM,2018,6,2018-06,129,Suspected and confirmed
BURIRAM,2018,7,2018-07,160,Suspected and confirmed
BURIRAM,2018,8,2018-08,155,Suspected and confirmed
BURIRAM,2018,9,2018-09,135,Suspected and confirmed
BURIRAM,2018,10,2018-10,100,Suspected and confirmed
BURIRAM,2018,11,2018-11,73,Suspected and confirmed
BURIRAM,2018,12,2018-12,63,Suspected and confirmed
BURIRAM,2019,1,2019-01,46,Suspected and confirmed
BURIRAM,2019,2,2019-02,79,Suspected and confirmed
BURIRAM,2019,3,2019-03,116,Suspected and confirmed
BURIRAM,2019,4,2019-04,69,Suspected and confirmed
BURIRAM,2019,5,2019-05,136,Suspected and confirmed
BURIRAM,2019,6,2019-06,330,Suspected and confirmed
BURIRAM,2019,7,2019-07,663,Suspected and confirmed
BURIRAM,2019,8,2019-08,343,Suspected and confirmed
BURIRAM,2019,9,2019-09,308,Suspected and confirmed
BURIRAM,2019,10,2019-10,187,Suspected and confirmed
BURIRAM,2019,11,2019-11,107,Suspected and confirmed
BURIRAM,2019,12,2019-12,37,Suspected and confirmed
BURIRAM,2020,1,2020-01,31,Suspected and confirmed
BURIRAM,2020,2,2020-02,42,Suspected and confirmed
BURIRAM,2020,3,2020-03,34,Suspected and confirmed
BURIRAM,2020,4,2020-04,52,Suspected and confirmed
BURIRAM,2020,5,2020-05,99,Suspected and confirmed
BURIRAM,2020,6,2020-06,119,Suspected and confirmed
BURIRAM,2020,7,2020-07,288,Suspected and confirmed
BURIRAM,2020,8,2020-08,169,Suspected and confirmed
BURIRAM,2020,9,2020-09,82,Suspected and confirmed
BURIRAM,2020,10,2020-10,19,Suspected and confirmed
BURIRAM,2020,11,2020-11,5,Suspected and confirmed
BURIRAM,2020,12,2020-12,2,Suspected and confirmed
BURIRAM,2021,1,2021-01,1,Suspected and confirmed
BURIRAM,2021,2,2021-02,1,Suspected and confirmed
BURIRAM,2021,3,2021-03,2,Suspected and confirmed
BURIRAM,2021,4,2021-04,3,Suspected and confirmed
BURIRAM,2021,5,2021-05,2,Suspected and confirmed
BURIRAM,2021,6,2021-06,11,Suspected and confirmed
BURIRAM,2021,7,2021-07,4,Suspected and confirmed
BURIRAM,2021,8,2021-08,5,Suspected and confirmed
BURIRAM,2021,9,2021-09,3,Suspected and confirmed
BURIRAM,2021,10,2021-10,1,Suspected and confirmed
BURIRAM,2021,11,2021-11,1,Suspected and confirmed
BURIRAM,2021,12,2021-12,0,Suspected and confirmed
BURIRAM,2022,1,2022-01,0,Suspected and confirmed
BURIRAM,2022,2,2022-02,0,Suspected and confirmed
BURIRAM,2022,3,2022-03,0,Suspected and confirmed
BURIRAM,2022,4,2022-04,1,Suspected and confirmed
BURIRAM,2022,5,2022-05,1,Suspected and confirmed
BURIRAM,2022,6,2022-06,13,Suspected and confirmed
BURIRAM,2022,7,2022-07,11,Suspected and confirmed
BURIRAM,2022,8,2022-08,14,Suspected and confirmed
BURIRAM,2022,9,2022-09,9,Suspected and confirmed
BURIRAM,2022,10,2022-10,6,Suspected and confirmed
BURIRAM,2022,11,2022-11,7,Suspected and confirmed
BURIRAM,2022,12,2022-12,0,Suspected and confirmed
CHACHOENGSAO,2015,1,2015-01,6,Suspected and confirmed
CHACHOENGSAO,2015,2,2015-02,8,Suspected and confirmed
CHACHOENGSAO,2015,3,2015-03,13,Suspected and confirmed
CHACHOENGSAO,2015,4,2015-04,16,Suspected and confirmed
CHACHOENGSAO,2015,5,2015-05,37,Suspected and confirmed
CHACHOENGSAO,2015,6,2015-06,80,Suspected and confirmed
CHACHOENGSAO,2015,7,2015-07,169,Suspected and confirmed
CHACHOENGSAO,2015,8,2015-08,202,Suspected and confirmed
CHACHOENGSAO,2015,9,2015-09,342,Suspected and confirmed
CHACHOENGSAO,2015,10,2015-10,279,Suspected and confirmed
CHACHOENGSAO,2015,11,2015-11,388,Suspected and confirmed
CHACHOENGSAO,2015,12,2015-12,172,Suspected and confirmed
CHACHOENGSAO,2016,1,2016-01,41,Suspected and confirmed
CHACHOENGSAO,2016,2,2016-02,22,Suspected and confirmed
CHACHOENGSAO,2016,3,2016-03,32,Suspected and confirmed
CHACHOENGSAO,2016,4,2016-04,7,Suspected and confirmed
CHACHOENGSAO,2016,5,2016-05,5,Suspected and confirmed
CHACHOENGSAO,2016,6,2016-06,9,Suspected and confirmed
CHACHOENGSAO,2016,7,2016-07,24,Suspected and confirmed
CHACHOENGSAO,2016,8,2016-08,46,Suspected and confirmed
CHACHOENGSAO,2016,9,2016-09,51,Suspected and confirmed
CHACHOENGSAO,2016,10,2016-10,32,Suspected and confirmed
CHACHOENGSAO,2016,11,2016-11,25,Suspected and confirmed
CHACHOENGSAO,2016,12,2016-12,11,Suspected and confirmed
CHACHOENGSAO,2017,1,2017-01,13,Suspected and confirmed
CHACHOENGSAO,2017,2,2017-02,6,Suspected and confirmed
CHACHOENGSAO,2017,3,2017-03,5,Suspected and confirmed
CHACHOENGSAO,2017,4,2017-04,11,Suspected and confirmed
CHACHOENGSAO,2017,5,2017-05,13,Suspected and confirmed
CHACHOENGSAO,2017,6,2017-06,35,Suspected and confirmed
CHACHOENGSAO,2017,7,2017-07,48,Suspected and confirmed
CHACHOENGSAO,2017,8,2017-08,53,Suspected and confirmed
CHACHOENGSAO,2017,9,2017-09,68,Suspected and confirmed
CHACHOENGSAO,2017,10,2017-10,29,Suspected and confirmed
CHACHOENGSAO,2017,11,2017-11,24,Suspected and confirmed
CHACHOENGSAO,2017,12,2017-12,27,Suspected and confirmed
CHACHOENGSAO,2018,1,2018-01,15,Suspected and confirmed
CHACHOENGSAO,2018,2,2018-02,12,Suspected and confirmed
CHACHOENGSAO,2018,3,2018-03,18,Suspected and confirmed
CHACHOENGSAO,2018,4,2018-04,19,Suspected and confirmed
CHACHOENGSAO,2018,5,2018-05,84,Suspected and confirmed
CHACHOENGSAO,2018,6,2018-06,237,Suspected and confirmed
CHACHOENGSAO,2018,7,2018-07,227,Suspected and confirmed
CHACHOENGSAO,2018,8,2018-08,228,Suspected and confirmed
CHACHOENGSAO,2018,9,2018-09,113,Suspected and confirmed
CHACHOENGSAO,2018,10,2018-10,48,Suspected and confirmed
CHACHOENGSAO,2018,11,2018-11,80,Suspected and confirmed
CHACHOENGSAO,2018,12,2018-12,62,Suspected and confirmed
CHACHOENGSAO,2019,1,2019-01,43,Suspected and confirmed
CHACHOENGSAO,2019,2,2019-02,46,Suspected and confirmed
CHACHOENGSAO,2019,3,2019-03,53,Suspected and confirmed
CHACHOENGSAO,2019,4,2019-04,52,Suspected and confirmed
CHACHOENGSAO,2019,5,2019-05,64,Suspected and confirmed
CHACHOENGSAO,2019,6,2019-06,72,Suspected and confirmed
CHACHOENGSAO,2019,7,2019-07,118,Suspected and confirmed
CHACHOENGSAO,2019,8,2019-08,90,Suspected and confirmed
CHACHOENGSAO,2019,9,2019-09,67,Suspected and confirmed
CHACHOENGSAO,2019,10,2019-10,55,Suspected and confirmed
CHACHOENGSAO,2019,11,2019-11,37,Suspected and confirmed
CHACHOENGSAO,2019,12,2019-12,13,Suspected and confirmed
CHACHOENGSAO,2020,1,2020-01,10,Suspected and confirmed
CHACHOENGSAO,2020,2,2020-02,8,Suspected and confirmed
CHACHOENGSAO,2020,3,2020-03,2,Suspected and confirmed
CHACHOENGSAO,2020,4,2020-04,7,Suspected and confirmed
CHACHOENGSAO,2020,5,2020-05,11,Suspected and confirmed
CHACHOENGSAO,2020,6,2020-06,24,Suspected and confirmed
CHACHOENGSAO,2020,7,2020-07,31,Suspected and confirmed
CHACHOENGSAO,2020,8,2020-08,20,Suspected and confirmed
CHACHOENGSAO,2020,9,2020-09,11,Suspected and confirmed
CHACHOENGSAO,2020,10,2020-10,11,Suspected and confirmed
CHACHOENGSAO,2020,11,2020-11,1,Suspected and confirmed
CHACHOENGSAO,2020,12,2020-12,1,Suspected and confirmed
CHACHOENGSAO,2021,1,2021-01,2,Suspected and confirmed
CHACHOENGSAO,2021,2,2021-02,1,Suspected and confirmed
CHACHOENGSAO,2021,3,2021-03,0,Suspected and confirmed
CHACHOENGSAO,2021,4,2021-04,2,Suspected and confirmed
CHACHOENGSAO,2021,5,2021-05,0,Suspected and confirmed
CHACHOENGSAO,2021,6,2021-06,2,Suspected and confirmed
CHACHOENGSAO,2021,7,2021-07,0,Suspected and confirmed
CHACHOENGSAO,2021,8,2021-08,0,Suspected and confirmed
CHACHOENGSAO,2021,9,2021-09,0,Suspected and confirmed
CHACHOENGSAO,2021,10,2021-10,0,Suspected and confirmed
CHACHOENGSAO,2021,11,2021-11,0,Suspected and confirmed
CHACHOENGSAO,2021,12,2021-12,3,Suspected and confirmed
CHACHOENGSAO,2022,1,2022-01,0,Suspected and confirmed
CHACHOENGSAO,2022,2,2022-02,0,Suspected and confirmed
CHACHOENGSAO,2022,3,2022-03,0,Suspected and confirmed
CHACHOENGSAO,2022,4,2022-04,0,Suspected and confirmed
CHACHOENGSAO,2022,5,2022-05,1,Suspected and confirmed
CHACHOENGSAO,2022,6,2022-06,2,Suspected and confirmed
CHACHOENGSAO,2022,7,2022-07,19,Suspected and confirmed
CHACHOENGSAO,2022,8,2022-08,11,Suspected and confirmed
CHACHOENGSAO,2022,9,2022-09,6,Suspected and confirmed
CHACHOENGSAO,2022,10,2022-10,5,Suspected and confirmed
CHACHOENGSAO,2022,11,2022-11,17,Suspected and confirmed
CHACHOENGSAO,2022,12,2022-12,4,Suspected and confirmed
CHAINAT,2015,1,2015-01,7,Suspected and confirmed
CHAINAT,2015,2,2015-02,4,Suspected and confirmed
CHAINAT,2015,3,2015-03,5,Suspected and confirmed
CHAINAT,2015,4,2015-04,7,Suspected and confirmed
CHAINAT,2015,5,2015-05,18,Suspected and confirmed
CHAINAT,2015,6,2015-06,74,Suspected and confirmed
CHAINAT,2015,7,2015-07,47,Suspected and confirmed
CHAINAT,2015,8,2015-08,56,Suspected and confirmed
CHAINAT,2015,9,2015-09,46,Suspected and confirmed
CHAINAT,2015,10,2015-10,49,Suspected and confirmed
CHAINAT,2015,11,2015-11,53,Suspected and confirmed
CHAINAT,2015,12,2015-12,29,Suspected and confirmed
CHAINAT,2016,1,2016-01,18,Suspected and confirmed
CHAINAT,2016,2,2016-02,5,Suspected and confirmed
CHAINAT,2016,3,2016-03,10,Suspected and confirmed
CHAINAT,2016,4,2016-04,4,Suspected and confirmed
CHAINAT,2016,5,2016-05,4,Suspected and confirmed
CHAINAT,2016,6,2016-06,3,Suspected and confirmed
CHAINAT,2016,7,2016-07,5,Suspected and confirmed
CHAINAT,2016,8,2016-08,13,Suspected and confirmed
CHAINAT,2016,9,2016-09,23,Suspected and confirmed
CHAINAT,2016,10,2016-10,5,Suspected and confirmed
CHAINAT,2016,11,2016-11,3,Suspected and confirmed
CHAINAT,2016,12,2016-12,1,Suspected and confirmed
CHAINAT,2017,1,2017-01,2,Suspected and confirmed
CHAINAT,2017,2,2017-02,0,Suspected and confirmed
CHAINAT,2017,3,2017-03,1,Suspected and confirmed
CHAINAT,2017,4,2017-04,8,Suspected and confirmed
CHAINAT,2017,5,2017-05,3,Suspected and confirmed
CHAINAT,2017,6,2017-06,19,Suspected and confirmed
CHAINAT,2017,7,2017-07,24,Suspected and confirmed
CHAINAT,2017,8,2017-08,22,Suspected and confirmed
CHAINAT,2017,9,2017-09,18,Suspected and confirmed
CHAINAT,2017,10,2017-10,4,Suspected and confirmed
CHAINAT,2017,11,2017-11,11,Suspected and confirmed
CHAINAT,2017,12,2017-12,4,Suspected and confirmed
CHAINAT,2018,1,2018-01,2,Suspected and confirmed
CHAINAT,2018,2,2018-02,2,Suspected and confirmed
CHAINAT,2018,3,2018-03,0,Suspected and confirmed
CHAINAT,2018,4,2018-04,0,Suspected and confirmed
CHAINAT,2018,5,2018-05,4,Suspected and confirmed
CHAINAT,2018,6,2018-06,9,Suspected and confirmed
CHAINAT,2018,7,2018-07,16,Suspected and confirmed
CHAINAT,2018,8,2018-08,11,Suspected and confirmed
CHAINAT,2018,9,2018-09,7,Suspected and confirmed
CHAINAT,2018,10,2018-10,12,Suspected and confirmed
CHAINAT,2018,11,2018-11,29,Suspected and confirmed
CHAINAT,2018,12,2018-12,14,Suspected and confirmed
CHAINAT,2019,1,2019-01,17,Suspected and confirmed
CHAINAT,2019,2,2019-02,15,Suspected and confirmed
CHAINAT,2019,3,2019-03,16,Suspected and confirmed
CHAINAT,2019,4,2019-04,10,Suspected and confirmed
CHAINAT,2019,5,2019-05,4,Suspected and confirmed
CHAINAT,2019,6,2019-06,15,Suspected and confirmed
CHAINAT,2019,7,2019-07,39,Suspected and confirmed
CHAINAT,2019,8,2019-08,24,Suspected and confirmed
CHAINAT,2019,9,2019-09,44,Suspected and confirmed
CHAINAT,2019,10,2019-10,25,Suspected and confirmed
CHAINAT,2019,11,2019-11,20,Suspected and confirmed
CHAINAT,2019,12,2019-12,12,Suspected and confirmed
CHAINAT,2020,1,2020-01,19,Suspected and confirmed
CHAINAT,2020,2,2020-02,13,Suspected and confirmed
CHAINAT,2020,3,2020-03,17,Suspected and confirmed
CHAINAT,2020,4,2020-04,17,Suspected and confirmed
CHAINAT,2020,5,2020-05,14,Suspected and confirmed
CHAINAT,2020,6,2020-06,42,Suspected and confirmed
CHAINAT,2020,7,2020-07,103,Suspected and confirmed
CHAINAT,2020,8,2020-08,125,Suspected and confirmed
CHAINAT,2020,9,2020-09,114,Suspected and confirmed
CHAINAT,2020,10,2020-10,29,Suspected and confirmed
CHAINAT,2020,11,2020-11,12,Suspected and confirmed
CHAINAT,2020,12,2020-12,0,Suspected and confirmed
CHAINAT,2021,1,2021-01,0,Suspected and confirmed
CHAINAT,2021,2,2021-02,0,Suspected and confirmed
CHAINAT,2021,3,2021-03,4,Suspected and confirmed
CHAINAT,2021,4,2021-04,0,Suspected and confirmed
CHAINAT,2021,5,2021-05,1,Suspected and confirmed
CHAINAT,2021,6,2021-06,9,Suspected and confirmed
CHAINAT,2021,7,2021-07,10,Suspected and confirmed
CHAINAT,2021,8,2021-08,9,Suspected and confirmed
CHAINAT,2021,9,2021-09,5,Suspected and confirmed
CHAINAT,2021,10,2021-10,8,Suspected and confirmed
CHAINAT,2021,11,2021-11,7,Suspected and confirmed
CHAINAT,2021,12,2021-12,10,Suspected and confirmed
CHAINAT,2022,1,2022-01,6,Suspected and confirmed
CHAINAT,2022,2,2022-02,1,Suspected and confirmed
CHAINAT,2022,3,2022-03,0,Suspected and confirmed
CHAINAT,2022,4,2022-04,4,Suspected and confirmed
CHAINAT,2022,5,2022-05,16,Suspected and confirmed
CHAINAT,2022,6,2022-06,18,Suspected and confirmed
CHAINAT,2022,7,2022-07,23,Suspected and confirmed
CHAINAT,2022,8,2022-08,15,Suspected and confirmed
CHAINAT,2022,9,2022-09,20,Suspected and confirmed
CHAINAT,2022,10,2022-10,5,Suspected and confirmed
CHAINAT,2022,11,2022-11,16,Suspected and confirmed
CHAINAT,2022,12,2022-12,6,Suspected and confirmed
CHAIYAPHUM,2015,1,2015-01,12,Suspected and confirmed
CHAIYAPHUM,2015,2,2015-02,15,Suspected and confirmed
CHAIYAPHUM,2015,3,2015-03,24,Suspected and confirmed
CHAIYAPHUM,2015,4,2015-04,43,Suspected and confirmed
CHAIYAPHUM,2015,5,2015-05,142,Suspected and confirmed
CHAIYAPHUM,2015,6,2015-06,193,Suspected and confirmed
CHAIYAPHUM,2015,7,2015-07,245,Suspected and confirmed
CHAIYAPHUM,2015,8,2015-08,407,Suspected and confirmed
CHAIYAPHUM,2015,9,2015-09,333,Suspected and confirmed
CHAIYAPHUM,2015,10,2015-10,182,Suspected and confirmed
CHAIYAPHUM,2015,11,2015-11,134,Suspected and confirmed
CHAIYAPHUM,2015,12,2015-12,43,Suspected and confirmed
CHAIYAPHUM,2016,1,2016-01,33,Suspected and confirmed
CHAIYAPHUM,2016,2,2016-02,29,Suspected and confirmed
CHAIYAPHUM,2016,3,2016-03,28,Suspected and confirmed
CHAIYAPHUM,2016,4,2016-04,15,Suspected and confirmed
CHAIYAPHUM,2016,5,2016-05,11,Suspected and confirmed
CHAIYAPHUM,2016,6,2016-06,33,Suspected and confirmed
CHAIYAPHUM,2016,7,2016-07,60,Suspected and confirmed
CHAIYAPHUM,2016,8,2016-08,84,Suspected and confirmed
CHAIYAPHUM,2016,9,2016-09,62,Suspected and confirmed
CHAIYAPHUM,2016,10,2016-10,34,Suspected and confirmed
CHAIYAPHUM,2016,11,2016-11,11,Suspected and confirmed
CHAIYAPHUM,2016,12,2016-12,0,Suspected and confirmed
CHAIYAPHUM,2017,1,2017-01,13,Suspected and confirmed
CHAIYAPHUM,2017,2,2017-02,3,Suspected and confirmed
CHAIYAPHUM,2017,3,2017-03,7,Suspected and confirmed
CHAIYAPHUM,2017,4,2017-04,5,Suspected and confirmed
CHAIYAPHUM,2017,5,2017-05,13,Suspected and confirmed
CHAIYAPHUM,2017,6,2017-06,80,Suspected and confirmed
CHAIYAPHUM,2017,7,2017-07,53,Suspected and confirmed
CHAIYAPHUM,2017,8,2017-08,44,Suspected and confirmed
CHAIYAPHUM,2017,9,2017-09,24,Suspected and confirmed
CHAIYAPHUM,2017,10,2017-10,11,Suspected and confirmed
CHAIYAPHUM,2017,11,2017-11,10,Suspected and confirmed
CHAIYAPHUM,2017,12,2017-12,0,Suspected and confirmed
CHAIYAPHUM,2018,1,2018-01,6,Suspected and confirmed
CHAIYAPHUM,2018,2,2018-02,1,Suspected and confirmed
CHAIYAPHUM,2018,3,2018-03,10,Suspected and confirmed
CHAIYAPHUM,2018,4,2018-04,16,Suspected and confirmed
CHAIYAPHUM,2018,5,2018-05,67,Suspected and confirmed
CHAIYAPHUM,2018,6,2018-06,150,Suspected and confirmed
CHAIYAPHUM,2018,7,2018-07,140,Suspected and confirmed
CHAIYAPHUM,2018,8,2018-08,96,Suspected and confirmed
CHAIYAPHUM,2018,9,2018-09,72,Suspected and confirmed
CHAIYAPHUM,2018,10,2018-10,68,Suspected and confirmed
CHAIYAPHUM,2018,11,2018-11,45,Suspected and confirmed
CHAIYAPHUM,2018,12,2018-12,35,Suspected and confirmed
CHAIYAPHUM,2019,1,2019-01,61,Suspected and confirmed
CHAIYAPHUM,2019,2,2019-02,42,Suspected and confirmed
CHAIYAPHUM,2019,3,2019-03,90,Suspected and confirmed
CHAIYAPHUM,2019,4,2019-04,137,Suspected and confirmed
CHAIYAPHUM,2019,5,2019-05,159,Suspected and confirmed
CHAIYAPHUM,2019,6,2019-06,389,Suspected and confirmed
CHAIYAPHUM,2019,7,2019-07,416,Suspected and confirmed
CHAIYAPHUM,2019,8,2019-08,265,Suspected and confirmed
CHAIYAPHUM,2019,9,2019-09,179,Suspected and confirmed
CHAIYAPHUM,2019,10,2019-10,186,Suspected and confirmed
CHAIYAPHUM,2019,11,2019-11,147,Suspected and confirmed
CHAIYAPHUM,2019,12,2019-12,54,Suspected and confirmed
CHAIYAPHUM,2020,1,2020-01,51,Suspected and confirmed
CHAIYAPHUM,2020,2,2020-02,63,Suspected and confirmed
CHAIYAPHUM,2020,3,2020-03,59,Suspected and confirmed
CHAIYAPHUM,2020,4,2020-04,185,Suspected and confirmed
CHAIYAPHUM,2020,5,2020-05,345,Suspected and confirmed
CHAIYAPHUM,2020,6,2020-06,509,Suspected and confirmed
CHAIYAPHUM,2020,7,2020-07,513,Suspected and confirmed
CHAIYAPHUM,2020,8,2020-08,135,Suspected and confirmed
CHAIYAPHUM,2020,9,2020-09,49,Suspected and confirmed
CHAIYAPHUM,2020,10,2020-10,5,Suspected and confirmed
CHAIYAPHUM,2020,11,2020-11,4,Suspected and confirmed
CHAIYAPHUM,2020,12,2020-12,0,Suspected and confirmed
CHAIYAPHUM,2021,1,2021-01,0,Suspected and confirmed
CHAIYAPHUM,2021,2,2021-02,1,Suspected and confirmed
CHAIYAPHUM,2021,3,2021-03,0,Suspected and confirmed
CHAIYAPHUM,2021,4,2021-04,2,Suspected and confirmed
CHAIYAPHUM,2021,5,2021-05,11,Suspected and confirmed
CHAIYAPHUM,2021,6,2021-06,5,Suspected and confirmed
CHAIYAPHUM,2021,7,2021-07,1,Suspected and confirmed
CHAIYAPHUM,2021,8,2021-08,1,Suspected and confirmed
CHAIYAPHUM,2021,9,2021-09,4,Suspected and confirmed
CHAIYAPHUM,2021,10,2021-10,0,Suspected and confirmed
CHAIYAPHUM,2021,11,2021-11,0,Suspected and confirmed
CHAIYAPHUM,2021,12,2021-12,0,Suspected and confirmed
CHAIYAPHUM,2022,1,2022-01,1,Suspected and confirmed
CHAIYAPHUM,2022,2,2022-02,2,Suspected and confirmed
CHAIYAPHUM,2022,3,2022-03,2,Suspected and confirmed
CHAIYAPHUM,2022,4,2022-04,3,Suspected and confirmed
CHAIYAPHUM,2022,5,2022-05,13,Suspected and confirmed
CHAIYAPHUM,2022,6,2022-06,30,Suspected and confirmed
CHAIYAPHUM,2022,7,2022-07,39,Suspected and confirmed
CHAIYAPHUM,2022,8,2022-08,47,Suspected and confirmed
CHAIYAPHUM,2022,9,2022-09,49,Suspected and confirmed
CHAIYAPHUM,2022,10,2022-10,27,Suspected and confirmed
CHAIYAPHUM,2022,11,2022-11,21,Suspected and confirmed
CHAIYAPHUM,2022,12,2022-12,11,Suspected and confirmed
CHANTHABURI,2015,1,2015-01,26,Suspected and confirmed
CHANTHABURI,2015,2,2015-02,28,Suspected and confirmed
CHANTHABURI,2015,3,2015-03,43,Suspected and confirmed
CHANTHABURI,2015,4,2015-04,48,Suspected and confirmed
CHANTHABURI,2015,5,2015-05,122,Suspected and confirmed
CHANTHABURI,2015,6,2015-06,178,Suspected and confirmed
CHANTHABURI,2015,7,2015-07,283,Suspected and confirmed
CHANTHABURI,2015,8,2015-08,271,Suspected and confirmed
CHANTHABURI,2015,9,2015-09,207,Suspected and confirmed
CHANTHABURI,2015,10,2015-10,165,Suspected and confirmed
CHANTHABURI,2015,11,2015-11,182,Suspected and confirmed
CHANTHABURI,2015,12,2015-12,57,Suspected and confirmed
CHANTHABURI,2016,1,2016-01,43,Suspected and confirmed
CHANTHABURI,2016,2,2016-02,31,Suspected and confirmed
CHANTHABURI,2016,3,2016-03,37,Suspected and confirmed
CHANTHABURI,2016,4,2016-04,16,Suspected and confirmed
CHANTHABURI,2016,5,2016-05,38,Suspected and confirmed
CHANTHABURI,2016,6,2016-06,62,Suspected and confirmed
CHANTHABURI,2016,7,2016-07,108,Suspected and confirmed
CHANTHABURI,2016,8,2016-08,72,Suspected and confirmed
CHANTHABURI,2016,9,2016-09,41,Suspected and confirmed
CHANTHABURI,2016,10,2016-10,45,Suspected and confirmed
CHANTHABURI,2016,11,2016-11,40,Suspected and confirmed
CHANTHABURI,2016,12,2016-12,9,Suspected and confirmed
CHANTHABURI,2017,1,2017-01,5,Suspected and confirmed
CHANTHABURI,2017,2,2017-02,13,Suspected and confirmed
CHANTHABURI,2017,3,2017-03,8,Suspected and confirmed
CHANTHABURI,2017,4,2017-04,18,Suspected and confirmed
CHANTHABURI,2017,5,2017-05,28,Suspected and confirmed
CHANTHABURI,2017,6,2017-06,41,Suspected and confirmed
CHANTHABURI,2017,7,2017-07,48,Suspected and confirmed
CHANTHABURI,2017,8,2017-08,47,Suspected and confirmed
CHANTHABURI,2017,9,2017-09,29,Suspected and confirmed
CHANTHABURI,2017,10,2017-10,17,Suspected and confirmed
CHANTHABURI,2017,11,2017-11,8,Suspected and confirmed
CHANTHABURI,2017,12,2017-12,4,Suspected and confirmed
CHANTHABURI,2018,1,2018-01,5,Suspected and confirmed
CHANTHABURI,2018,2,2018-02,5,Suspected and confirmed
CHANTHABURI,2018,3,2018-03,6,Suspected and confirmed
CHANTHABURI,2018,4,2018-04,15,Suspected and confirmed
CHANTHABURI,2018,5,2018-05,16,Suspected and confirmed
CHANTHABURI,2018,6,2018-06,49,Suspected and confirmed
CHANTHABURI,2018,7,2018-07,50,Suspected and confirmed
CHANTHABURI,2018,8,2018-08,37,Suspected and confirmed
CHANTHABURI,2018,9,2018-09,27,Suspected and confirmed
CHANTHABURI,2018,10,2018-10,22,Suspected and confirmed
CHANTHABURI,2018,11,2018-11,39,Suspected and confirmed
CHANTHABURI,2018,12,2018-12,28,Suspected and confirmed
CHANTHABURI,2019,1,2019-01,24,Suspected and confirmed
CHANTHABURI,2019,2,2019-02,32,Suspected and confirmed
CHANTHABURI,2019,3,2019-03,35,Suspected and confirmed
CHANTHABURI,2019,4,2019-04,82,Suspected and confirmed
CHANTHABURI,2019,5,2019-05,160,Suspected and confirmed
CHANTHABURI,2019,6,2019-06,336,Suspected and confirmed
CHANTHABURI,2019,7,2019-07,330,Suspected and confirmed
CHANTHABURI,2019,8,2019-08,241,Suspected and confirmed
CHANTHABURI,2019,9,2019-09,113,Suspected and confirmed
CHANTHABURI,2019,10,2019-10,78,Suspected and confirmed
CHANTHABURI,2019,11,2019-11,47,Suspected and confirmed
CHANTHABURI,2019,12,2019-12,30,Suspected and confirmed
CHANTHABURI,2020,1,2020-01,26,Suspected and confirmed
CHANTHABURI,2020,2,2020-02,19,Suspected and confirmed
CHANTHABURI,2020,3,2020-03,26,Suspected and confirmed
CHANTHABURI,2020,4,2020-04,51,Suspected and confirmed
CHANTHABURI,2020,5,2020-05,98,Suspected and confirmed
CHANTHABURI,2020,6,2020-06,182,Suspected and confirmed
CHANTHABURI,2020,7,2020-07,119,Suspected and confirmed
CHANTHABURI,2020,8,2020-08,63,Suspected and confirmed
CHANTHABURI,2020,9,2020-09,26,Suspected and confirmed
CHANTHABURI,2020,10,2020-10,20,Suspected and confirmed
CHANTHABURI,2020,11,2020-11,8,Suspected and confirmed
CHANTHABURI,2020,12,2020-12,8,Suspected and confirmed
CHANTHABURI,2021,1,2021-01,2,Suspected and confirmed
CHANTHABURI,2021,2,2021-02,0,Suspected and confirmed
CHANTHABURI,2021,3,2021-03,0,Suspected and confirmed
CHANTHABURI,2021,4,2021-04,0,Suspected and confirmed
CHANTHABURI,2021,5,2021-05,2,Suspected and confirmed
CHANTHABURI,2021,6,2021-06,4,Suspected and confirmed
CHANTHABURI,2021,7,2021-07,4,Suspected and confirmed
CHANTHABURI,2021,8,2021-08,1,Suspected and confirmed
CHANTHABURI,2021,9,2021-09,3,Suspected and confirmed
CHANTHABURI,2021,10,2021-10,3,Suspected and confirmed
CHANTHABURI,2021,11,2021-11,1,Suspected and confirmed
CHANTHABURI,2021,12,2021-12,1,Suspected and confirmed
CHANTHABURI,2022,1,2022-01,1,Suspected and confirmed
CHANTHABURI,2022,2,2022-02,0,Suspected and confirmed
CHANTHABURI,2022,3,2022-03,2,Suspected and confirmed
CHANTHABURI,2022,4,2022-04,12,Suspected and confirmed
CHANTHABURI,2022,5,2022-05,18,Suspected and confirmed
CHANTHABURI,2022,6,2022-06,18,Suspected and confirmed
CHANTHABURI,2022,7,2022-07,25,Suspected and confirmed
CHANTHABURI,2022,8,2022-08,35,Suspected and confirmed
CHANTHABURI,2022,9,2022-09,26,Suspected and confirmed
CHANTHABURI,2022,10,2022-10,17,Suspected and confirmed
CHANTHABURI,2022,11,2022-11,32,Suspected and confirmed
CHANTHABURI,2022,12,2022-12,23,Suspected and confirmed
CHIANG MAI,2015,1,2015-01,15,Suspected and confirmed
CHIANG MAI,2015,2,2015-02,11,Suspected and confirmed
CHIANG MAI,2015,3,2015-03,7,Suspected and confirmed
CHIANG MAI,2015,4,2015-04,20,Suspected and confirmed
CHIANG MAI,2015,5,2015-05,140,Suspected and confirmed
CHIANG MAI,2015,6,2015-06,340,Suspected and confirmed
CHIANG MAI,2015,7,2015-07,530,Suspected and confirmed
CHIANG MAI,2015,8,2015-08,715,Suspected and confirmed
CHIANG MAI,2015,9,2015-09,925,Suspected and confirmed
CHIANG MAI,2015,10,2015-10,806,Suspected and confirmed
CHIANG MAI,2015,11,2015-11,797,Suspected and confirmed
CHIANG MAI,2015,12,2015-12,316,Suspected and confirmed
CHIANG MAI,2016,1,2016-01,73,Suspected and confirmed
CHIANG MAI,2016,2,2016-02,24,Suspected and confirmed
CHIANG MAI,2016,3,2016-03,41,Suspected and confirmed
CHIANG MAI,2016,4,2016-04,57,Suspected and confirmed
CHIANG MAI,2016,5,2016-05,96,Suspected and confirmed
CHIANG MAI,2016,6,2016-06,260,Suspected and confirmed
CHIANG MAI,2016,7,2016-07,903,Suspected and confirmed
CHIANG MAI,2016,8,2016-08,1339,Suspected and confirmed
CHIANG MAI,2016,9,2016-09,700,Suspected and confirmed
CHIANG MAI,2016,10,2016-10,216,Suspected and confirmed
CHIANG MAI,2016,11,2016-11,182,Suspected and confirmed
CHIANG MAI,2016,12,2016-12,61,Suspected and confirmed
CHIANG MAI,2017,1,2017-01,33,Suspected and confirmed
CHIANG MAI,2017,2,2017-02,23,Suspected and confirmed
CHIANG MAI,2017,3,2017-03,27,Suspected and confirmed
CHIANG MAI,2017,4,2017-04,37,Suspected and confirmed
CHIANG MAI,2017,5,2017-05,114,Suspected and confirmed
CHIANG MAI,2017,6,2017-06,232,Suspected and confirmed
CHIANG MAI,2017,7,2017-07,413,Suspected and confirmed
CHIANG MAI,2017,8,2017-08,256,Suspected and confirmed
CHIANG MAI,2017,9,2017-09,131,Suspected and confirmed
CHIANG MAI,2017,10,2017-10,117,Suspected and confirmed
CHIANG MAI,2017,11,2017-11,74,Suspected and confirmed
CHIANG MAI,2017,12,2017-12,53,Suspected and confirmed
CHIANG MAI,2018,1,2018-01,18,Suspected and confirmed
CHIANG MAI,2018,2,2018-02,13,Suspected and confirmed
CHIANG MAI,2018,3,2018-03,11,Suspected and confirmed
CHIANG MAI,2018,4,2018-04,17,Suspected and confirmed
CHIANG MAI,2018,5,2018-05,33,Suspected and confirmed
CHIANG MAI,2018,6,2018-06,103,Suspected and confirmed
CHIANG MAI,2018,7,2018-07,235,Suspected and confirmed
CHIANG MAI,2018,8,2018-08,251,Suspected and confirmed
CHIANG MAI,2018,9,2018-09,174,Suspected and confirmed
CHIANG MAI,2018,10,2018-10,115,Suspected and confirmed
CHIANG MAI,2018,11,2018-11,72,Suspected and confirmed
CHIANG MAI,2018,12,2018-12,55,Suspected and confirmed
CHIANG MAI,2019,1,2019-01,25,Suspected and confirmed
CHIANG MAI,2019,2,2019-02,21,Suspected and confirmed
CHIANG MAI,2019,3,2019-03,34,Suspected and confirmed
CHIANG MAI,2019,4,2019-04,32,Suspected and confirmed
CHIANG MAI,2019,5,2019-05,77,Suspected and confirmed
CHIANG MAI,2019,6,2019-06,209,Suspected and confirmed
CHIANG MAI,2019,7,2019-07,520,Suspected and confirmed
CHIANG MAI,2019,8,2019-08,528,Suspected and confirmed
CHIANG MAI,2019,9,2019-09,530,Suspected and confirmed
CHIANG MAI,2019,10,2019-10,492,Suspected and confirmed
CHIANG MAI,2019,11,2019-11,365,Suspected and confirmed
CHIANG MAI,2019,12,2019-12,129,Suspected and confirmed
CHIANG MAI,2020,1,2020-01,59,Suspected and confirmed
CHIANG MAI,2020,2,2020-02,14,Suspected and confirmed
CHIANG MAI,2020,3,2020-03,13,Suspected and confirmed
CHIANG MAI,2020,4,2020-04,15,Suspected and confirmed
CHIANG MAI,2020,5,2020-05,79,Suspected and confirmed
CHIANG MAI,2020,6,2020-06,181,Suspected and confirmed
CHIANG MAI,2020,7,2020-07,716,Suspected and confirmed
CHIANG MAI,2020,8,2020-08,838,Suspected and confirmed
CHIANG MAI,2020,9,2020-09,440,Suspected and confirmed
CHIANG MAI,2020,10,2020-10,214,Suspected and confirmed
CHIANG MAI,2020,11,2020-11,118,Suspected and confirmed
CHIANG MAI,2020,12,2020-12,50,Suspected and confirmed
CHIANG MAI,2021,1,2021-01,18,Suspected and confirmed
CHIANG MAI,2021,2,2021-02,11,Suspected and confirmed
CHIANG MAI,2021,3,2021-03,10,Suspected and confirmed
CHIANG MAI,2021,4,2021-04,4,Suspected and confirmed
CHIANG MAI,2021,5,2021-05,12,Suspected and confirmed
CHIANG MAI,2021,6,2021-06,37,Suspected and confirmed
CHIANG MAI,2021,7,2021-07,59,Suspected and confirmed
CHIANG MAI,2021,8,2021-08,45,Suspected and confirmed
CHIANG MAI,2021,9,2021-09,19,Suspected and confirmed
CHIANG MAI,2021,10,2021-10,9,Suspected and confirmed
CHIANG MAI,2021,11,2021-11,9,Suspected and confirmed
CHIANG MAI,2021,12,2021-12,4,Suspected and confirmed
CHIANG MAI,2022,1,2022-01,1,Suspected and confirmed
CHIANG MAI,2022,2,2022-02,5,Suspected and confirmed
CHIANG MAI,2022,3,2022-03,11,Suspected and confirmed
CHIANG MAI,2022,4,2022-04,7,Suspected and confirmed
CHIANG MAI,2022,5,2022-05,75,Suspected and confirmed
CHIANG MAI,2022,6,2022-06,318,Suspected and confirmed
CHIANG MAI,2022,7,2022-07,336,Suspected and confirmed
CHIANG MAI,2022,8,2022-08,286,Suspected and confirmed
CHIANG MAI,2022,9,2022-09,216,Suspected and confirmed
CHIANG MAI,2022,10,2022-10,164,Suspected and confirmed
CHIANG MAI,2022,11,2022-11,108,Suspected and confirmed
CHIANG MAI,2022,12,2022-12,59,Suspected and confirmed
CHIANG RAI,2015,1,2015-01,5,Suspected and confirmed
CHIANG RAI,2015,2,2015-02,1,Suspected and confirmed
CHIANG RAI,2015,3,2015-03,1,Suspected and confirmed
CHIANG RAI,2015,4,2015-04,6,Suspected and confirmed
CHIANG RAI,2015,5,2015-05,111,Suspected and confirmed
CHIANG RAI,2015,6,2015-06,241,Suspected and confirmed
CHIANG RAI,2015,7,2015-07,215,Suspected and confirmed
CHIANG RAI,2015,8,2015-08,290,Suspected and confirmed
CHIANG RAI,2015,9,2015-09,232,Suspected and confirmed
CHIANG RAI,2015,10,2015-10,104,Suspected and confirmed
CHIANG RAI,2015,11,2015-11,183,Suspected and confirmed
CHIANG RAI,2015,12,2015-12,72,Suspected and confirmed
CHIANG RAI,2016,1,2016-01,31,Suspected and confirmed
CHIANG RAI,2016,2,2016-02,19,Suspected and confirmed
CHIANG RAI,2016,3,2016-03,17,Suspected and confirmed
CHIANG RAI,2016,4,2016-04,26,Suspected and confirmed
CHIANG RAI,2016,5,2016-05,42,Suspected and confirmed
CHIANG RAI,2016,6,2016-06,108,Suspected and confirmed
CHIANG RAI,2016,7,2016-07,292,Suspected and confirmed
CHIANG RAI,2016,8,2016-08,292,Suspected and confirmed
CHIANG RAI,2016,9,2016-09,154,Suspected and confirmed
CHIANG RAI,2016,10,2016-10,61,Suspected and confirmed
CHIANG RAI,2016,11,2016-11,38,Suspected and confirmed
CHIANG RAI,2016,12,2016-12,19,Suspected and confirmed
CHIANG RAI,2017,1,2017-01,14,Suspected and confirmed
CHIANG RAI,2017,2,2017-02,13,Suspected and confirmed
CHIANG RAI,2017,3,2017-03,5,Suspected and confirmed
CHIANG RAI,2017,4,2017-04,17,Suspected and confirmed
CHIANG RAI,2017,5,2017-05,50,Suspected and confirmed
CHIANG RAI,2017,6,2017-06,271,Suspected and confirmed
CHIANG RAI,2017,7,2017-07,328,Suspected and confirmed
CHIANG RAI,2017,8,2017-08,316,Suspected and confirmed
CHIANG RAI,2017,9,2017-09,238,Suspected and confirmed
CHIANG RAI,2017,10,2017-10,158,Suspected and confirmed
CHIANG RAI,2017,11,2017-11,137,Suspected and confirmed
CHIANG RAI,2017,12,2017-12,57,Suspected and confirmed
CHIANG RAI,2018,1,2018-01,30,Suspected and confirmed
CHIANG RAI,2018,2,2018-02,10,Suspected and confirmed
CHIANG RAI,2018,3,2018-03,16,Suspected and confirmed
CHIANG RAI,2018,4,2018-04,26,Suspected and confirmed
CHIANG RAI,2018,5,2018-05,141,Suspected and confirmed
CHIANG RAI,2018,6,2018-06,414,Suspected and confirmed
CHIANG RAI,2018,7,2018-07,619,Suspected and confirmed
CHIANG RAI,2018,8,2018-08,559,Suspected and confirmed
CHIANG RAI,2018,9,2018-09,336,Suspected and confirmed
CHIANG RAI,2018,10,2018-10,248,Suspected and confirmed
CHIANG RAI,2018,11,2018-11,129,Suspected and confirmed
CHIANG RAI,2018,12,2018-12,74,Suspected and confirmed
CHIANG RAI,2019,1,2019-01,30,Suspected and confirmed
CHIANG RAI,2019,2,2019-02,19,Suspected and confirmed
CHIANG RAI,2019,3,2019-03,43,Suspected and confirmed
CHIANG RAI,2019,4,2019-04,67,Suspected and confirmed
CHIANG RAI,2019,5,2019-05,113,Suspected and confirmed
CHIANG RAI,2019,6,2019-06,358,Suspected and confirmed
CHIANG RAI,2019,7,2019-07,1173,Suspected and confirmed
CHIANG RAI,2019,8,2019-08,1106,Suspected and confirmed
CHIANG RAI,2019,9,2019-09,909,Suspected and confirmed
CHIANG RAI,2019,10,2019-10,453,Suspected and confirmed
CHIANG RAI,2019,11,2019-11,341,Suspected and confirmed
CHIANG RAI,2019,12,2019-12,50,Suspected and confirmed
CHIANG RAI,2020,1,2020-01,36,Suspected and confirmed
CHIANG RAI,2020,2,2020-02,22,Suspected and confirmed
CHIANG RAI,2020,3,2020-03,23,Suspected and confirmed
CHIANG RAI,2020,4,2020-04,24,Suspected and confirmed
CHIANG RAI,2020,5,2020-05,167,Suspected and confirmed
CHIANG RAI,2020,6,2020-06,296,Suspected and confirmed
CHIANG RAI,2020,7,2020-07,436,Suspected and confirmed
CHIANG RAI,2020,8,2020-08,258,Suspected and confirmed
CHIANG RAI,2020,9,2020-09,117,Suspected and confirmed
CHIANG RAI,2020,10,2020-10,63,Suspected and confirmed
CHIANG RAI,2020,11,2020-11,25,Suspected and confirmed
CHIANG RAI,2020,12,2020-12,8,Suspected and confirmed
CHIANG RAI,2021,1,2021-01,6,Suspected and confirmed
CHIANG RAI,2021,2,2021-02,0,Suspected and confirmed
CHIANG RAI,2021,3,2021-03,3,Suspected and confirmed
CHIANG RAI,2021,4,2021-04,10,Suspected and confirmed
CHIANG RAI,2021,5,2021-05,76,Suspected and confirmed
CHIANG RAI,2021,6,2021-06,66,Suspected and confirmed
CHIANG RAI,2021,7,2021-07,52,Suspected and confirmed
CHIANG RAI,2021,8,2021-08,21,Suspected and confirmed
CHIANG RAI,2021,9,2021-09,23,Suspected and confirmed
CHIANG RAI,2021,10,2021-10,19,Suspected and confirmed
CHIANG RAI,2021,11,2021-11,7,Suspected and confirmed
CHIANG RAI,2021,12,2021-12,3,Suspected and confirmed
CHIANG RAI,2022,1,2022-01,2,Suspected and confirmed
CHIANG RAI,2022,2,2022-02,1,Suspected and confirmed
CHIANG RAI,2022,3,2022-03,5,Suspected and confirmed
CHIANG RAI,2022,4,2022-04,8,Suspected and confirmed
CHIANG RAI,2022,5,2022-05,20,Suspected and confirmed
CHIANG RAI,2022,6,2022-06,47,Suspected and confirmed
CHIANG RAI,2022,7,2022-07,59,Suspected and confirmed
CHIANG RAI,2022,8,2022-08,77,Suspected and confirmed
CHIANG RAI,2022,9,2022-09,32,Suspected and confirmed
CHIANG RAI,2022,10,2022-10,50,Suspected and confirmed
CHIANG RAI,2022,11,2022-11,31,Suspected and confirmed
CHIANG RAI,2022,12,2022-12,19,Suspected and confirmed
CHONBURI,2015,1,2015-01,64,Suspected and confirmed
CHONBURI,2015,2,2015-02,38,Suspected and confirmed
CHONBURI,2015,3,2015-03,44,Suspected and confirmed
CHONBURI,2015,4,2015-04,45,Suspected and confirmed
CHONBURI,2015,5,2015-05,143,Suspected and confirmed
CHONBURI,2015,6,2015-06,191,Suspected and confirmed
CHONBURI,2015,7,2015-07,279,Suspected and confirmed
CHONBURI,2015,8,2015-08,286,Suspected and confirmed
CHONBURI,2015,9,2015-09,176,Suspected and confirmed
CHONBURI,2015,10,2015-10,237,Suspected and confirmed
CHONBURI,2015,11,2015-11,316,Suspected and confirmed
CHONBURI,2015,12,2015-12,186,Suspected and confirmed
CHONBURI,2016,1,2016-01,137,Suspected and confirmed
CHONBURI,2016,2,2016-02,70,Suspected and confirmed
CHONBURI,2016,3,2016-03,58,Suspected and confirmed
CHONBURI,2016,4,2016-04,31,Suspected and confirmed
CHONBURI,2016,5,2016-05,20,Suspected and confirmed
CHONBURI,2016,6,2016-06,8,Suspected and confirmed
CHONBURI,2016,7,2016-07,14,Suspected and confirmed
CHONBURI,2016,8,2016-08,36,Suspected and confirmed
CHONBURI,2016,9,2016-09,47,Suspected and confirmed
CHONBURI,2016,10,2016-10,34,Suspected and confirmed
CHONBURI,2016,11,2016-11,19,Suspected and confirmed
CHONBURI,2016,12,2016-12,10,Suspected and confirmed
CHONBURI,2017,1,2017-01,27,Suspected and confirmed
CHONBURI,2017,2,2017-02,20,Suspected and confirmed
CHONBURI,2017,3,2017-03,22,Suspected and confirmed
CHONBURI,2017,4,2017-04,26,Suspected and confirmed
CHONBURI,2017,5,2017-05,39,Suspected and confirmed
CHONBURI,2017,6,2017-06,76,Suspected and confirmed
CHONBURI,2017,7,2017-07,96,Suspected and confirmed
CHONBURI,2017,8,2017-08,36,Suspected and confirmed
CHONBURI,2017,9,2017-09,33,Suspected and confirmed
CHONBURI,2017,10,2017-10,44,Suspected and confirmed
CHONBURI,2017,11,2017-11,48,Suspected and confirmed
CHONBURI,2017,12,2017-12,42,Suspected and confirmed
CHONBURI,2018,1,2018-01,43,Suspected and confirmed
CHONBURI,2018,2,2018-02,43,Suspected and confirmed
CHONBURI,2018,3,2018-03,58,Suspected and confirmed
CHONBURI,2018,4,2018-04,96,Suspected and confirmed
CHONBURI,2018,5,2018-05,188,Suspected and confirmed
CHONBURI,2018,6,2018-06,287,Suspected and confirmed
CHONBURI,2018,7,2018-07,311,Suspected and confirmed
CHONBURI,2018,8,2018-08,210,Suspected and confirmed
CHONBURI,2018,9,2018-09,157,Suspected and confirmed
CHONBURI,2018,10,2018-10,78,Suspected and confirmed
CHONBURI,2018,11,2018-11,191,Suspected and confirmed
CHONBURI,2018,12,2018-12,152,Suspected and confirmed
CHONBURI,2019,1,2019-01,155,Suspected and confirmed
CHONBURI,2019,2,2019-02,139,Suspected and confirmed
CHONBURI,2019,3,2019-03,116,Suspected and confirmed
CHONBURI,2019,4,2019-04,151,Suspected and confirmed
CHONBURI,2019,5,2019-05,151,Suspected and confirmed
CHONBURI,2019,6,2019-06,234,Suspected and confirmed
CHONBURI,2019,7,2019-07,420,Suspected and confirmed
CHONBURI,2019,8,2019-08,304,Suspected and confirmed
CHONBURI,2019,9,2019-09,207,Suspected and confirmed
CHONBURI,2019,10,2019-10,237,Suspected and confirmed
CHONBURI,2019,11,2019-11,254,Suspected and confirmed
CHONBURI,2019,12,2019-12,155,Suspected and confirmed
CHONBURI,2020,1,2020-01,79,Suspected and confirmed
CHONBURI,2020,2,2020-02,63,Suspected and confirmed
CHONBURI,2020,3,2020-03,44,Suspected and confirmed
CHONBURI,2020,4,2020-04,48,Suspected and confirmed
CHONBURI,2020,5,2020-05,87,Suspected and confirmed
CHONBURI,2020,6,2020-06,148,Suspected and confirmed
CHONBURI,2020,7,2020-07,287,Suspected and confirmed
CHONBURI,2020,8,2020-08,333,Suspected and confirmed
CHONBURI,2020,9,2020-09,255,Suspected and confirmed
CHONBURI,2020,10,2020-10,154,Suspected and confirmed
CHONBURI,2020,11,2020-11,143,Suspected and confirmed
CHONBURI,2020,12,2020-12,54,Suspected and confirmed
CHONBURI,2021,1,2021-01,52,Suspected and confirmed
CHONBURI,2021,2,2021-02,28,Suspected and confirmed
CHONBURI,2021,3,2021-03,27,Suspected and confirmed
CHONBURI,2021,4,2021-04,25,Suspected and confirmed
CHONBURI,2021,5,2021-05,29,Suspected and confirmed
CHONBURI,2021,6,2021-06,46,Suspected and confirmed
CHONBURI,2021,7,2021-07,8,Suspected and confirmed
CHONBURI,2021,8,2021-08,16,Suspected and confirmed
CHONBURI,2021,9,2021-09,10,Suspected and confirmed
CHONBURI,2021,10,2021-10,16,Suspected and confirmed
CHONBURI,2021,11,2021-11,45,Suspected and confirmed
CHONBURI,2021,12,2021-12,31,Suspected and confirmed
CHONBURI,2022,1,2022-01,22,Suspected and confirmed
CHONBURI,2022,2,2022-02,18,Suspected and confirmed
CHONBURI,2022,3,2022-03,30,Suspected and confirmed
CHONBURI,2022,4,2022-04,44,Suspected and confirmed
CHONBURI,2022,5,2022-05,63,Suspected and confirmed
CHONBURI,2022,6,2022-06,153,Suspected and confirmed
CHONBURI,2022,7,2022-07,194,Suspected and confirmed
CHONBURI,2022,8,2022-08,210,Suspected and confirmed
CHONBURI,2022,9,2022-09,289,Suspected and confirmed
CHONBURI,2022,10,2022-10,301,Suspected and confirmed
CHONBURI,2022,11,2022-11,266,Suspected and confirmed
CHONBURI,2022,12,2022-12,231,Suspected and confirmed
CHUMPHON,2015,1,2015-01,26,Suspected and confirmed
CHUMPHON,2015,2,2015-02,27,Suspected and confirmed
CHUMPHON,2015,3,2015-03,22,Suspected and confirmed
CHUMPHON,2015,4,2015-04,27,Suspected and confirmed
CHUMPHON,2015,5,2015-05,43,Suspected and confirmed
CHUMPHON,2015,6,2015-06,66,Suspected and confirmed
CHUMPHON,2015,7,2015-07,61,Suspected and confirmed
CHUMPHON,2015,8,2015-08,64,Suspected and confirmed
CHUMPHON,2015,9,2015-09,53,Suspected and confirmed
CHUMPHON,2015,10,2015-10,45,Suspected and confirmed
CHUMPHON,2015,11,2015-11,44,Suspected and confirmed
CHUMPHON,2015,12,2015-12,18,Suspected and confirmed
CHUMPHON,2016,1,2016-01,25,Suspected and confirmed
CHUMPHON,2016,2,2016-02,19,Suspected and confirmed
CHUMPHON,2016,3,2016-03,5,Suspected and confirmed
CHUMPHON,2016,4,2016-04,6,Suspected and confirmed
CHUMPHON,2016,5,2016-05,7,Suspected and confirmed
CHUMPHON,2016,6,2016-06,18,Suspected and confirmed
CHUMPHON,2016,7,2016-07,28,Suspected and confirmed
CHUMPHON,2016,8,2016-08,42,Suspected and confirmed
CHUMPHON,2016,9,2016-09,34,Suspected and confirmed
CHUMPHON,2016,10,2016-10,30,Suspected and confirmed
CHUMPHON,2016,11,2016-11,14,Suspected and confirmed
CHUMPHON,2016,12,2016-12,5,Suspected and confirmed
CHUMPHON,2017,1,2017-01,11,Suspected and confirmed
CHUMPHON,2017,2,2017-02,13,Suspected and confirmed
CHUMPHON,2017,3,2017-03,19,Suspected and confirmed
CHUMPHON,2017,4,2017-04,19,Suspected and confirmed
CHUMPHON,2017,5,2017-05,43,Suspected and confirmed
CHUMPHON,2017,6,2017-06,29,Suspected and confirmed
CHUMPHON,2017,7,2017-07,29,Suspected and confirmed
CHUMPHON,2017,8,2017-08,25,Suspected and confirmed
CHUMPHON,2017,9,2017-09,28,Suspected and confirmed
CHUMPHON,2017,10,2017-10,30,Suspected and confirmed
CHUMPHON,2017,11,2017-11,40,Suspected and confirmed
CHUMPHON,2017,12,2017-12,13,Suspected and confirmed
CHUMPHON,2018,1,2018-01,15,Suspected and confirmed
CHUMPHON,2018,2,2018-02,19,Suspected and confirmed
CHUMPHON,2018,3,2018-03,9,Suspected and confirmed
CHUMPHON,2018,4,2018-04,11,Suspected and confirmed
CHUMPHON,2018,5,2018-05,21,Suspected and confirmed
CHUMPHON,2018,6,2018-06,17,Suspected and confirmed
CHUMPHON,2018,7,2018-07,57,Suspected and confirmed
CHUMPHON,2018,8,2018-08,29,Suspected and confirmed
CHUMPHON,2018,9,2018-09,19,Suspected and confirmed
CHUMPHON,2018,10,2018-10,13,Suspected and confirmed
CHUMPHON,2018,11,2018-11,24,Suspected and confirmed
CHUMPHON,2018,12,2018-12,11,Suspected and confirmed
CHUMPHON,2019,1,2019-01,30,Suspected and confirmed
CHUMPHON,2019,2,2019-02,36,Suspected and confirmed
CHUMPHON,2019,3,2019-03,33,Suspected and confirmed
CHUMPHON,2019,4,2019-04,47,Suspected and confirmed
CHUMPHON,2019,5,2019-05,64,Suspected and confirmed
CHUMPHON,2019,6,2019-06,66,Suspected and confirmed
CHUMPHON,2019,7,2019-07,76,Suspected and confirmed
CHUMPHON,2019,8,2019-08,53,Suspected and confirmed
CHUMPHON,2019,9,2019-09,44,Suspected and confirmed
CHUMPHON,2019,10,2019-10,33,Suspected and confirmed
CHUMPHON,2019,11,2019-11,8,Suspected and confirmed
CHUMPHON,2019,12,2019-12,12,Suspected and confirmed
CHUMPHON,2020,1,2020-01,5,Suspected and confirmed
CHUMPHON,2020,2,2020-02,9,Suspected and confirmed
CHUMPHON,2020,3,2020-03,13,Suspected and confirmed
CHUMPHON,2020,4,2020-04,13,Suspected and confirmed
CHUMPHON,2020,5,2020-05,16,Suspected and confirmed
CHUMPHON,2020,6,2020-06,25,Suspected and confirmed
CHUMPHON,2020,7,2020-07,36,Suspected and confirmed
CHUMPHON,2020,8,2020-08,21,Suspected and confirmed
CHUMPHON,2020,9,2020-09,31,Suspected and confirmed
CHUMPHON,2020,10,2020-10,43,Suspected and confirmed
CHUMPHON,2020,11,2020-11,32,Suspected and confirmed
CHUMPHON,2020,12,2020-12,14,Suspected and confirmed
CHUMPHON,2021,1,2021-01,7,Suspected and confirmed
CHUMPHON,2021,2,2021-02,17,Suspected and confirmed
CHUMPHON,2021,3,2021-03,7,Suspected and confirmed
CHUMPHON,2021,4,2021-04,5,Suspected and confirmed
CHUMPHON,2021,5,2021-05,17,Suspected and confirmed
CHUMPHON,2021,6,2021-06,22,Suspected and confirmed
CHUMPHON,2021,7,2021-07,27,Suspected and confirmed
CHUMPHON,2021,8,2021-08,31,Suspected and confirmed
CHUMPHON,2021,9,2021-09,11,Suspected and confirmed
CHUMPHON,2021,10,2021-10,15,Suspected and confirmed
CHUMPHON,2021,11,2021-11,9,Suspected and confirmed
CHUMPHON,2021,12,2021-12,7,Suspected and confirmed
CHUMPHON,2022,1,2022-01,11,Suspected and confirmed
CHUMPHON,2022,2,2022-02,9,Suspected and confirmed
CHUMPHON,2022,3,2022-03,6,Suspected and confirmed
CHUMPHON,2022,4,2022-04,4,Suspected and confirmed
CHUMPHON,2022,5,2022-05,23,Suspected and confirmed
CHUMPHON,2022,6,2022-06,12,Suspected and confirmed
CHUMPHON,2022,7,2022-07,8,Suspected and confirmed
CHUMPHON,2022,8,2022-08,19,Suspected and confirmed
CHUMPHON,2022,9,2022-09,19,Suspected and confirmed
CHUMPHON,2022,10,2022-10,19,Suspected and confirmed
CHUMPHON,2022,11,2022-11,22,Suspected and confirmed
CHUMPHON,2022,12,2022-12,25,Suspected and confirmed
KALASIN,2015,1,2015-01,3,Suspected and confirmed
KALASIN,2015,2,2015-02,0,Suspected and confirmed
KALASIN,2015,3,2015-03,9,Suspected and confirmed
KALASIN,2015,4,2015-04,19,Suspected and confirmed
KALASIN,2015,5,2015-05,44,Suspected and confirmed
KALASIN,2015,6,2015-06,109,Suspected and confirmed
KALASIN,2015,7,2015-07,126,Suspected and confirmed
KALASIN,2015,8,2015-08,207,Suspected and confirmed
KALASIN,2015,9,2015-09,196,Suspected and confirmed
KALASIN,2015,10,2015-10,105,Suspected and confirmed
KALASIN,2015,11,2015-11,158,Suspected and confirmed
KALASIN,2015,12,2015-12,84,Suspected and confirmed
KALASIN,2016,1,2016-01,42,Suspected and confirmed
KALASIN,2016,2,2016-02,25,Suspected and confirmed
KALASIN,2016,3,2016-03,39,Suspected and confirmed
KALASIN,2016,4,2016-04,22,Suspected and confirmed
KALASIN,2016,5,2016-05,18,Suspected and confirmed
KALASIN,2016,6,2016-06,55,Suspected and confirmed
KALASIN,2016,7,2016-07,95,Suspected and confirmed
KALASIN,2016,8,2016-08,129,Suspected and confirmed
KALASIN,2016,9,2016-09,77,Suspected and confirmed
KALASIN,2016,10,2016-10,49,Suspected and confirmed
KALASIN,2016,11,2016-11,6,Suspected and confirmed
KALASIN,2016,12,2016-12,8,Suspected and confirmed
KALASIN,2017,1,2017-01,15,Suspected and confirmed
KALASIN,2017,2,2017-02,5,Suspected and confirmed
KALASIN,2017,3,2017-03,6,Suspected and confirmed
KALASIN,2017,4,2017-04,5,Suspected and confirmed
KALASIN,2017,5,2017-05,25,Suspected and confirmed
KALASIN,2017,6,2017-06,125,Suspected and confirmed
KALASIN,2017,7,2017-07,112,Suspected and confirmed
KALASIN,2017,8,2017-08,87,Suspected and confirmed
KALASIN,2017,9,2017-09,31,Suspected and confirmed
KALASIN,2017,10,2017-10,27,Suspected and confirmed
KALASIN,2017,11,2017-11,5,Suspected and confirmed
KALASIN,2017,12,2017-12,1,Suspected and confirmed
KALASIN,2018,1,2018-01,1,Suspected and confirmed
KALASIN,2018,2,2018-02,1,Suspected and confirmed
KALASIN,2018,3,2018-03,3,Suspected and confirmed
KALASIN,2018,4,2018-04,3,Suspected and confirmed
KALASIN,2018,5,2018-05,36,Suspected and confirmed
KALASIN,2018,6,2018-06,100,Suspected and confirmed
KALASIN,2018,7,2018-07,132,Suspected and confirmed
KALASIN,2018,8,2018-08,89,Suspected and confirmed
KALASIN,2018,9,2018-09,52,Suspected and confirmed
KALASIN,2018,10,2018-10,33,Suspected and confirmed
KALASIN,2018,11,2018-11,14,Suspected and confirmed
KALASIN,2018,12,2018-12,21,Suspected and confirmed
KALASIN,2019,1,2019-01,13,Suspected and confirmed
KALASIN,2019,2,2019-02,17,Suspected and confirmed
KALASIN,2019,3,2019-03,32,Suspected and confirmed
KALASIN,2019,4,2019-04,43,Suspected and confirmed
KALASIN,2019,5,2019-05,50,Suspected and confirmed
KALASIN,2019,6,2019-06,172,Suspected and confirmed
KALASIN,2019,7,2019-07,203,Suspected and confirmed
KALASIN,2019,8,2019-08,183,Suspected and confirmed
KALASIN,2019,9,2019-09,98,Suspected and confirmed
KALASIN,2019,10,2019-10,69,Suspected and confirmed
KALASIN,2019,11,2019-11,56,Suspected and confirmed
KALASIN,2019,12,2019-12,21,Suspected and confirmed
KALASIN,2020,1,2020-01,24,Suspected and confirmed
KALASIN,2020,2,2020-02,18,Suspected and confirmed
KALASIN,2020,3,2020-03,29,Suspected and confirmed
KALASIN,2020,4,2020-04,80,Suspected and confirmed
KALASIN,2020,5,2020-05,64,Suspected and confirmed
KALASIN,2020,6,2020-06,81,Suspected and confirmed
KALASIN,2020,7,2020-07,155,Suspected and confirmed
KALASIN,2020,8,2020-08,85,Suspected and confirmed
KALASIN,2020,9,2020-09,46,Suspected and confirmed
KALASIN,2020,10,2020-10,20,Suspected and confirmed
KALASIN,2020,11,2020-11,9,Suspected and confirmed
KALASIN,2020,12,2020-12,3,Suspected and confirmed
KALASIN,2021,1,2021-01,2,Suspected and confirmed
KALASIN,2021,2,2021-02,2,Suspected and confirmed
KALASIN,2021,3,2021-03,3,Suspected and confirmed
KALASIN,2021,4,2021-04,3,Suspected and confirmed
KALASIN,2021,5,2021-05,8,Suspected and confirmed
KALASIN,2021,6,2021-06,30,Suspected and confirmed
KALASIN,2021,7,2021-07,10,Suspected and confirmed
KALASIN,2021,8,2021-08,25,Suspected and confirmed
KALASIN,2021,9,2021-09,20,Suspected and confirmed
KALASIN,2021,10,2021-10,10,Suspected and confirmed
KALASIN,2021,11,2021-11,4,Suspected and confirmed
KALASIN,2021,12,2021-12,2,Suspected and confirmed
KALASIN,2022,1,2022-01,3,Suspected and confirmed
KALASIN,2022,2,2022-02,4,Suspected and confirmed
KALASIN,2022,3,2022-03,2,Suspected and confirmed
KALASIN,2022,4,2022-04,0,Suspected and confirmed
KALASIN,2022,5,2022-05,7,Suspected and confirmed
KALASIN,2022,6,2022-06,66,Suspected and confirmed
KALASIN,2022,7,2022-07,65,Suspected and confirmed
KALASIN,2022,8,2022-08,51,Suspected and confirmed
KALASIN,2022,9,2022-09,15,Suspected and confirmed
KALASIN,2022,10,2022-10,14,Suspected and confirmed
KALASIN,2022,11,2022-11,17,Suspected and confirmed
KALASIN,2022,12,2022-12,8,Suspected and confirmed
KAMPAENG PHET,2015,1,2015-01,5,Suspected and confirmed
KAMPAENG PHET,2015,2,2015-02,13,Suspected and confirmed
KAMPAENG PHET,2015,3,2015-03,16,Suspected and confirmed
KAMPAENG PHET,2015,4,2015-04,12,Suspected and confirmed
KAMPAENG PHET,2015,5,2015-05,31,Suspected and confirmed
KAMPAENG PHET,2015,6,2015-06,48,Suspected and confirmed
KAMPAENG PHET,2015,7,2015-07,78,Suspected and confirmed
KAMPAENG PHET,2015,8,2015-08,62,Suspected and confirmed
KAMPAENG PHET,2015,9,2015-09,76,Suspected and confirmed
KAMPAENG PHET,2015,10,2015-10,91,Suspected and confirmed
KAMPAENG PHET,2015,11,2015-11,47,Suspected and confirmed
KAMPAENG PHET,2015,12,2015-12,48,Suspected and confirmed
KAMPAENG PHET,2016,1,2016-01,24,Suspected and confirmed
KAMPAENG PHET,2016,2,2016-02,4,Suspected and confirmed
KAMPAENG PHET,2016,3,2016-03,9,Suspected and confirmed
KAMPAENG PHET,2016,4,2016-04,15,Suspected and confirmed
KAMPAENG PHET,2016,5,2016-05,6,Suspected and confirmed
KAMPAENG PHET,2016,6,2016-06,6,Suspected and confirmed
KAMPAENG PHET,2016,7,2016-07,6,Suspected and confirmed
KAMPAENG PHET,2016,8,2016-08,15,Suspected and confirmed
KAMPAENG PHET,2016,9,2016-09,18,Suspected and confirmed
KAMPAENG PHET,2016,10,2016-10,14,Suspected and confirmed
KAMPAENG PHET,2016,11,2016-11,5,Suspected and confirmed
KAMPAENG PHET,2016,12,2016-12,1,Suspected and confirmed
KAMPAENG PHET,2017,1,2017-01,1,Suspected and confirmed
KAMPAENG PHET,2017,2,2017-02,3,Suspected and confirmed
KAMPAENG PHET,2017,3,2017-03,9,Suspected and confirmed
KAMPAENG PHET,2017,4,2017-04,17,Suspected and confirmed
KAMPAENG PHET,2017,5,2017-05,13,Suspected and confirmed
KAMPAENG PHET,2017,6,2017-06,66,Suspected and confirmed
KAMPAENG PHET,2017,7,2017-07,116,Suspected and confirmed
KAMPAENG PHET,2017,8,2017-08,52,Suspected and confirmed
KAMPAENG PHET,2017,9,2017-09,63,Suspected and confirmed
KAMPAENG PHET,2017,10,2017-10,25,Suspected and confirmed
KAMPAENG PHET,2017,11,2017-11,12,Suspected and confirmed
KAMPAENG PHET,2017,12,2017-12,6,Suspected and confirmed
KAMPAENG PHET,2018,1,2018-01,9,Suspected and confirmed
KAMPAENG PHET,2018,2,2018-02,8,Suspected and confirmed
KAMPAENG PHET,2018,3,2018-03,12,Suspected and confirmed
KAMPAENG PHET,2018,4,2018-04,27,Suspected and confirmed
KAMPAENG PHET,2018,5,2018-05,56,Suspected and confirmed
KAMPAENG PHET,2018,6,2018-06,135,Suspected and confirmed
KAMPAENG PHET,2018,7,2018-07,153,Suspected and confirmed
KAMPAENG PHET,2018,8,2018-08,117,Suspected and confirmed
KAMPAENG PHET,2018,9,2018-09,68,Suspected and confirmed
KAMPAENG PHET,2018,10,2018-10,38,Suspected and confirmed
KAMPAENG PHET,2018,11,2018-11,41,Suspected and confirmed
KAMPAENG PHET,2018,12,2018-12,36,Suspected and confirmed
KAMPAENG PHET,2019,1,2019-01,17,Suspected and confirmed
KAMPAENG PHET,2019,2,2019-02,14,Suspected and confirmed
KAMPAENG PHET,2019,3,2019-03,25,Suspected and confirmed
KAMPAENG PHET,2019,4,2019-04,26,Suspected and confirmed
KAMPAENG PHET,2019,5,2019-05,18,Suspected and confirmed
KAMPAENG PHET,2019,6,2019-06,54,Suspected and confirmed
KAMPAENG PHET,2019,7,2019-07,87,Suspected and confirmed
KAMPAENG PHET,2019,8,2019-08,66,Suspected and confirmed
KAMPAENG PHET,2019,9,2019-09,20,Suspected and confirmed
KAMPAENG PHET,2019,10,2019-10,19,Suspected and confirmed
KAMPAENG PHET,2019,11,2019-11,19,Suspected and confirmed
KAMPAENG PHET,2019,12,2019-12,1,Suspected and confirmed
KAMPAENG PHET,2020,1,2020-01,11,Suspected and confirmed
KAMPAENG PHET,2020,2,2020-02,7,Suspected and confirmed
KAMPAENG PHET,2020,3,2020-03,22,Suspected and confirmed
KAMPAENG PHET,2020,4,2020-04,9,Suspected and confirmed
KAMPAENG PHET,2020,5,2020-05,10,Suspected and confirmed
KAMPAENG PHET,2020,6,2020-06,17,Suspected and confirmed
KAMPAENG PHET,2020,7,2020-07,46,Suspected and confirmed
KAMPAENG PHET,2020,8,2020-08,51,Suspected and confirmed
KAMPAENG PHET,2020,9,2020-09,29,Suspected and confirmed
KAMPAENG PHET,2020,10,2020-10,15,Suspected and confirmed
KAMPAENG PHET,2020,11,2020-11,5,Suspected and confirmed
KAMPAENG PHET,2020,12,2020-12,3,Suspected and confirmed
KAMPAENG PHET,2021,1,2021-01,3,Suspected and confirmed
KAMPAENG PHET,2021,2,2021-02,5,Suspected and confirmed
KAMPAENG PHET,2021,3,2021-03,7,Suspected and confirmed
KAMPAENG PHET,2021,4,2021-04,3,Suspected and confirmed
KAMPAENG PHET,2021,5,2021-05,6,Suspected and confirmed
KAMPAENG PHET,2021,6,2021-06,4,Suspected and confirmed
KAMPAENG PHET,2021,7,2021-07,10,Suspected and confirmed
KAMPAENG PHET,2021,8,2021-08,11,Suspected and confirmed
KAMPAENG PHET,2021,9,2021-09,9,Suspected and confirmed
KAMPAENG PHET,2021,10,2021-10,5,Suspected and confirmed
KAMPAENG PHET,2021,11,2021-11,0,Suspected and confirmed
KAMPAENG PHET,2021,12,2021-12,1,Suspected and confirmed
KAMPAENG PHET,2022,1,2022-01,0,Suspected and confirmed
KAMPAENG PHET,2022,2,2022-02,1,Suspected and confirmed
KAMPAENG PHET,2022,3,2022-03,1,Suspected and confirmed
KAMPAENG PHET,2022,4,2022-04,2,Suspected and confirmed
KAMPAENG PHET,2022,5,2022-05,8,Suspected and confirmed
KAMPAENG PHET,2022,6,2022-06,28,Suspected and confirmed
KAMPAENG PHET,2022,7,2022-07,33,Suspected and confirmed
KAMPAENG PHET,2022,8,2022-08,48,Suspected and confirmed
KAMPAENG PHET,2022,9,2022-09,34,Suspected and confirmed
KAMPAENG PHET,2022,10,2022-10,26,Suspected and confirmed
KAMPAENG PHET,2022,11,2022-11,13,Suspected and confirmed
KAMPAENG PHET,2022,12,2022-12,13,Suspected and confirmed
KANCHANABURI,2015,1,2015-01,15,Suspected and confirmed
KANCHANABURI,2015,2,2015-02,11,Suspected and confirmed
KANCHANABURI,2015,3,2015-03,26,Suspected and confirmed
KANCHANABURI,2015,4,2015-04,21,Suspected and confirmed
KANCHANABURI,2015,5,2015-05,38,Suspected and confirmed
KANCHANABURI,2015,6,2015-06,51,Suspected and confirmed
KANCHANABURI,2015,7,2015-07,134,Suspected and confirmed
KANCHANABURI,2015,8,2015-08,149,Suspected and confirmed
KANCHANABURI,2015,9,2015-09,105,Suspected and confirmed
KANCHANABURI,2015,10,2015-10,85,Suspected and confirmed
KANCHANABURI,2015,11,2015-11,101,Suspected and confirmed
KANCHANABURI,2015,12,2015-12,50,Suspected and confirmed
KANCHANABURI,2016,1,2016-01,31,Suspected and confirmed
KANCHANABURI,2016,2,2016-02,14,Suspected and confirmed
KANCHANABURI,2016,3,2016-03,25,Suspected and confirmed
KANCHANABURI,2016,4,2016-04,7,Suspected and confirmed
KANCHANABURI,2016,5,2016-05,7,Suspected and confirmed
KANCHANABURI,2016,6,2016-06,7,Suspected and confirmed
KANCHANABURI,2016,7,2016-07,18,Suspected and confirmed
KANCHANABURI,2016,8,2016-08,16,Suspected and confirmed
KANCHANABURI,2016,9,2016-09,12,Suspected and confirmed
KANCHANABURI,2016,10,2016-10,10,Suspected and confirmed
KANCHANABURI,2016,11,2016-11,2,Suspected and confirmed
KANCHANABURI,2016,12,2016-12,1,Suspected and confirmed
KANCHANABURI,2017,1,2017-01,4,Suspected and confirmed
KANCHANABURI,2017,2,2017-02,1,Suspected and confirmed
KANCHANABURI,2017,3,2017-03,1,Suspected and confirmed
KANCHANABURI,2017,4,2017-04,1,Suspected and confirmed
KANCHANABURI,2017,5,2017-05,4,Suspected and confirmed
KANCHANABURI,2017,6,2017-06,12,Suspected and confirmed
KANCHANABURI,2017,7,2017-07,18,Suspected and confirmed
KANCHANABURI,2017,8,2017-08,15,Suspected and confirmed
KANCHANABURI,2017,9,2017-09,4,Suspected and confirmed
KANCHANABURI,2017,10,2017-10,4,Suspected and confirmed
KANCHANABURI,2017,11,2017-11,10,Suspected and confirmed
KANCHANABURI,2017,12,2017-12,3,Suspected and confirmed
KANCHANABURI,2018,1,2018-01,8,Suspected and confirmed
KANCHANABURI,2018,2,2018-02,9,Suspected and confirmed
KANCHANABURI,2018,3,2018-03,10,Suspected and confirmed
KANCHANABURI,2018,4,2018-04,26,Suspected and confirmed
KANCHANABURI,2018,5,2018-05,41,Suspected and confirmed
KANCHANABURI,2018,6,2018-06,84,Suspected and confirmed
KANCHANABURI,2018,7,2018-07,59,Suspected and confirmed
KANCHANABURI,2018,8,2018-08,88,Suspected and confirmed
KANCHANABURI,2018,9,2018-09,19,Suspected and confirmed
KANCHANABURI,2018,10,2018-10,23,Suspected and confirmed
KANCHANABURI,2018,11,2018-11,27,Suspected and confirmed
KANCHANABURI,2018,12,2018-12,26,Suspected and confirmed
KANCHANABURI,2019,1,2019-01,26,Suspected and confirmed
KANCHANABURI,2019,2,2019-02,28,Suspected and confirmed
KANCHANABURI,2019,3,2019-03,35,Suspected and confirmed
KANCHANABURI,2019,4,2019-04,7,Suspected and confirmed
KANCHANABURI,2019,5,2019-05,24,Suspected and confirmed
KANCHANABURI,2019,6,2019-06,78,Suspected and confirmed
KANCHANABURI,2019,7,2019-07,162,Suspected and confirmed
KANCHANABURI,2019,8,2019-08,136,Suspected and confirmed
KANCHANABURI,2019,9,2019-09,75,Suspected and confirmed
KANCHANABURI,2019,10,2019-10,15,Suspected and confirmed
KANCHANABURI,2019,11,2019-11,17,Suspected and confirmed
KANCHANABURI,2019,12,2019-12,16,Suspected and confirmed
KANCHANABURI,2020,1,2020-01,12,Suspected and confirmed
KANCHANABURI,2020,2,2020-02,25,Suspected and confirmed
KANCHANABURI,2020,3,2020-03,9,Suspected and confirmed
KANCHANABURI,2020,4,2020-04,11,Suspected and confirmed
KANCHANABURI,2020,5,2020-05,17,Suspected and confirmed
KANCHANABURI,2020,6,2020-06,17,Suspected and confirmed
KANCHANABURI,2020,7,2020-07,22,Suspected and confirmed
KANCHANABURI,2020,8,2020-08,10,Suspected and confirmed
KANCHANABURI,2020,9,2020-09,21,Suspected and confirmed
KANCHANABURI,2020,10,2020-10,42,Suspected and confirmed
KANCHANABURI,2020,11,2020-11,22,Suspected and confirmed
KANCHANABURI,2020,12,2020-12,7,Suspected and confirmed
KANCHANABURI,2021,1,2021-01,9,Suspected and confirmed
KANCHANABURI,2021,2,2021-02,7,Suspected and confirmed
KANCHANABURI,2021,3,2021-03,4,Suspected and confirmed
KANCHANABURI,2021,4,2021-04,4,Suspected and confirmed
KANCHANABURI,2021,5,2021-05,7,Suspected and confirmed
KANCHANABURI,2021,6,2021-06,7,Suspected and confirmed
KANCHANABURI,2021,7,2021-07,6,Suspected and confirmed
KANCHANABURI,2021,8,2021-08,1,Suspected and confirmed
KANCHANABURI,2021,9,2021-09,7,Suspected and confirmed
KANCHANABURI,2021,10,2021-10,10,Suspected and confirmed
KANCHANABURI,2021,11,2021-11,12,Suspected and confirmed
KANCHANABURI,2021,12,2021-12,4,Suspected and confirmed
KANCHANABURI,2022,1,2022-01,7,Suspected and confirmed
KANCHANABURI,2022,2,2022-02,9,Suspected and confirmed
KANCHANABURI,2022,3,2022-03,10,Suspected and confirmed
KANCHANABURI,2022,4,2022-04,3,Suspected and confirmed
KANCHANABURI,2022,5,2022-05,8,Suspected and confirmed
KANCHANABURI,2022,6,2022-06,17,Suspected and confirmed
KANCHANABURI,2022,7,2022-07,16,Suspected and confirmed
KANCHANABURI,2022,8,2022-08,24,Suspected and confirmed
KANCHANABURI,2022,9,2022-09,11,Suspected and confirmed
KANCHANABURI,2022,10,2022-10,12,Suspected and confirmed
KANCHANABURI,2022,11,2022-11,19,Suspected and confirmed
KANCHANABURI,2022,12,2022-12,24,Suspected and confirmed
KHON KAEN,2015,1,2015-01,1,Suspected and confirmed
KHON KAEN,2015,2,2015-02,3,Suspected and confirmed
KHON KAEN,2015,3,2015-03,10,Suspected and confirmed
KHON KAEN,2015,4,2015-04,22,Suspected and confirmed
KHON KAEN,2015,5,2015-05,47,Suspected and confirmed
KHON KAEN,2015,6,2015-06,100,Suspected and confirmed
KHON KAEN,2015,7,2015-07,162,Suspected and confirmed
KHON KAEN,2015,8,2015-08,186,Suspected and confirmed
KHON KAEN,2015,9,2015-09,209,Suspected and confirmed
KHON KAEN,2015,10,2015-10,152,Suspected and confirmed
KHON KAEN,2015,11,2015-11,161,Suspected and confirmed
KHON KAEN,2015,12,2015-12,62,Suspected and confirmed
KHON KAEN,2016,1,2016-01,42,Suspected and confirmed
KHON KAEN,2016,2,2016-02,35,Suspected and confirmed
KHON KAEN,2016,3,2016-03,27,Suspected and confirmed
KHON KAEN,2016,4,2016-04,13,Suspected and confirmed
KHON KAEN,2016,5,2016-05,20,Suspected and confirmed
KHON KAEN,2016,6,2016-06,52,Suspected and confirmed
KHON KAEN,2016,7,2016-07,79,Suspected and confirmed
KHON KAEN,2016,8,2016-08,94,Suspected and confirmed
KHON KAEN,2016,9,2016-09,66,Suspected and confirmed
KHON KAEN,2016,10,2016-10,28,Suspected and confirmed
KHON KAEN,2016,11,2016-11,12,Suspected and confirmed
KHON KAEN,2016,12,2016-12,7,Suspected and confirmed
KHON KAEN,2017,1,2017-01,6,Suspected and confirmed
KHON KAEN,2017,2,2017-02,2,Suspected and confirmed
KHON KAEN,2017,3,2017-03,3,Suspected and confirmed
KHON KAEN,2017,4,2017-04,4,Suspected and confirmed
KHON KAEN,2017,5,2017-05,16,Suspected and confirmed
KHON KAEN,2017,6,2017-06,38,Suspected and confirmed
KHON KAEN,2017,7,2017-07,45,Suspected and confirmed
KHON KAEN,2017,8,2017-08,43,Suspected and confirmed
KHON KAEN,2017,9,2017-09,25,Suspected and confirmed
KHON KAEN,2017,10,2017-10,10,Suspected and confirmed
KHON KAEN,2017,11,2017-11,7,Suspected and confirmed
KHON KAEN,2017,12,2017-12,3,Suspected and confirmed
KHON KAEN,2018,1,2018-01,5,Suspected and confirmed
KHON KAEN,2018,2,2018-02,5,Suspected and confirmed
KHON KAEN,2018,3,2018-03,6,Suspected and confirmed
KHON KAEN,2018,4,2018-04,9,Suspected and confirmed
KHON KAEN,2018,5,2018-05,64,Suspected and confirmed
KHON KAEN,2018,6,2018-06,132,Suspected and confirmed
KHON KAEN,2018,7,2018-07,138,Suspected and confirmed
KHON KAEN,2018,8,2018-08,143,Suspected and confirmed
KHON KAEN,2018,9,2018-09,120,Suspected and confirmed
KHON KAEN,2018,10,2018-10,67,Suspected and confirmed
KHON KAEN,2018,11,2018-11,83,Suspected and confirmed
KHON KAEN,2018,12,2018-12,80,Suspected and confirmed
KHON KAEN,2019,1,2019-01,98,Suspected and confirmed
KHON KAEN,2019,2,2019-02,87,Suspected and confirmed
KHON KAEN,2019,3,2019-03,122,Suspected and confirmed
KHON KAEN,2019,4,2019-04,65,Suspected and confirmed
KHON KAEN,2019,5,2019-05,128,Suspected and confirmed
KHON KAEN,2019,6,2019-06,407,Suspected and confirmed
KHON KAEN,2019,7,2019-07,307,Suspected and confirmed
KHON KAEN,2019,8,2019-08,322,Suspected and confirmed
KHON KAEN,2019,9,2019-09,315,Suspected and confirmed
KHON KAEN,2019,10,2019-10,242,Suspected and confirmed
KHON KAEN,2019,11,2019-11,192,Suspected and confirmed
KHON KAEN,2019,12,2019-12,48,Suspected and confirmed
KHON KAEN,2020,1,2020-01,76,Suspected and confirmed
KHON KAEN,2020,2,2020-02,79,Suspected and confirmed
KHON KAEN,2020,3,2020-03,128,Suspected and confirmed
KHON KAEN,2020,4,2020-04,225,Suspected and confirmed
KHON KAEN,2020,5,2020-05,453,Suspected and confirmed
KHON KAEN,2020,6,2020-06,337,Suspected and confirmed
KHON KAEN,2020,7,2020-07,538,Suspected and confirmed
KHON KAEN,2020,8,2020-08,267,Suspected and confirmed
KHON KAEN,2020,9,2020-09,95,Suspected and confirmed
KHON KAEN,2020,10,2020-10,22,Suspected and confirmed
KHON KAEN,2020,11,2020-11,12,Suspected and confirmed
KHON KAEN,2020,12,2020-12,10,Suspected and confirmed
KHON KAEN,2021,1,2021-01,5,Suspected and confirmed
KHON KAEN,2021,2,2021-02,12,Suspected and confirmed
KHON KAEN,2021,3,2021-03,11,Suspected and confirmed
KHON KAEN,2021,4,2021-04,6,Suspected and confirmed
KHON KAEN,2021,5,2021-05,19,Suspected and confirmed
KHON KAEN,2021,6,2021-06,21,Suspected and confirmed
KHON KAEN,2021,7,2021-07,9,Suspected and confirmed
KHON KAEN,2021,8,2021-08,3,Suspected and confirmed
KHON KAEN,2021,9,2021-09,5,Suspected and confirmed
KHON KAEN,2021,10,2021-10,7,Suspected and confirmed
KHON KAEN,2021,11,2021-11,3,Suspected and confirmed
KHON KAEN,2021,12,2021-12,0,Suspected and confirmed
KHON KAEN,2022,1,2022-01,1,Suspected and confirmed
KHON KAEN,2022,2,2022-02,2,Suspected and confirmed
KHON KAEN,2022,3,2022-03,0,Suspected and confirmed
KHON KAEN,2022,4,2022-04,1,Suspected and confirmed
KHON KAEN,2022,5,2022-05,26,Suspected and confirmed
KHON KAEN,2022,6,2022-06,47,Suspected and confirmed
KHON KAEN,2022,7,2022-07,75,Suspected and confirmed
KHON KAEN,2022,8,2022-08,82,Suspected and confirmed
KHON KAEN,2022,9,2022-09,40,Suspected and confirmed
KHON KAEN,2022,10,2022-10,38,Suspected and confirmed
KHON KAEN,2022,11,2022-11,21,Suspected and confirmed
KHON KAEN,2022,12,2022-12,6,Suspected and confirmed
KRABI,2015,1,2015-01,21,Suspected and confirmed
KRABI,2015,2,2015-02,11,Suspected and confirmed
KRABI,2015,3,2015-03,15,Suspected and confirmed
KRABI,2015,4,2015-04,14,Suspected and confirmed
KRABI,2015,5,2015-05,24,Suspected and confirmed
KRABI,2015,6,2015-06,73,Suspected and confirmed
KRABI,2015,7,2015-07,135,Suspected and confirmed
KRABI,2015,8,2015-08,94,Suspected and confirmed
KRABI,2015,9,2015-09,64,Suspected and confirmed
KRABI,2015,10,2015-10,56,Suspected and confirmed
KRABI,2015,11,2015-11,38,Suspected and confirmed
KRABI,2015,12,2015-12,7,Suspected and confirmed
KRABI,2016,1,2016-01,9,Suspected and confirmed
KRABI,2016,2,2016-02,10,Suspected and confirmed
KRABI,2016,3,2016-03,11,Suspected and confirmed
KRABI,2016,4,2016-04,10,Suspected and confirmed
KRABI,2016,5,2016-05,3,Suspected and confirmed
KRABI,2016,6,2016-06,13,Suspected and confirmed
KRABI,2016,7,2016-07,34,Suspected and confirmed
KRABI,2016,8,2016-08,38,Suspected and confirmed
KRABI,2016,9,2016-09,28,Suspected and confirmed
KRABI,2016,10,2016-10,14,Suspected and confirmed
KRABI,2016,11,2016-11,19,Suspected and confirmed
KRABI,2016,12,2016-12,17,Suspected and confirmed
KRABI,2017,1,2017-01,3,Suspected and confirmed
KRABI,2017,2,2017-02,8,Suspected and confirmed
KRABI,2017,3,2017-03,9,Suspected and confirmed
KRABI,2017,4,2017-04,9,Suspected and confirmed
KRABI,2017,5,2017-05,12,Suspected and confirmed
KRABI,2017,6,2017-06,21,Suspected and confirmed
KRABI,2017,7,2017-07,28,Suspected and confirmed
KRABI,2017,8,2017-08,28,Suspected and confirmed
KRABI,2017,9,2017-09,17,Suspected and confirmed
KRABI,2017,10,2017-10,10,Suspected and confirmed
KRABI,2017,11,2017-11,21,Suspected and confirmed
KRABI,2017,12,2017-12,14,Suspected and confirmed
KRABI,2018,1,2018-01,10,Suspected and confirmed
KRABI,2018,2,2018-02,9,Suspected and confirmed
KRABI,2018,3,2018-03,18,Suspected and confirmed
KRABI,2018,4,2018-04,16,Suspected and confirmed
KRABI,2018,5,2018-05,51,Suspected and confirmed
KRABI,2018,6,2018-06,88,Suspected and confirmed
KRABI,2018,7,2018-07,68,Suspected and confirmed
KRABI,2018,8,2018-08,47,Suspected and confirmed
KRABI,2018,9,2018-09,51,Suspected and confirmed
KRABI,2018,10,2018-10,27,Suspected and confirmed
KRABI,2018,11,2018-11,23,Suspected and confirmed
KRABI,2018,12,2018-12,20,Suspected and confirmed
KRABI,2019,1,2019-01,28,Suspected and confirmed
KRABI,2019,2,2019-02,23,Suspected and confirmed
KRABI,2019,3,2019-03,11,Suspected and confirmed
KRABI,2019,4,2019-04,18,Suspected and confirmed
KRABI,2019,5,2019-05,32,Suspected and confirmed
KRABI,2019,6,2019-06,42,Suspected and confirmed
KRABI,2019,7,2019-07,56,Suspected and confirmed
KRABI,2019,8,2019-08,23,Suspected and confirmed
KRABI,2019,9,2019-09,14,Suspected and confirmed
KRABI,2019,10,2019-10,19,Suspected and confirmed
KRABI,2019,11,2019-11,16,Suspected and confirmed
KRABI,2019,12,2019-12,7,Suspected and confirmed
KRABI,2020,1,2020-01,6,Suspected and confirmed
KRABI,2020,2,2020-02,3,Suspected and confirmed
KRABI,2020,3,2020-03,5,Suspected and confirmed
KRABI,2020,4,2020-04,6,Suspected and confirmed
KRABI,2020,5,2020-05,14,Suspected and confirmed
KRABI,2020,6,2020-06,23,Suspected and confirmed
KRABI,2020,7,2020-07,20,Suspected and confirmed
KRABI,2020,8,2020-08,21,Suspected and confirmed
KRABI,2020,9,2020-09,4,Suspected and confirmed
KRABI,2020,10,2020-10,8,Suspected and confirmed
KRABI,2020,11,2020-11,5,Suspected and confirmed
KRABI,2020,12,2020-12,5,Suspected and confirmed
KRABI,2021,1,2021-01,14,Suspected and confirmed
KRABI,2021,2,2021-02,8,Suspected and confirmed
KRABI,2021,3,2021-03,2,Suspected and confirmed
KRABI,2021,4,2021-04,3,Suspected and confirmed
KRABI,2021,5,2021-05,0,Suspected and confirmed
KRABI,2021,6,2021-06,5,Suspected and confirmed
KRABI,2021,7,2021-07,3,Suspected and confirmed
KRABI,2021,8,2021-08,4,Suspected and confirmed
KRABI,2021,9,2021-09,0,Suspected and confirmed
KRABI,2021,10,2021-10,3,Suspected and confirmed
KRABI,2021,11,2021-11,0,Suspected and confirmed
KRABI,2021,12,2021-12,3,Suspected and confirmed
KRABI,2022,1,2022-01,4,Suspected and confirmed
KRABI,2022,2,2022-02,2,Suspected and confirmed
KRABI,2022,3,2022-03,6,Suspected and confirmed
KRABI,2022,4,2022-04,5,Suspected and confirmed
KRABI,2022,5,2022-05,9,Suspected and confirmed
KRABI,2022,6,2022-06,11,Suspected and confirmed
KRABI,2022,7,2022-07,18,Suspected and confirmed
KRABI,2022,8,2022-08,30,Suspected and confirmed
KRABI,2022,9,2022-09,20,Suspected and confirmed
KRABI,2022,10,2022-10,14,Suspected and confirmed
KRABI,2022,11,2022-11,21,Suspected and confirmed
KRABI,2022,12,2022-12,13,Suspected and confirmed
LAMPANG,2015,1,2015-01,4,Suspected and confirmed
LAMPANG,2015,2,2015-02,3,Suspected and confirmed
LAMPANG,2015,3,2015-03,0,Suspected and confirmed
LAMPANG,2015,4,2015-04,3,Suspected and confirmed
LAMPANG,2015,5,2015-05,41,Suspected and confirmed
LAMPANG,2015,6,2015-06,151,Suspected and confirmed
LAMPANG,2015,7,2015-07,174,Suspected and confirmed
LAMPANG,2015,8,2015-08,209,Suspected and confirmed
LAMPANG,2015,9,2015-09,233,Suspected and confirmed
LAMPANG,2015,10,2015-10,118,Suspected and confirmed
LAMPANG,2015,11,2015-11,113,Suspected and confirmed
LAMPANG,2015,12,2015-12,74,Suspected and confirmed
LAMPANG,2016,1,2016-01,19,Suspected and confirmed
LAMPANG,2016,2,2016-02,20,Suspected and confirmed
LAMPANG,2016,3,2016-03,22,Suspected and confirmed
LAMPANG,2016,4,2016-04,14,Suspected and confirmed
LAMPANG,2016,5,2016-05,10,Suspected and confirmed
LAMPANG,2016,6,2016-06,24,Suspected and confirmed
LAMPANG,2016,7,2016-07,121,Suspected and confirmed
LAMPANG,2016,8,2016-08,195,Suspected and confirmed
LAMPANG,2016,9,2016-09,82,Suspected and confirmed
LAMPANG,2016,10,2016-10,53,Suspected and confirmed
LAMPANG,2016,11,2016-11,13,Suspected and confirmed
LAMPANG,2016,12,2016-12,6,Suspected and confirmed
LAMPANG,2017,1,2017-01,4,Suspected and confirmed
LAMPANG,2017,2,2017-02,8,Suspected and confirmed
LAMPANG,2017,3,2017-03,8,Suspected and confirmed
LAMPANG,2017,4,2017-04,12,Suspected and confirmed
LAMPANG,2017,5,2017-05,34,Suspected and confirmed
LAMPANG,2017,6,2017-06,40,Suspected and confirmed
LAMPANG,2017,7,2017-07,66,Suspected and confirmed
LAMPANG,2017,8,2017-08,36,Suspected and confirmed
LAMPANG,2017,9,2017-09,24,Suspected and confirmed
LAMPANG,2017,10,2017-10,14,Suspected and confirmed
LAMPANG,2017,11,2017-11,10,Suspected and confirmed
LAMPANG,2017,12,2017-12,8,Suspected and confirmed
LAMPANG,2018,1,2018-01,2,Suspected and confirmed
LAMPANG,2018,2,2018-02,0,Suspected and confirmed
LAMPANG,2018,3,2018-03,0,Suspected and confirmed
LAMPANG,2018,4,2018-04,11,Suspected and confirmed
LAMPANG,2018,5,2018-05,33,Suspected and confirmed
LAMPANG,2018,6,2018-06,64,Suspected and confirmed
LAMPANG,2018,7,2018-07,60,Suspected and confirmed
LAMPANG,2018,8,2018-08,45,Suspected and confirmed
LAMPANG,2018,9,2018-09,22,Suspected and confirmed
LAMPANG,2018,10,2018-10,11,Suspected and confirmed
LAMPANG,2018,11,2018-11,3,Suspected and confirmed
LAMPANG,2018,12,2018-12,6,Suspected and confirmed
LAMPANG,2019,1,2019-01,6,Suspected and confirmed
LAMPANG,2019,2,2019-02,18,Suspected and confirmed
LAMPANG,2019,3,2019-03,13,Suspected and confirmed
LAMPANG,2019,4,2019-04,21,Suspected and confirmed
LAMPANG,2019,5,2019-05,39,Suspected and confirmed
LAMPANG,2019,6,2019-06,88,Suspected and confirmed
LAMPANG,2019,7,2019-07,244,Suspected and confirmed
LAMPANG,2019,8,2019-08,142,Suspected and confirmed
LAMPANG,2019,9,2019-09,75,Suspected and confirmed
LAMPANG,2019,10,2019-10,37,Suspected and confirmed
LAMPANG,2019,11,2019-11,12,Suspected and confirmed
LAMPANG,2019,12,2019-12,4,Suspected and confirmed
LAMPANG,2020,1,2020-01,3,Suspected and confirmed
LAMPANG,2020,2,2020-02,1,Suspected and confirmed
LAMPANG,2020,3,2020-03,0,Suspected and confirmed
LAMPANG,2020,4,2020-04,2,Suspected and confirmed
LAMPANG,2020,5,2020-05,58,Suspected and confirmed
LAMPANG,2020,6,2020-06,110,Suspected and confirmed
LAMPANG,2020,7,2020-07,261,Suspected and confirmed
LAMPANG,2020,8,2020-08,201,Suspected and confirmed
LAMPANG,2020,9,2020-09,121,Suspected and confirmed
LAMPANG,2020,10,2020-10,41,Suspected and confirmed
LAMPANG,2020,11,2020-11,14,Suspected and confirmed
LAMPANG,2020,12,2020-12,10,Suspected and confirmed
LAMPANG,2021,1,2021-01,0,Suspected and confirmed
LAMPANG,2021,2,2021-02,0,Suspected and confirmed
LAMPANG,2021,3,2021-03,2,Suspected and confirmed
LAMPANG,2021,4,2021-04,5,Suspected and confirmed
LAMPANG,2021,5,2021-05,5,Suspected and confirmed
LAMPANG,2021,6,2021-06,15,Suspected and confirmed
LAMPANG,2021,7,2021-07,2,Suspected and confirmed
LAMPANG,2021,8,2021-08,1,Suspected and confirmed
LAMPANG,2021,9,2021-09,0,Suspected and confirmed
LAMPANG,2021,10,2021-10,1,Suspected and confirmed
LAMPANG,2021,11,2021-11,4,Suspected and confirmed
LAMPANG,2021,12,2021-12,2,Suspected and confirmed
LAMPANG,2022,1,2022-01,0,Suspected and confirmed
LAMPANG,2022,2,2022-02,1,Suspected and confirmed
LAMPANG,2022,3,2022-03,0,Suspected and confirmed
LAMPANG,2022,4,2022-04,0,Suspected and confirmed
LAMPANG,2022,5,2022-05,4,Suspected and confirmed
LAMPANG,2022,6,2022-06,52,Suspected and confirmed
LAMPANG,2022,7,2022-07,114,Suspected and confirmed
LAMPANG,2022,8,2022-08,97,Suspected and confirmed
LAMPANG,2022,9,2022-09,41,Suspected and confirmed
LAMPANG,2022,10,2022-10,19,Suspected and confirmed
LAMPANG,2022,11,2022-11,12,Suspected and confirmed
LAMPANG,2022,12,2022-12,6,Suspected and confirmed
LAMPHUN,2015,1,2015-01,0,Suspected and confirmed
LAMPHUN,2015,2,2015-02,0,Suspected and confirmed
LAMPHUN,2015,3,2015-03,1,Suspected and confirmed
LAMPHUN,2015,4,2015-04,2,Suspected and confirmed
LAMPHUN,2015,5,2015-05,8,Suspected and confirmed
LAMPHUN,2015,6,2015-06,29,Suspected and confirmed
LAMPHUN,2015,7,2015-07,29,Suspected and confirmed
LAMPHUN,2015,8,2015-08,82,Suspected and confirmed
LAMPHUN,2015,9,2015-09,146,Suspected and confirmed
LAMPHUN,2015,10,2015-10,147,Suspected and confirmed
LAMPHUN,2015,11,2015-11,118,Suspected and confirmed
LAMPHUN,2015,12,2015-12,53,Suspected and confirmed
LAMPHUN,2016,1,2016-01,29,Suspected and confirmed
LAMPHUN,2016,2,2016-02,8,Suspected and confirmed
LAMPHUN,2016,3,2016-03,17,Suspected and confirmed
LAMPHUN,2016,4,2016-04,16,Suspected and confirmed
LAMPHUN,2016,5,2016-05,16,Suspected and confirmed
LAMPHUN,2016,6,2016-06,32,Suspected and confirmed
LAMPHUN,2016,7,2016-07,72,Suspected and confirmed
LAMPHUN,2016,8,2016-08,102,Suspected and confirmed
LAMPHUN,2016,9,2016-09,47,Suspected and confirmed
LAMPHUN,2016,10,2016-10,16,Suspected and confirmed
LAMPHUN,2016,11,2016-11,7,Suspected and confirmed
LAMPHUN,2016,12,2016-12,5,Suspected and confirmed
LAMPHUN,2017,1,2017-01,3,Suspected and confirmed
LAMPHUN,2017,2,2017-02,2,Suspected and confirmed
LAMPHUN,2017,3,2017-03,6,Suspected and confirmed
LAMPHUN,2017,4,2017-04,7,Suspected and confirmed
LAMPHUN,2017,5,2017-05,17,Suspected and confirmed
LAMPHUN,2017,6,2017-06,16,Suspected and confirmed
LAMPHUN,2017,7,2017-07,50,Suspected and confirmed
LAMPHUN,2017,8,2017-08,56,Suspected and confirmed
LAMPHUN,2017,9,2017-09,12,Suspected and confirmed
LAMPHUN,2017,10,2017-10,12,Suspected and confirmed
LAMPHUN,2017,11,2017-11,11,Suspected and confirmed
LAMPHUN,2017,12,2017-12,4,Suspected and confirmed
LAMPHUN,2018,1,2018-01,0,Suspected and confirmed
LAMPHUN,2018,2,2018-02,3,Suspected and confirmed
LAMPHUN,2018,3,2018-03,10,Suspected and confirmed
LAMPHUN,2018,4,2018-04,20,Suspected and confirmed
LAMPHUN,2018,5,2018-05,36,Suspected and confirmed
LAMPHUN,2018,6,2018-06,35,Suspected and confirmed
LAMPHUN,2018,7,2018-07,33,Suspected and confirmed
LAMPHUN,2018,8,2018-08,21,Suspected and confirmed
LAMPHUN,2018,9,2018-09,20,Suspected and confirmed
LAMPHUN,2018,10,2018-10,4,Suspected and confirmed
LAMPHUN,2018,11,2018-11,16,Suspected and confirmed
LAMPHUN,2018,12,2018-12,7,Suspected and confirmed
LAMPHUN,2019,1,2019-01,2,Suspected and confirmed
LAMPHUN,2019,2,2019-02,4,Suspected and confirmed
LAMPHUN,2019,3,2019-03,6,Suspected and confirmed
LAMPHUN,2019,4,2019-04,3,Suspected and confirmed
LAMPHUN,2019,5,2019-05,3,Suspected and confirmed
LAMPHUN,2019,6,2019-06,19,Suspected and confirmed
LAMPHUN,2019,7,2019-07,31,Suspected and confirmed
LAMPHUN,2019,8,2019-08,53,Suspected and confirmed
LAMPHUN,2019,9,2019-09,97,Suspected and confirmed
LAMPHUN,2019,10,2019-10,36,Suspected and confirmed
LAMPHUN,2019,11,2019-11,14,Suspected and confirmed
LAMPHUN,2019,12,2019-12,2,Suspected and confirmed
LAMPHUN,2020,1,2020-01,6,Suspected and confirmed
LAMPHUN,2020,2,2020-02,5,Suspected and confirmed
LAMPHUN,2020,3,2020-03,2,Suspected and confirmed
LAMPHUN,2020,4,2020-04,5,Suspected and confirmed
LAMPHUN,2020,5,2020-05,8,Suspected and confirmed
LAMPHUN,2020,6,2020-06,16,Suspected and confirmed
LAMPHUN,2020,7,2020-07,25,Suspected and confirmed
LAMPHUN,2020,8,2020-08,35,Suspected and confirmed
LAMPHUN,2020,9,2020-09,14,Suspected and confirmed
LAMPHUN,2020,10,2020-10,13,Suspected and confirmed
LAMPHUN,2020,11,2020-11,10,Suspected and confirmed
LAMPHUN,2020,12,2020-12,3,Suspected and confirmed
LAMPHUN,2021,1,2021-01,2,Suspected and confirmed
LAMPHUN,2021,2,2021-02,2,Suspected and confirmed
LAMPHUN,2021,3,2021-03,0,Suspected and confirmed
LAMPHUN,2021,4,2021-04,0,Suspected and confirmed
LAMPHUN,2021,5,2021-05,0,Suspected and confirmed
LAMPHUN,2021,6,2021-06,4,Suspected and confirmed
LAMPHUN,2021,7,2021-07,1,Suspected and confirmed
LAMPHUN,2021,8,2021-08,0,Suspected and confirmed
LAMPHUN,2021,9,2021-09,0,Suspected and confirmed
LAMPHUN,2021,10,2021-10,0,Suspected and confirmed
LAMPHUN,2021,11,2021-11,0,Suspected and confirmed
LAMPHUN,2021,12,2021-12,0,Suspected and confirmed
LAMPHUN,2022,1,2022-01,0,Suspected and confirmed
LAMPHUN,2022,2,2022-02,0,Suspected and confirmed
LAMPHUN,2022,3,2022-03,0,Suspected and confirmed
LAMPHUN,2022,4,2022-04,2,Suspected and confirmed
LAMPHUN,2022,5,2022-05,3,Suspected and confirmed
LAMPHUN,2022,6,2022-06,6,Suspected and confirmed
LAMPHUN,2022,7,2022-07,9,Suspected and confirmed
LAMPHUN,2022,8,2022-08,9,Suspected and confirmed
LAMPHUN,2022,9,2022-09,5,Suspected and confirmed
LAMPHUN,2022,10,2022-10,7,Suspected and confirmed
LAMPHUN,2022,11,2022-11,4,Suspected and confirmed
LAMPHUN,2022,12,2022-12,0,Suspected and confirmed
LOEI,2015,1,2015-01,0,Suspected and confirmed
LOEI,2015,2,2015-02,1,Suspected and confirmed
LOEI,2015,3,2015-03,7,Suspected and confirmed
LOEI,2015,4,2015-04,7,Suspected and confirmed
LOEI,2015,5,2015-05,57,Suspected and confirmed
LOEI,2015,6,2015-06,115,Suspected and confirmed
LOEI,2015,7,2015-07,117,Suspected and confirmed
LOEI,2015,8,2015-08,150,Suspected and confirmed
LOEI,2015,9,2015-09,101,Suspected and confirmed
LOEI,2015,10,2015-10,94,Suspected and confirmed
LOEI,2015,11,2015-11,82,Suspected and confirmed
LOEI,2015,12,2015-12,20,Suspected and confirmed
LOEI,2016,1,2016-01,14,Suspected and confirmed
LOEI,2016,2,2016-02,21,Suspected and confirmed
LOEI,2016,3,2016-03,30,Suspected and confirmed
LOEI,2016,4,2016-04,20,Suspected and confirmed
LOEI,2016,5,2016-05,43,Suspected and confirmed
LOEI,2016,6,2016-06,118,Suspected and confirmed
LOEI,2016,7,2016-07,101,Suspected and confirmed
LOEI,2016,8,2016-08,64,Suspected and confirmed
LOEI,2016,9,2016-09,49,Suspected and confirmed
LOEI,2016,10,2016-10,29,Suspected and confirmed
LOEI,2016,11,2016-11,9,Suspected and confirmed
LOEI,2016,12,2016-12,6,Suspected and confirmed
LOEI,2017,1,2017-01,5,Suspected and confirmed
LOEI,2017,2,2017-02,4,Suspected and confirmed
LOEI,2017,3,2017-03,5,Suspected and confirmed
LOEI,2017,4,2017-04,12,Suspected and confirmed
LOEI,2017,5,2017-05,40,Suspected and confirmed
LOEI,2017,6,2017-06,42,Suspected and confirmed
LOEI,2017,7,2017-07,50,Suspected and confirmed
LOEI,2017,8,2017-08,39,Suspected and confirmed
LOEI,2017,9,2017-09,27,Suspected and confirmed
LOEI,2017,10,2017-10,17,Suspected and confirmed
LOEI,2017,11,2017-11,6,Suspected and confirmed
LOEI,2017,12,2017-12,4,Suspected and confirmed
LOEI,2018,1,2018-01,1,Suspected and confirmed
LOEI,2018,2,2018-02,3,Suspected and confirmed
LOEI,2018,3,2018-03,7,Suspected and confirmed
LOEI,2018,4,2018-04,7,Suspected and confirmed
LOEI,2018,5,2018-05,26,Suspected and confirmed
LOEI,2018,6,2018-06,72,Suspected and confirmed
LOEI,2018,7,2018-07,85,Suspected and confirmed
LOEI,2018,8,2018-08,55,Suspected and confirmed
LOEI,2018,9,2018-09,21,Suspected and confirmed
LOEI,2018,10,2018-10,19,Suspected and confirmed
LOEI,2018,11,2018-11,10,Suspected and confirmed
LOEI,2018,12,2018-12,8,Suspected and confirmed
LOEI,2019,1,2019-01,6,Suspected and confirmed
LOEI,2019,2,2019-02,2,Suspected and confirmed
LOEI,2019,3,2019-03,9,Suspected and confirmed
LOEI,2019,4,2019-04,49,Suspected and confirmed
LOEI,2019,5,2019-05,103,Suspected and confirmed
LOEI,2019,6,2019-06,287,Suspected and confirmed
LOEI,2019,7,2019-07,303,Suspected and confirmed
LOEI,2019,8,2019-08,141,Suspected and confirmed
LOEI,2019,9,2019-09,119,Suspected and confirmed
LOEI,2019,10,2019-10,100,Suspected and confirmed
LOEI,2019,11,2019-11,56,Suspected and confirmed
LOEI,2019,12,2019-12,13,Suspected and confirmed
LOEI,2020,1,2020-01,21,Suspected and confirmed
LOEI,2020,2,2020-02,10,Suspected and confirmed
LOEI,2020,3,2020-03,26,Suspected and confirmed
LOEI,2020,4,2020-04,41,Suspected and confirmed
LOEI,2020,5,2020-05,111,Suspected and confirmed
LOEI,2020,6,2020-06,198,Suspected and confirmed
LOEI,2020,7,2020-07,173,Suspected and confirmed
LOEI,2020,8,2020-08,77,Suspected and confirmed
LOEI,2020,9,2020-09,34,Suspected and confirmed
LOEI,2020,10,2020-10,4,Suspected and confirmed
LOEI,2020,11,2020-11,4,Suspected and confirmed
LOEI,2020,12,2020-12,2,Suspected and confirmed
LOEI,2021,1,2021-01,1,Suspected and confirmed
LOEI,2021,2,2021-02,3,Suspected and confirmed
LOEI,2021,3,2021-03,0,Suspected and confirmed
LOEI,2021,4,2021-04,1,Suspected and confirmed
LOEI,2021,5,2021-05,0,Suspected and confirmed
LOEI,2021,6,2021-06,12,Suspected and confirmed
LOEI,2021,7,2021-07,10,Suspected and confirmed
LOEI,2021,8,2021-08,8,Suspected and confirmed
LOEI,2021,9,2021-09,11,Suspected and confirmed
LOEI,2021,10,2021-10,5,Suspected and confirmed
LOEI,2021,11,2021-11,2,Suspected and confirmed
LOEI,2021,12,2021-12,0,Suspected and confirmed
LOEI,2022,1,2022-01,0,Suspected and confirmed
LOEI,2022,2,2022-02,1,Suspected and confirmed
LOEI,2022,3,2022-03,6,Suspected and confirmed
LOEI,2022,4,2022-04,2,Suspected and confirmed
LOEI,2022,5,2022-05,3,Suspected and confirmed
LOEI,2022,6,2022-06,14,Suspected and confirmed
LOEI,2022,7,2022-07,52,Suspected and confirmed
LOEI,2022,8,2022-08,35,Suspected and confirmed
LOEI,2022,9,2022-09,16,Suspected and confirmed
LOEI,2022,10,2022-10,27,Suspected and confirmed
LOEI,2022,11,2022-11,19,Suspected and confirmed
LOEI,2022,12,2022-12,8,Suspected and confirmed
LOPBURI,2015,1,2015-01,27,Suspected and confirmed
LOPBURI,2015,2,2015-02,58,Suspected and confirmed
LOPBURI,2015,3,2015-03,57,Suspected and confirmed
LOPBURI,2015,4,2015-04,46,Suspected and confirmed
LOPBURI,2015,5,2015-05,169,Suspected and confirmed
LOPBURI,2015,6,2015-06,135,Suspected and confirmed
LOPBURI,2015,7,2015-07,99,Suspected and confirmed
LOPBURI,2015,8,2015-08,138,Suspected and confirmed
LOPBURI,2015,9,2015-09,282,Suspected and confirmed
LOPBURI,2015,10,2015-10,277,Suspected and confirmed
LOPBURI,2015,11,2015-11,231,Suspected and confirmed
LOPBURI,2015,12,2015-12,61,Suspected and confirmed
LOPBURI,2016,1,2016-01,61,Suspected and confirmed
LOPBURI,2016,2,2016-02,55,Suspected and confirmed
LOPBURI,2016,3,2016-03,52,Suspected and confirmed
LOPBURI,2016,4,2016-04,11,Suspected and confirmed
LOPBURI,2016,5,2016-05,4,Suspected and confirmed
LOPBURI,2016,6,2016-06,2,Suspected and confirmed
LOPBURI,2016,7,2016-07,13,Suspected and confirmed
LOPBURI,2016,8,2016-08,39,Suspected and confirmed
LOPBURI,2016,9,2016-09,52,Suspected and confirmed
LOPBURI,2016,10,2016-10,33,Suspected and confirmed
LOPBURI,2016,11,2016-11,8,Suspected and confirmed
LOPBURI,2016,12,2016-12,9,Suspected and confirmed
LOPBURI,2017,1,2017-01,8,Suspected and confirmed
LOPBURI,2017,2,2017-02,12,Suspected and confirmed
LOPBURI,2017,3,2017-03,7,Suspected and confirmed
LOPBURI,2017,4,2017-04,1,Suspected and confirmed
LOPBURI,2017,5,2017-05,4,Suspected and confirmed
LOPBURI,2017,6,2017-06,7,Suspected and confirmed
LOPBURI,2017,7,2017-07,16,Suspected and confirmed
LOPBURI,2017,8,2017-08,46,Suspected and confirmed
LOPBURI,2017,9,2017-09,32,Suspected and confirmed
LOPBURI,2017,10,2017-10,21,Suspected and confirmed
LOPBURI,2017,11,2017-11,10,Suspected and confirmed
LOPBURI,2017,12,2017-12,5,Suspected and confirmed
LOPBURI,2018,1,2018-01,11,Suspected and confirmed
LOPBURI,2018,2,2018-02,11,Suspected and confirmed
LOPBURI,2018,3,2018-03,9,Suspected and confirmed
LOPBURI,2018,4,2018-04,5,Suspected and confirmed
LOPBURI,2018,5,2018-05,42,Suspected and confirmed
LOPBURI,2018,6,2018-06,120,Suspected and confirmed
LOPBURI,2018,7,2018-07,151,Suspected and confirmed
LOPBURI,2018,8,2018-08,145,Suspected and confirmed
LOPBURI,2018,9,2018-09,165,Suspected and confirmed
LOPBURI,2018,10,2018-10,113,Suspected and confirmed
LOPBURI,2018,11,2018-11,71,Suspected and confirmed
LOPBURI,2018,12,2018-12,61,Suspected and confirmed
LOPBURI,2019,1,2019-01,94,Suspected and confirmed
LOPBURI,2019,2,2019-02,106,Suspected and confirmed
LOPBURI,2019,3,2019-03,145,Suspected and confirmed
LOPBURI,2019,4,2019-04,56,Suspected and confirmed
LOPBURI,2019,5,2019-05,36,Suspected and confirmed
LOPBURI,2019,6,2019-06,61,Suspected and confirmed
LOPBURI,2019,7,2019-07,71,Suspected and confirmed
LOPBURI,2019,8,2019-08,64,Suspected and confirmed
LOPBURI,2019,9,2019-09,95,Suspected and confirmed
LOPBURI,2019,10,2019-10,85,Suspected and confirmed
LOPBURI,2019,11,2019-11,48,Suspected and confirmed
LOPBURI,2019,12,2019-12,12,Suspected and confirmed
LOPBURI,2020,1,2020-01,29,Suspected and confirmed
LOPBURI,2020,2,2020-02,16,Suspected and confirmed
LOPBURI,2020,3,2020-03,9,Suspected and confirmed
LOPBURI,2020,4,2020-04,21,Suspected and confirmed
LOPBURI,2020,5,2020-05,17,Suspected and confirmed
LOPBURI,2020,6,2020-06,40,Suspected and confirmed
LOPBURI,2020,7,2020-07,116,Suspected and confirmed
LOPBURI,2020,8,2020-08,180,Suspected and confirmed
LOPBURI,2020,9,2020-09,185,Suspected and confirmed
LOPBURI,2020,10,2020-10,47,Suspected and confirmed
LOPBURI,2020,11,2020-11,49,Suspected and confirmed
LOPBURI,2020,12,2020-12,2,Suspected and confirmed
LOPBURI,2021,1,2021-01,2,Suspected and confirmed
LOPBURI,2021,2,2021-02,8,Suspected and confirmed
LOPBURI,2021,3,2021-03,4,Suspected and confirmed
LOPBURI,2021,4,2021-04,0,Suspected and confirmed
LOPBURI,2021,5,2021-05,1,Suspected and confirmed
LOPBURI,2021,6,2021-06,2,Suspected and confirmed
LOPBURI,2021,7,2021-07,1,Suspected and confirmed
LOPBURI,2021,8,2021-08,3,Suspected and confirmed
LOPBURI,2021,9,2021-09,1,Suspected and confirmed
LOPBURI,2021,10,2021-10,0,Suspected and confirmed
LOPBURI,2021,11,2021-11,1,Suspected and confirmed
LOPBURI,2021,12,2021-12,0,Suspected and confirmed
LOPBURI,2022,1,2022-01,0,Suspected and confirmed
LOPBURI,2022,2,2022-02,1,Suspected and confirmed
LOPBURI,2022,3,2022-03,1,Suspected and confirmed
LOPBURI,2022,4,2022-04,0,Suspected and confirmed
LOPBURI,2022,5,2022-05,6,Suspected and confirmed
LOPBURI,2022,6,2022-06,9,Suspected and confirmed
LOPBURI,2022,7,2022-07,10,Suspected and confirmed
LOPBURI,2022,8,2022-08,11,Suspected and confirmed
LOPBURI,2022,9,2022-09,9,Suspected and confirmed
LOPBURI,2022,10,2022-10,21,Suspected and confirmed
LOPBURI,2022,11,2022-11,19,Suspected and confirmed
LOPBURI,2022,12,2022-12,10,Suspected and confirmed
MAE HONG SON,2015,1,2015-01,9,Suspected and confirmed
MAE HONG SON,2015,2,2015-02,9,Suspected and confirmed
MAE HONG SON,2015,3,2015-03,1,Suspected and confirmed
MAE HONG SON,2015,4,2015-04,1,Suspected and confirmed
MAE HONG SON,2015,5,2015-05,13,Suspected and confirmed
MAE HONG SON,2015,6,2015-06,54,Suspected and confirmed
MAE HONG SON,2015,7,2015-07,133,Suspected and confirmed
MAE HONG SON,2015,8,2015-08,146,Suspected and confirmed
MAE HONG SON,2015,9,2015-09,73,Suspected and confirmed
MAE HONG SON,2015,10,2015-10,46,Suspected and confirmed
MAE HONG SON,2015,11,2015-11,40,Suspected and confirmed
MAE HONG SON,2015,12,2015-12,16,Suspected and confirmed
MAE HONG SON,2016,1,2016-01,12,Suspected and confirmed
MAE HONG SON,2016,2,2016-02,12,Suspected and confirmed
MAE HONG SON,2016,3,2016-03,19,Suspected and confirmed
MAE HONG SON,2016,4,2016-04,29,Suspected and confirmed
MAE HONG SON,2016,5,2016-05,64,Suspected and confirmed
MAE HONG SON,2016,6,2016-06,83,Suspected and confirmed
MAE HONG SON,2016,7,2016-07,199,Suspected and confirmed
MAE HONG SON,2016,8,2016-08,207,Suspected and confirmed
MAE HONG SON,2016,9,2016-09,147,Suspected and confirmed
MAE HONG SON,2016,10,2016-10,99,Suspected and confirmed
MAE HONG SON,2016,11,2016-11,52,Suspected and confirmed
MAE HONG SON,2016,12,2016-12,13,Suspected and confirmed
MAE HONG SON,2017,1,2017-01,2,Suspected and confirmed
MAE HONG SON,2017,2,2017-02,6,Suspected and confirmed
MAE HONG SON,2017,3,2017-03,6,Suspected and confirmed
MAE HONG SON,2017,4,2017-04,10,Suspected and confirmed
MAE HONG SON,2017,5,2017-05,33,Suspected and confirmed
MAE HONG SON,2017,6,2017-06,61,Suspected and confirmed
MAE HONG SON,2017,7,2017-07,66,Suspected and confirmed
MAE HONG SON,2017,8,2017-08,80,Suspected and confirmed
MAE HONG SON,2017,9,2017-09,47,Suspected and confirmed
MAE HONG SON,2017,10,2017-10,31,Suspected and confirmed
MAE HONG SON,2017,11,2017-11,26,Suspected and confirmed
MAE HONG SON,2017,12,2017-12,16,Suspected and confirmed
MAE HONG SON,2018,1,2018-01,6,Suspected and confirmed
MAE HONG SON,2018,2,2018-02,3,Suspected and confirmed
MAE HONG SON,2018,3,2018-03,2,Suspected and confirmed
MAE HONG SON,2018,4,2018-04,10,Suspected and confirmed
MAE HONG SON,2018,5,2018-05,30,Suspected and confirmed
MAE HONG SON,2018,6,2018-06,147,Suspected and confirmed
MAE HONG SON,2018,7,2018-07,113,Suspected and confirmed
MAE HONG SON,2018,8,2018-08,61,Suspected and confirmed
MAE HONG SON,2018,9,2018-09,26,Suspected and confirmed
MAE HONG SON,2018,10,2018-10,24,Suspected and confirmed
MAE HONG SON,2018,11,2018-11,26,Suspected and confirmed
MAE HONG SON,2018,12,2018-12,18,Suspected and confirmed
MAE HONG SON,2019,1,2019-01,6,Suspected and confirmed
MAE HONG SON,2019,2,2019-02,1,Suspected and confirmed
MAE HONG SON,2019,3,2019-03,6,Suspected and confirmed
MAE HONG SON,2019,4,2019-04,2,Suspected and confirmed
MAE HONG SON,2019,5,2019-05,5,Suspected and confirmed
MAE HONG SON,2019,6,2019-06,30,Suspected and confirmed
MAE HONG SON,2019,7,2019-07,44,Suspected and confirmed
MAE HONG SON,2019,8,2019-08,85,Suspected and confirmed
MAE HONG SON,2019,9,2019-09,77,Suspected and confirmed
MAE HONG SON,2019,10,2019-10,54,Suspected and confirmed
MAE HONG SON,2019,11,2019-11,38,Suspected and confirmed
MAE HONG SON,2019,12,2019-12,2,Suspected and confirmed
MAE HONG SON,2020,1,2020-01,4,Suspected and confirmed
MAE HONG SON,2020,2,2020-02,3,Suspected and confirmed
MAE HONG SON,2020,3,2020-03,6,Suspected and confirmed
MAE HONG SON,2020,4,2020-04,33,Suspected and confirmed
MAE HONG SON,2020,5,2020-05,70,Suspected and confirmed
MAE HONG SON,2020,6,2020-06,152,Suspected and confirmed
MAE HONG SON,2020,7,2020-07,465,Suspected and confirmed
MAE HONG SON,2020,8,2020-08,331,Suspected and confirmed
MAE HONG SON,2020,9,2020-09,130,Suspected and confirmed
MAE HONG SON,2020,10,2020-10,133,Suspected and confirmed
MAE HONG SON,2020,11,2020-11,56,Suspected and confirmed
MAE HONG SON,2020,12,2020-12,13,Suspected and confirmed
MAE HONG SON,2021,1,2021-01,18,Suspected and confirmed
MAE HONG SON,2021,2,2021-02,5,Suspected and confirmed
MAE HONG SON,2021,3,2021-03,4,Suspected and confirmed
MAE HONG SON,2021,4,2021-04,13,Suspected and confirmed
MAE HONG SON,2021,5,2021-05,57,Suspected and confirmed
MAE HONG SON,2021,6,2021-06,109,Suspected and confirmed
MAE HONG SON,2021,7,2021-07,102,Suspected and confirmed
MAE HONG SON,2021,8,2021-08,83,Suspected and confirmed
MAE HONG SON,2021,9,2021-09,30,Suspected and confirmed
MAE HONG SON,2021,10,2021-10,3,Suspected and confirmed
MAE HONG SON,2021,11,2021-11,0,Suspected and confirmed
MAE HONG SON,2021,12,2021-12,1,Suspected and confirmed
MAE HONG SON,2022,1,2022-01,33,Suspected and confirmed
MAE HONG SON,2022,2,2022-02,22,Suspected and confirmed
MAE HONG SON,2022,3,2022-03,36,Suspected and confirmed
MAE HONG SON,2022,4,2022-04,109,Suspected and confirmed
MAE HONG SON,2022,5,2022-05,484,Suspected and confirmed
MAE HONG SON,2022,6,2022-06,1681,Suspected and confirmed
MAE HONG SON,2022,7,2022-07,1981,Suspected and confirmed
MAE HONG SON,2022,8,2022-08,768,Suspected and confirmed
MAE HONG SON,2022,9,2022-09,287,Suspected and confirmed
MAE HONG SON,2022,10,2022-10,176,Suspected and confirmed
MAE HONG SON,2022,11,2022-11,91,Suspected and confirmed
MAE HONG SON,2022,12,2022-12,54,Suspected and confirmed
MAHA SARAKHAM,2015,1,2015-01,2,Suspected and confirmed
MAHA SARAKHAM,2015,2,2015-02,3,Suspected and confirmed
MAHA SARAKHAM,2015,3,2015-03,14,Suspected and confirmed
MAHA SARAKHAM,2015,4,2015-04,25,Suspected and confirmed
MAHA SARAKHAM,2015,5,2015-05,50,Suspected and confirmed
MAHA SARAKHAM,2015,6,2015-06,72,Suspected and confirmed
MAHA SARAKHAM,2015,7,2015-07,74,Suspected and confirmed
MAHA SARAKHAM,2015,8,2015-08,108,Suspected and confirmed
MAHA SARAKHAM,2015,9,2015-09,114,Suspected and confirmed
MAHA SARAKHAM,2015,10,2015-10,79,Suspected and confirmed
MAHA SARAKHAM,2015,11,2015-11,121,Suspected and confirmed
MAHA SARAKHAM,2015,12,2015-12,35,Suspected and confirmed
MAHA SARAKHAM,2016,1,2016-01,26,Suspected and confirmed
MAHA SARAKHAM,2016,2,2016-02,34,Suspected and confirmed
MAHA SARAKHAM,2016,3,2016-03,50,Suspected and confirmed
MAHA SARAKHAM,2016,4,2016-04,28,Suspected and confirmed
MAHA SARAKHAM,2016,5,2016-05,12,Suspected and confirmed
MAHA SARAKHAM,2016,6,2016-06,14,Suspected and confirmed
MAHA SARAKHAM,2016,7,2016-07,40,Suspected and confirmed
MAHA SARAKHAM,2016,8,2016-08,67,Suspected and confirmed
MAHA SARAKHAM,2016,9,2016-09,63,Suspected and confirmed
MAHA SARAKHAM,2016,10,2016-10,49,Suspected and confirmed
MAHA SARAKHAM,2016,11,2016-11,23,Suspected and confirmed
MAHA SARAKHAM,2016,12,2016-12,10,Suspected and confirmed
MAHA SARAKHAM,2017,1,2017-01,9,Suspected and confirmed
MAHA SARAKHAM,2017,2,2017-02,18,Suspected and confirmed
MAHA SARAKHAM,2017,3,2017-03,8,Suspected and confirmed
MAHA SARAKHAM,2017,4,2017-04,9,Suspected and confirmed
MAHA SARAKHAM,2017,5,2017-05,14,Suspected and confirmed
MAHA SARAKHAM,2017,6,2017-06,45,Suspected and confirmed
MAHA SARAKHAM,2017,7,2017-07,48,Suspected and confirmed
MAHA SARAKHAM,2017,8,2017-08,39,Suspected and confirmed
MAHA SARAKHAM,2017,9,2017-09,30,Suspected and confirmed
MAHA SARAKHAM,2017,10,2017-10,13,Suspected and confirmed
MAHA SARAKHAM,2017,11,2017-11,13,Suspected and confirmed
MAHA SARAKHAM,2017,12,2017-12,7,Suspected and confirmed
MAHA SARAKHAM,2018,1,2018-01,6,Suspected and confirmed
MAHA SARAKHAM,2018,2,2018-02,3,Suspected and confirmed
MAHA SARAKHAM,2018,3,2018-03,5,Suspected and confirmed
MAHA SARAKHAM,2018,4,2018-04,5,Suspected and confirmed
MAHA SARAKHAM,2018,5,2018-05,46,Suspected and confirmed
MAHA SARAKHAM,2018,6,2018-06,111,Suspected and confirmed
MAHA SARAKHAM,2018,7,2018-07,90,Suspected and confirmed
MAHA SARAKHAM,2018,8,2018-08,45,Suspected and confirmed
MAHA SARAKHAM,2018,9,2018-09,25,Suspected and confirmed
MAHA SARAKHAM,2018,10,2018-10,18,Suspected and confirmed
MAHA SARAKHAM,2018,11,2018-11,15,Suspected and confirmed
MAHA SARAKHAM,2018,12,2018-12,17,Suspected and confirmed
MAHA SARAKHAM,2019,1,2019-01,20,Suspected and confirmed
MAHA SARAKHAM,2019,2,2019-02,25,Suspected and confirmed
MAHA SARAKHAM,2019,3,2019-03,32,Suspected and confirmed
MAHA SARAKHAM,2019,4,2019-04,17,Suspected and confirmed
MAHA SARAKHAM,2019,5,2019-05,14,Suspected and confirmed
MAHA SARAKHAM,2019,6,2019-06,89,Suspected and confirmed
MAHA SARAKHAM,2019,7,2019-07,145,Suspected and confirmed
MAHA SARAKHAM,2019,8,2019-08,146,Suspected and confirmed
MAHA SARAKHAM,2019,9,2019-09,152,Suspected and confirmed
MAHA SARAKHAM,2019,10,2019-10,93,Suspected and confirmed
MAHA SARAKHAM,2019,11,2019-11,35,Suspected and confirmed
MAHA SARAKHAM,2019,12,2019-12,13,Suspected and confirmed
MAHA SARAKHAM,2020,1,2020-01,27,Suspected and confirmed
MAHA SARAKHAM,2020,2,2020-02,20,Suspected and confirmed
MAHA SARAKHAM,2020,3,2020-03,21,Suspected and confirmed
MAHA SARAKHAM,2020,4,2020-04,49,Suspected and confirmed
MAHA SARAKHAM,2020,5,2020-05,116,Suspected and confirmed
MAHA SARAKHAM,2020,6,2020-06,142,Suspected and confirmed
MAHA SARAKHAM,2020,7,2020-07,230,Suspected and confirmed
MAHA SARAKHAM,2020,8,2020-08,170,Suspected and confirmed
MAHA SARAKHAM,2020,9,2020-09,101,Suspected and confirmed
MAHA SARAKHAM,2020,10,2020-10,12,Suspected and confirmed
MAHA SARAKHAM,2020,11,2020-11,4,Suspected and confirmed
MAHA SARAKHAM,2020,12,2020-12,3,Suspected and confirmed
MAHA SARAKHAM,2021,1,2021-01,0,Suspected and confirmed
MAHA SARAKHAM,2021,2,2021-02,3,Suspected and confirmed
MAHA SARAKHAM,2021,3,2021-03,2,Suspected and confirmed
MAHA SARAKHAM,2021,4,2021-04,0,Suspected and confirmed
MAHA SARAKHAM,2021,5,2021-05,3,Suspected and confirmed
MAHA SARAKHAM,2021,6,2021-06,11,Suspected and confirmed
MAHA SARAKHAM,2021,7,2021-07,11,Suspected and confirmed
MAHA SARAKHAM,2021,8,2021-08,16,Suspected and confirmed
MAHA SARAKHAM,2021,9,2021-09,5,Suspected and confirmed
MAHA SARAKHAM,2021,10,2021-10,4,Suspected and confirmed
MAHA SARAKHAM,2021,11,2021-11,3,Suspected and confirmed
MAHA SARAKHAM,2021,12,2021-12,0,Suspected and confirmed
MAHA SARAKHAM,2022,1,2022-01,0,Suspected and confirmed
MAHA SARAKHAM,2022,2,2022-02,0,Suspected and confirmed
MAHA SARAKHAM,2022,3,2022-03,2,Suspected and confirmed
MAHA SARAKHAM,2022,4,2022-04,1,Suspected and confirmed
MAHA SARAKHAM,2022,5,2022-05,26,Suspected and confirmed
MAHA SARAKHAM,2022,6,2022-06,93,Suspected and confirmed
MAHA SARAKHAM,2022,7,2022-07,83,Suspected and confirmed
MAHA SARAKHAM,2022,8,2022-08,79,Suspected and confirmed
MAHA SARAKHAM,2022,9,2022-09,29,Suspected and confirmed
MAHA SARAKHAM,2022,10,2022-10,14,Suspected and confirmed
MAHA SARAKHAM,2022,11,2022-11,29,Suspected and confirmed
MAHA SARAKHAM,2022,12,2022-12,9,Suspected and confirmed
MUKDAHAN,2015,1,2015-01,0,Suspected and confirmed
MUKDAHAN,2015,2,2015-02,2,Suspected and confirmed
MUKDAHAN,2015,3,2015-03,6,Suspected and confirmed
MUKDAHAN,2015,4,2015-04,2,Suspected and confirmed
MUKDAHAN,2015,5,2015-05,7,Suspected and confirmed
MUKDAHAN,2015,6,2015-06,45,Suspected and confirmed
MUKDAHAN,2015,7,2015-07,34,Suspected and confirmed
MUKDAHAN,2015,8,2015-08,47,Suspected and confirmed
MUKDAHAN,2015,9,2015-09,49,Suspected and confirmed
MUKDAHAN,2015,10,2015-10,23,Suspected and confirmed
MUKDAHAN,2015,11,2015-11,30,Suspected and confirmed
MUKDAHAN,2015,12,2015-12,15,Suspected and confirmed
MUKDAHAN,2016,1,2016-01,10,Suspected and confirmed
MUKDAHAN,2016,2,2016-02,7,Suspected and confirmed
MUKDAHAN,2016,3,2016-03,11,Suspected and confirmed
MUKDAHAN,2016,4,2016-04,8,Suspected and confirmed
MUKDAHAN,2016,5,2016-05,7,Suspected and confirmed
MUKDAHAN,2016,6,2016-06,68,Suspected and confirmed
MUKDAHAN,2016,7,2016-07,70,Suspected and confirmed
MUKDAHAN,2016,8,2016-08,81,Suspected and confirmed
MUKDAHAN,2016,9,2016-09,48,Suspected and confirmed
MUKDAHAN,2016,10,2016-10,31,Suspected and confirmed
MUKDAHAN,2016,11,2016-11,19,Suspected and confirmed
MUKDAHAN,2016,12,2016-12,3,Suspected and confirmed
MUKDAHAN,2017,1,2017-01,3,Suspected and confirmed
MUKDAHAN,2017,2,2017-02,9,Suspected and confirmed
MUKDAHAN,2017,3,2017-03,12,Suspected and confirmed
MUKDAHAN,2017,4,2017-04,13,Suspected and confirmed
MUKDAHAN,2017,5,2017-05,19,Suspected and confirmed
MUKDAHAN,2017,6,2017-06,64,Suspected and confirmed
MUKDAHAN,2017,7,2017-07,42,Suspected and confirmed
MUKDAHAN,2017,8,2017-08,21,Suspected and confirmed
MUKDAHAN,2017,9,2017-09,11,Suspected and confirmed
MUKDAHAN,2017,10,2017-10,6,Suspected and confirmed
MUKDAHAN,2017,11,2017-11,4,Suspected and confirmed
MUKDAHAN,2017,12,2017-12,0,Suspected and confirmed
MUKDAHAN,2018,1,2018-01,0,Suspected and confirmed
MUKDAHAN,2018,2,2018-02,0,Suspected and confirmed
MUKDAHAN,2018,3,2018-03,3,Suspected and confirmed
MUKDAHAN,2018,4,2018-04,3,Suspected and confirmed
MUKDAHAN,2018,5,2018-05,35,Suspected and confirmed
MUKDAHAN,2018,6,2018-06,53,Suspected and confirmed
MUKDAHAN,2018,7,2018-07,44,Suspected and confirmed
MUKDAHAN,2018,8,2018-08,38,Suspected and confirmed
MUKDAHAN,2018,9,2018-09,13,Suspected and confirmed
MUKDAHAN,2018,10,2018-10,7,Suspected and confirmed
MUKDAHAN,2018,11,2018-11,2,Suspected and confirmed
MUKDAHAN,2018,12,2018-12,5,Suspected and confirmed
MUKDAHAN,2019,1,2019-01,8,Suspected and confirmed
MUKDAHAN,2019,2,2019-02,12,Suspected and confirmed
MUKDAHAN,2019,3,2019-03,33,Suspected and confirmed
MUKDAHAN,2019,4,2019-04,50,Suspected and confirmed
MUKDAHAN,2019,5,2019-05,140,Suspected and confirmed
MUKDAHAN,2019,6,2019-06,156,Suspected and confirmed
MUKDAHAN,2019,7,2019-07,99,Suspected and confirmed
MUKDAHAN,2019,8,2019-08,86,Suspected and confirmed
MUKDAHAN,2019,9,2019-09,34,Suspected and confirmed
MUKDAHAN,2019,10,2019-10,12,Suspected and confirmed
MUKDAHAN,2019,11,2019-11,3,Suspected and confirmed
MUKDAHAN,2019,12,2019-12,1,Suspected and confirmed
MUKDAHAN,2020,1,2020-01,4,Suspected and confirmed
MUKDAHAN,2020,2,2020-02,8,Suspected and confirmed
MUKDAHAN,2020,3,2020-03,4,Suspected and confirmed
MUKDAHAN,2020,4,2020-04,25,Suspected and confirmed
MUKDAHAN,2020,5,2020-05,35,Suspected and confirmed
MUKDAHAN,2020,6,2020-06,75,Suspected and confirmed
MUKDAHAN,2020,7,2020-07,168,Suspected and confirmed
MUKDAHAN,2020,8,2020-08,78,Suspected and confirmed
MUKDAHAN,2020,9,2020-09,38,Suspected and confirmed
MUKDAHAN,2020,10,2020-10,9,Suspected and confirmed
MUKDAHAN,2020,11,2020-11,1,Suspected and confirmed
MUKDAHAN,2020,12,2020-12,2,Suspected and confirmed
MUKDAHAN,2021,1,2021-01,1,Suspected and confirmed
MUKDAHAN,2021,2,2021-02,1,Suspected and confirmed
MUKDAHAN,2021,3,2021-03,0,Suspected and confirmed
MUKDAHAN,2021,4,2021-04,1,Suspected and confirmed
MUKDAHAN,2021,5,2021-05,0,Suspected and confirmed
MUKDAHAN,2021,6,2021-06,6,Suspected and confirmed
MUKDAHAN,2021,7,2021-07,2,Suspected and confirmed
MUKDAHAN,2021,8,2021-08,1,Suspected and confirmed
MUKDAHAN,2021,9,2021-09,1,Suspected and confirmed
MUKDAHAN,2021,10,2021-10,0,Suspected and confirmed
MUKDAHAN,2021,11,2021-11,4,Suspected and confirmed
MUKDAHAN,2021,12,2021-12,2,Suspected and confirmed
MUKDAHAN,2022,1,2022-01,0,Suspected and confirmed
MUKDAHAN,2022,2,2022-02,0,Suspected and confirmed
MUKDAHAN,2022,3,2022-03,0,Suspected and confirmed
MUKDAHAN,2022,4,2022-04,1,Suspected and confirmed
MUKDAHAN,2022,5,2022-05,0,Suspected and confirmed
MUKDAHAN,2022,6,2022-06,22,Suspected and confirmed
MUKDAHAN,2022,7,2022-07,27,Suspected and confirmed
MUKDAHAN,2022,8,2022-08,35,Suspected and confirmed
MUKDAHAN,2022,9,2022-09,20,Suspected and confirmed
MUKDAHAN,2022,10,2022-10,1,Suspected and confirmed
MUKDAHAN,2022,11,2022-11,1,Suspected and confirmed
MUKDAHAN,2022,12,2022-12,1,Suspected and confirmed
NAKHON NAYOK,2015,1,2015-01,3,Suspected and confirmed
NAKHON NAYOK,2015,2,2015-02,2,Suspected and confirmed
NAKHON NAYOK,2015,3,2015-03,3,Suspected and confirmed
NAKHON NAYOK,2015,4,2015-04,3,Suspected and confirmed
NAKHON NAYOK,2015,5,2015-05,13,Suspected and confirmed
NAKHON NAYOK,2015,6,2015-06,29,Suspected and confirmed
NAKHON NAYOK,2015,7,2015-07,68,Suspected and confirmed
NAKHON NAYOK,2015,8,2015-08,72,Suspected and confirmed
NAKHON NAYOK,2015,9,2015-09,121,Suspected and confirmed
NAKHON NAYOK,2015,10,2015-10,24,Suspected and confirmed
NAKHON NAYOK,2015,11,2015-11,18,Suspected and confirmed
NAKHON NAYOK,2015,12,2015-12,3,Suspected and confirmed
NAKHON NAYOK,2016,1,2016-01,12,Suspected and confirmed
NAKHON NAYOK,2016,2,2016-02,18,Suspected and confirmed
NAKHON NAYOK,2016,3,2016-03,8,Suspected and confirmed
NAKHON NAYOK,2016,4,2016-04,0,Suspected and confirmed
NAKHON NAYOK,2016,5,2016-05,0,Suspected and confirmed
NAKHON NAYOK,2016,6,2016-06,4,Suspected and confirmed
NAKHON NAYOK,2016,7,2016-07,8,Suspected and confirmed
NAKHON NAYOK,2016,8,2016-08,14,Suspected and confirmed
NAKHON NAYOK,2016,9,2016-09,1,Suspected and confirmed
NAKHON NAYOK,2016,10,2016-10,2,Suspected and confirmed
NAKHON NAYOK,2016,11,2016-11,0,Suspected and confirmed
NAKHON NAYOK,2016,12,2016-12,0,Suspected and confirmed
NAKHON NAYOK,2017,1,2017-01,1,Suspected and confirmed
NAKHON NAYOK,2017,2,2017-02,1,Suspected and confirmed
NAKHON NAYOK,2017,3,2017-03,2,Suspected and confirmed
NAKHON NAYOK,2017,4,2017-04,1,Suspected and confirmed
NAKHON NAYOK,2017,5,2017-05,7,Suspected and confirmed
NAKHON NAYOK,2017,6,2017-06,4,Suspected and confirmed
NAKHON NAYOK,2017,7,2017-07,3,Suspected and confirmed
NAKHON NAYOK,2017,8,2017-08,3,Suspected and confirmed
NAKHON NAYOK,2017,9,2017-09,5,Suspected and confirmed
NAKHON NAYOK,2017,10,2017-10,0,Suspected and confirmed
NAKHON NAYOK,2017,11,2017-11,0,Suspected and confirmed
NAKHON NAYOK,2017,12,2017-12,1,Suspected and confirmed
NAKHON NAYOK,2018,1,2018-01,1,Suspected and confirmed
NAKHON NAYOK,2018,2,2018-02,4,Suspected and confirmed
NAKHON NAYOK,2018,3,2018-03,6,Suspected and confirmed
NAKHON NAYOK,2018,4,2018-04,18,Suspected and confirmed
NAKHON NAYOK,2018,5,2018-05,25,Suspected and confirmed
NAKHON NAYOK,2018,6,2018-06,46,Suspected and confirmed
NAKHON NAYOK,2018,7,2018-07,168,Suspected and confirmed
NAKHON NAYOK,2018,8,2018-08,139,Suspected and confirmed
NAKHON NAYOK,2018,9,2018-09,76,Suspected and confirmed
NAKHON NAYOK,2018,10,2018-10,25,Suspected and confirmed
NAKHON NAYOK,2018,11,2018-11,6,Suspected and confirmed
NAKHON NAYOK,2018,12,2018-12,5,Suspected and confirmed
NAKHON NAYOK,2019,1,2019-01,8,Suspected and confirmed
NAKHON NAYOK,2019,2,2019-02,24,Suspected and confirmed
NAKHON NAYOK,2019,3,2019-03,31,Suspected and confirmed
NAKHON NAYOK,2019,4,2019-04,25,Suspected and confirmed
NAKHON NAYOK,2019,5,2019-05,25,Suspected and confirmed
NAKHON NAYOK,2019,6,2019-06,47,Suspected and confirmed
NAKHON NAYOK,2019,7,2019-07,33,Suspected and confirmed
NAKHON NAYOK,2019,8,2019-08,21,Suspected and confirmed
NAKHON NAYOK,2019,9,2019-09,14,Suspected and confirmed
NAKHON NAYOK,2019,10,2019-10,26,Suspected and confirmed
NAKHON NAYOK,2019,11,2019-11,15,Suspected and confirmed
NAKHON NAYOK,2019,12,2019-12,15,Suspected and confirmed
NAKHON NAYOK,2020,1,2020-01,1,Suspected and confirmed
NAKHON NAYOK,2020,2,2020-02,2,Suspected and confirmed
NAKHON NAYOK,2020,3,2020-03,1,Suspected and confirmed
NAKHON NAYOK,2020,4,2020-04,4,Suspected and confirmed
NAKHON NAYOK,2020,5,2020-05,9,Suspected and confirmed
NAKHON NAYOK,2020,6,2020-06,7,Suspected and confirmed
NAKHON NAYOK,2020,7,2020-07,23,Suspected and confirmed
NAKHON NAYOK,2020,8,2020-08,16,Suspected and confirmed
NAKHON NAYOK,2020,9,2020-09,9,Suspected and confirmed
NAKHON NAYOK,2020,10,2020-10,13,Suspected and confirmed
NAKHON NAYOK,2020,11,2020-11,2,Suspected and confirmed
NAKHON NAYOK,2020,12,2020-12,2,Suspected and confirmed
NAKHON NAYOK,2021,1,2021-01,0,Suspected and confirmed
NAKHON NAYOK,2021,2,2021-02,0,Suspected and confirmed
NAKHON NAYOK,2021,3,2021-03,3,Suspected and confirmed
NAKHON NAYOK,2021,4,2021-04,0,Suspected and confirmed
NAKHON NAYOK,2021,5,2021-05,0,Suspected and confirmed
NAKHON NAYOK,2021,6,2021-06,3,Suspected and confirmed
NAKHON NAYOK,2021,7,2021-07,3,Suspected and confirmed
NAKHON NAYOK,2021,8,2021-08,0,Suspected and confirmed
NAKHON NAYOK,2021,9,2021-09,0,Suspected and confirmed
NAKHON NAYOK,2021,10,2021-10,0,Suspected and confirmed
NAKHON NAYOK,2021,11,2021-11,0,Suspected and confirmed
NAKHON NAYOK,2021,12,2021-12,1,Suspected and confirmed
NAKHON NAYOK,2022,1,2022-01,0,Suspected and confirmed
NAKHON NAYOK,2022,2,2022-02,0,Suspected and confirmed
NAKHON NAYOK,2022,3,2022-03,0,Suspected and confirmed
NAKHON NAYOK,2022,4,2022-04,0,Suspected and confirmed
NAKHON NAYOK,2022,5,2022-05,0,Suspected and confirmed
NAKHON NAYOK,2022,6,2022-06,0,Suspected and confirmed
NAKHON NAYOK,2022,7,2022-07,0,Suspected and confirmed
NAKHON NAYOK,2022,8,2022-08,2,Suspected and confirmed
NAKHON NAYOK,2022,9,2022-09,7,Suspected and confirmed
NAKHON NAYOK,2022,10,2022-10,8,Suspected and confirmed
NAKHON NAYOK,2022,11,2022-11,10,Suspected and confirmed
NAKHON NAYOK,2022,12,2022-12,2,Suspected and confirmed
NAKHON PATHOM,2015,1,2015-01,75,Suspected and confirmed
NAKHON PATHOM,2015,2,2015-02,45,Suspected and confirmed
NAKHON PATHOM,2015,3,2015-03,54,Suspected and confirmed
NAKHON PATHOM,2015,4,2015-04,54,Suspected and confirmed
NAKHON PATHOM,2015,5,2015-05,52,Suspected and confirmed
NAKHON PATHOM,2015,6,2015-06,91,Suspected and confirmed
NAKHON PATHOM,2015,7,2015-07,180,Suspected and confirmed
NAKHON PATHOM,2015,8,2015-08,279,Suspected and confirmed
NAKHON PATHOM,2015,9,2015-09,240,Suspected and confirmed
NAKHON PATHOM,2015,10,2015-10,185,Suspected and confirmed
NAKHON PATHOM,2015,11,2015-11,196,Suspected and confirmed
NAKHON PATHOM,2015,12,2015-12,112,Suspected and confirmed
NAKHON PATHOM,2016,1,2016-01,97,Suspected and confirmed
NAKHON PATHOM,2016,2,2016-02,50,Suspected and confirmed
NAKHON PATHOM,2016,3,2016-03,37,Suspected and confirmed
NAKHON PATHOM,2016,4,2016-04,8,Suspected and confirmed
NAKHON PATHOM,2016,5,2016-05,7,Suspected and confirmed
NAKHON PATHOM,2016,6,2016-06,11,Suspected and confirmed
NAKHON PATHOM,2016,7,2016-07,27,Suspected and confirmed
NAKHON PATHOM,2016,8,2016-08,59,Suspected and confirmed
NAKHON PATHOM,2016,9,2016-09,55,Suspected and confirmed
NAKHON PATHOM,2016,10,2016-10,28,Suspected and confirmed
NAKHON PATHOM,2016,11,2016-11,16,Suspected and confirmed
NAKHON PATHOM,2016,12,2016-12,14,Suspected and confirmed
NAKHON PATHOM,2017,1,2017-01,10,Suspected and confirmed
NAKHON PATHOM,2017,2,2017-02,5,Suspected and confirmed
NAKHON PATHOM,2017,3,2017-03,15,Suspected and confirmed
NAKHON PATHOM,2017,4,2017-04,9,Suspected and confirmed
NAKHON PATHOM,2017,5,2017-05,18,Suspected and confirmed
NAKHON PATHOM,2017,6,2017-06,37,Suspected and confirmed
NAKHON PATHOM,2017,7,2017-07,60,Suspected and confirmed
NAKHON PATHOM,2017,8,2017-08,85,Suspected and confirmed
NAKHON PATHOM,2017,9,2017-09,81,Suspected and confirmed
NAKHON PATHOM,2017,10,2017-10,79,Suspected and confirmed
NAKHON PATHOM,2017,11,2017-11,72,Suspected and confirmed
NAKHON PATHOM,2017,12,2017-12,59,Suspected and confirmed
NAKHON PATHOM,2018,1,2018-01,57,Suspected and confirmed
NAKHON PATHOM,2018,2,2018-02,41,Suspected and confirmed
NAKHON PATHOM,2018,3,2018-03,43,Suspected and confirmed
NAKHON PATHOM,2018,4,2018-04,79,Suspected and confirmed
NAKHON PATHOM,2018,5,2018-05,114,Suspected and confirmed
NAKHON PATHOM,2018,6,2018-06,222,Suspected and confirmed
NAKHON PATHOM,2018,7,2018-07,247,Suspected and confirmed
NAKHON PATHOM,2018,8,2018-08,251,Suspected and confirmed
NAKHON PATHOM,2018,9,2018-09,206,Suspected and confirmed
NAKHON PATHOM,2018,10,2018-10,246,Suspected and confirmed
NAKHON PATHOM,2018,11,2018-11,256,Suspected and confirmed
NAKHON PATHOM,2018,12,2018-12,228,Suspected and confirmed
NAKHON PATHOM,2019,1,2019-01,193,Suspected and confirmed
NAKHON PATHOM,2019,2,2019-02,127,Suspected and confirmed
NAKHON PATHOM,2019,3,2019-03,75,Suspected and confirmed
NAKHON PATHOM,2019,4,2019-04,39,Suspected and confirmed
NAKHON PATHOM,2019,5,2019-05,20,Suspected and confirmed
NAKHON PATHOM,2019,6,2019-06,63,Suspected and confirmed
NAKHON PATHOM,2019,7,2019-07,95,Suspected and confirmed
NAKHON PATHOM,2019,8,2019-08,146,Suspected and confirmed
NAKHON PATHOM,2019,9,2019-09,203,Suspected and confirmed
NAKHON PATHOM,2019,10,2019-10,195,Suspected and confirmed
NAKHON PATHOM,2019,11,2019-11,159,Suspected and confirmed
NAKHON PATHOM,2019,12,2019-12,116,Suspected and confirmed
NAKHON PATHOM,2020,1,2020-01,83,Suspected and confirmed
NAKHON PATHOM,2020,2,2020-02,60,Suspected and confirmed
NAKHON PATHOM,2020,3,2020-03,29,Suspected and confirmed
NAKHON PATHOM,2020,4,2020-04,16,Suspected and confirmed
NAKHON PATHOM,2020,5,2020-05,18,Suspected and confirmed
NAKHON PATHOM,2020,6,2020-06,29,Suspected and confirmed
NAKHON PATHOM,2020,7,2020-07,64,Suspected and confirmed
NAKHON PATHOM,2020,8,2020-08,87,Suspected and confirmed
NAKHON PATHOM,2020,9,2020-09,101,Suspected and confirmed
NAKHON PATHOM,2020,10,2020-10,79,Suspected and confirmed
NAKHON PATHOM,2020,11,2020-11,62,Suspected and confirmed
NAKHON PATHOM,2020,12,2020-12,40,Suspected and confirmed
NAKHON PATHOM,2021,1,2021-01,19,Suspected and confirmed
NAKHON PATHOM,2021,2,2021-02,12,Suspected and confirmed
NAKHON PATHOM,2021,3,2021-03,15,Suspected and confirmed
NAKHON PATHOM,2021,4,2021-04,12,Suspected and confirmed
NAKHON PATHOM,2021,5,2021-05,24,Suspected and confirmed
NAKHON PATHOM,2021,6,2021-06,24,Suspected and confirmed
NAKHON PATHOM,2021,7,2021-07,5,Suspected and confirmed
NAKHON PATHOM,2021,8,2021-08,17,Suspected and confirmed
NAKHON PATHOM,2021,9,2021-09,23,Suspected and confirmed
NAKHON PATHOM,2021,10,2021-10,33,Suspected and confirmed
NAKHON PATHOM,2021,11,2021-11,46,Suspected and confirmed
NAKHON PATHOM,2021,12,2021-12,21,Suspected and confirmed
NAKHON PATHOM,2022,1,2022-01,35,Suspected and confirmed
NAKHON PATHOM,2022,2,2022-02,16,Suspected and confirmed
NAKHON PATHOM,2022,3,2022-03,10,Suspected and confirmed
NAKHON PATHOM,2022,4,2022-04,13,Suspected and confirmed
NAKHON PATHOM,2022,5,2022-05,30,Suspected and confirmed
NAKHON PATHOM,2022,6,2022-06,60,Suspected and confirmed
NAKHON PATHOM,2022,7,2022-07,60,Suspected and confirmed
NAKHON PATHOM,2022,8,2022-08,94,Suspected and confirmed
NAKHON PATHOM,2022,9,2022-09,133,Suspected and confirmed
NAKHON PATHOM,2022,10,2022-10,143,Suspected and confirmed
NAKHON PATHOM,2022,11,2022-11,164,Suspected and confirmed
NAKHON PATHOM,2022,12,2022-12,109,Suspected and confirmed
NAKHON PHANOM,2015,1,2015-01,3,Suspected and confirmed
NAKHON PHANOM,2015,2,2015-02,0,Suspected and confirmed
NAKHON PHANOM,2015,3,2015-03,7,Suspected and confirmed
NAKHON PHANOM,2015,4,2015-04,24,Suspected and confirmed
NAKHON PHANOM,2015,5,2015-05,40,Suspected and confirmed
NAKHON PHANOM,2015,6,2015-06,115,Suspected and confirmed
NAKHON PHANOM,2015,7,2015-07,106,Suspected and confirmed
NAKHON PHANOM,2015,8,2015-08,114,Suspected and confirmed
NAKHON PHANOM,2015,9,2015-09,68,Suspected and confirmed
NAKHON PHANOM,2015,10,2015-10,44,Suspected and confirmed
NAKHON PHANOM,2015,11,2015-11,44,Suspected and confirmed
NAKHON PHANOM,2015,12,2015-12,24,Suspected and confirmed
NAKHON PHANOM,2016,1,2016-01,13,Suspected and confirmed
NAKHON PHANOM,2016,2,2016-02,4,Suspected and confirmed
NAKHON PHANOM,2016,3,2016-03,16,Suspected and confirmed
NAKHON PHANOM,2016,4,2016-04,6,Suspected and confirmed
NAKHON PHANOM,2016,5,2016-05,38,Suspected and confirmed
NAKHON PHANOM,2016,6,2016-06,53,Suspected and confirmed
NAKHON PHANOM,2016,7,2016-07,77,Suspected and confirmed
NAKHON PHANOM,2016,8,2016-08,49,Suspected and confirmed
NAKHON PHANOM,2016,9,2016-09,20,Suspected and confirmed
NAKHON PHANOM,2016,10,2016-10,11,Suspected and confirmed
NAKHON PHANOM,2016,11,2016-11,10,Suspected and confirmed
NAKHON PHANOM,2016,12,2016-12,4,Suspected and confirmed
NAKHON PHANOM,2017,1,2017-01,2,Suspected and confirmed
NAKHON PHANOM,2017,2,2017-02,1,Suspected and confirmed
NAKHON PHANOM,2017,3,2017-03,3,Suspected and confirmed
NAKHON PHANOM,2017,4,2017-04,12,Suspected and confirmed
NAKHON PHANOM,2017,5,2017-05,12,Suspected and confirmed
NAKHON PHANOM,2017,6,2017-06,16,Suspected and confirmed
NAKHON PHANOM,2017,7,2017-07,21,Suspected and confirmed
NAKHON PHANOM,2017,8,2017-08,15,Suspected and confirmed
NAKHON PHANOM,2017,9,2017-09,5,Suspected and confirmed
NAKHON PHANOM,2017,10,2017-10,4,Suspected and confirmed
NAKHON PHANOM,2017,11,2017-11,2,Suspected and confirmed
NAKHON PHANOM,2017,12,2017-12,1,Suspected and confirmed
NAKHON PHANOM,2018,1,2018-01,2,Suspected and confirmed
NAKHON PHANOM,2018,2,2018-02,1,Suspected and confirmed
NAKHON PHANOM,2018,3,2018-03,9,Suspected and confirmed
NAKHON PHANOM,2018,4,2018-04,5,Suspected and confirmed
NAKHON PHANOM,2018,5,2018-05,21,Suspected and confirmed
NAKHON PHANOM,2018,6,2018-06,21,Suspected and confirmed
NAKHON PHANOM,2018,7,2018-07,14,Suspected and confirmed
NAKHON PHANOM,2018,8,2018-08,4,Suspected and confirmed
NAKHON PHANOM,2018,9,2018-09,3,Suspected and confirmed
NAKHON PHANOM,2018,10,2018-10,3,Suspected and confirmed
NAKHON PHANOM,2018,11,2018-11,4,Suspected and confirmed
NAKHON PHANOM,2018,12,2018-12,2,Suspected and confirmed
NAKHON PHANOM,2019,1,2019-01,2,Suspected and confirmed
NAKHON PHANOM,2019,2,2019-02,11,Suspected and confirmed
NAKHON PHANOM,2019,3,2019-03,15,Suspected and confirmed
NAKHON PHANOM,2019,4,2019-04,49,Suspected and confirmed
NAKHON PHANOM,2019,5,2019-05,166,Suspected and confirmed
NAKHON PHANOM,2019,6,2019-06,242,Suspected and confirmed
NAKHON PHANOM,2019,7,2019-07,107,Suspected and confirmed
NAKHON PHANOM,2019,8,2019-08,68,Suspected and confirmed
NAKHON PHANOM,2019,9,2019-09,27,Suspected and confirmed
NAKHON PHANOM,2019,10,2019-10,11,Suspected and confirmed
NAKHON PHANOM,2019,11,2019-11,5,Suspected and confirmed
NAKHON PHANOM,2019,12,2019-12,3,Suspected and confirmed
NAKHON PHANOM,2020,1,2020-01,10,Suspected and confirmed
NAKHON PHANOM,2020,2,2020-02,13,Suspected and confirmed
NAKHON PHANOM,2020,3,2020-03,21,Suspected and confirmed
NAKHON PHANOM,2020,4,2020-04,32,Suspected and confirmed
NAKHON PHANOM,2020,5,2020-05,65,Suspected and confirmed
NAKHON PHANOM,2020,6,2020-06,87,Suspected and confirmed
NAKHON PHANOM,2020,7,2020-07,102,Suspected and confirmed
NAKHON PHANOM,2020,8,2020-08,22,Suspected and confirmed
NAKHON PHANOM,2020,9,2020-09,17,Suspected and confirmed
NAKHON PHANOM,2020,10,2020-10,6,Suspected and confirmed
NAKHON PHANOM,2020,11,2020-11,2,Suspected and confirmed
NAKHON PHANOM,2020,12,2020-12,1,Suspected and confirmed
NAKHON PHANOM,2021,1,2021-01,0,Suspected and confirmed
NAKHON PHANOM,2021,2,2021-02,0,Suspected and confirmed
NAKHON PHANOM,2021,3,2021-03,2,Suspected and confirmed
NAKHON PHANOM,2021,4,2021-04,2,Suspected and confirmed
NAKHON PHANOM,2021,5,2021-05,5,Suspected and confirmed
NAKHON PHANOM,2021,6,2021-06,25,Suspected and confirmed
NAKHON PHANOM,2021,7,2021-07,20,Suspected and confirmed
NAKHON PHANOM,2021,8,2021-08,9,Suspected and confirmed
NAKHON PHANOM,2021,9,2021-09,14,Suspected and confirmed
NAKHON PHANOM,2021,10,2021-10,10,Suspected and confirmed
NAKHON PHANOM,2021,11,2021-11,3,Suspected and confirmed
NAKHON PHANOM,2021,12,2021-12,0,Suspected and confirmed
NAKHON PHANOM,2022,1,2022-01,4,Suspected and confirmed
NAKHON PHANOM,2022,2,2022-02,2,Suspected and confirmed
NAKHON PHANOM,2022,3,2022-03,4,Suspected and confirmed
NAKHON PHANOM,2022,4,2022-04,1,Suspected and confirmed
NAKHON PHANOM,2022,5,2022-05,12,Suspected and confirmed
NAKHON PHANOM,2022,6,2022-06,55,Suspected and confirmed
NAKHON PHANOM,2022,7,2022-07,63,Suspected and confirmed
NAKHON PHANOM,2022,8,2022-08,23,Suspected and confirmed
NAKHON PHANOM,2022,9,2022-09,20,Suspected and confirmed
NAKHON PHANOM,2022,10,2022-10,12,Suspected and confirmed
NAKHON PHANOM,2022,11,2022-11,3,Suspected and confirmed
NAKHON PHANOM,2022,12,2022-12,4,Suspected and confirmed
NAKHON RATCHASIMA,2015,1,2015-01,22,Suspected and confirmed
NAKHON RATCHASIMA,2015,2,2015-02,25,Suspected and confirmed
NAKHON RATCHASIMA,2015,3,2015-03,28,Suspected and confirmed
NAKHON RATCHASIMA,2015,4,2015-04,63,Suspected and confirmed
NAKHON RATCHASIMA,2015,5,2015-05,146,Suspected and confirmed
NAKHON RATCHASIMA,2015,6,2015-06,298,Suspected and confirmed
NAKHON RATCHASIMA,2015,7,2015-07,543,Suspected and confirmed
NAKHON RATCHASIMA,2015,8,2015-08,644,Suspected and confirmed
NAKHON RATCHASIMA,2015,9,2015-09,777,Suspected and confirmed
NAKHON RATCHASIMA,2015,10,2015-10,634,Suspected and confirmed
NAKHON RATCHASIMA,2015,11,2015-11,555,Suspected and confirmed
NAKHON RATCHASIMA,2015,12,2015-12,198,Suspected and confirmed
NAKHON RATCHASIMA,2016,1,2016-01,98,Suspected and confirmed
NAKHON RATCHASIMA,2016,2,2016-02,67,Suspected and confirmed
NAKHON RATCHASIMA,2016,3,2016-03,57,Suspected and confirmed
NAKHON RATCHASIMA,2016,4,2016-04,38,Suspected and confirmed
NAKHON RATCHASIMA,2016,5,2016-05,25,Suspected and confirmed
NAKHON RATCHASIMA,2016,6,2016-06,66,Suspected and confirmed
NAKHON RATCHASIMA,2016,7,2016-07,112,Suspected and confirmed
NAKHON RATCHASIMA,2016,8,2016-08,194,Suspected and confirmed
NAKHON RATCHASIMA,2016,9,2016-09,129,Suspected and confirmed
NAKHON RATCHASIMA,2016,10,2016-10,75,Suspected and confirmed
NAKHON RATCHASIMA,2016,11,2016-11,53,Suspected and confirmed
NAKHON RATCHASIMA,2016,12,2016-12,18,Suspected and confirmed
NAKHON RATCHASIMA,2017,1,2017-01,18,Suspected and confirmed
NAKHON RATCHASIMA,2017,2,2017-02,14,Suspected and confirmed
NAKHON RATCHASIMA,2017,3,2017-03,26,Suspected and confirmed
NAKHON RATCHASIMA,2017,4,2017-04,28,Suspected and confirmed
NAKHON RATCHASIMA,2017,5,2017-05,104,Suspected and confirmed
NAKHON RATCHASIMA,2017,6,2017-06,193,Suspected and confirmed
NAKHON RATCHASIMA,2017,7,2017-07,227,Suspected and confirmed
NAKHON RATCHASIMA,2017,8,2017-08,224,Suspected and confirmed
NAKHON RATCHASIMA,2017,9,2017-09,93,Suspected and confirmed
NAKHON RATCHASIMA,2017,10,2017-10,49,Suspected and confirmed
NAKHON RATCHASIMA,2017,11,2017-11,36,Suspected and confirmed
NAKHON RATCHASIMA,2017,12,2017-12,14,Suspected and confirmed
NAKHON RATCHASIMA,2018,1,2018-01,20,Suspected and confirmed
NAKHON RATCHASIMA,2018,2,2018-02,15,Suspected and confirmed
NAKHON RATCHASIMA,2018,3,2018-03,26,Suspected and confirmed
NAKHON RATCHASIMA,2018,4,2018-04,40,Suspected and confirmed
NAKHON RATCHASIMA,2018,5,2018-05,162,Suspected and confirmed
NAKHON RATCHASIMA,2018,6,2018-06,455,Suspected and confirmed
NAKHON RATCHASIMA,2018,7,2018-07,328,Suspected and confirmed
NAKHON RATCHASIMA,2018,8,2018-08,360,Suspected and confirmed
NAKHON RATCHASIMA,2018,9,2018-09,309,Suspected and confirmed
NAKHON RATCHASIMA,2018,10,2018-10,324,Suspected and confirmed
NAKHON RATCHASIMA,2018,11,2018-11,229,Suspected and confirmed
NAKHON RATCHASIMA,2018,12,2018-12,155,Suspected and confirmed
NAKHON RATCHASIMA,2019,1,2019-01,127,Suspected and confirmed
NAKHON RATCHASIMA,2019,2,2019-02,194,Suspected and confirmed
NAKHON RATCHASIMA,2019,3,2019-03,230,Suspected and confirmed
NAKHON RATCHASIMA,2019,4,2019-04,254,Suspected and confirmed
NAKHON RATCHASIMA,2019,5,2019-05,528,Suspected and confirmed
NAKHON RATCHASIMA,2019,6,2019-06,1519,Suspected and confirmed
NAKHON RATCHASIMA,2019,7,2019-07,1284,Suspected and confirmed
NAKHON RATCHASIMA,2019,8,2019-08,776,Suspected and confirmed
NAKHON RATCHASIMA,2019,9,2019-09,558,Suspected and confirmed
NAKHON RATCHASIMA,2019,10,2019-10,789,Suspected and confirmed
NAKHON RATCHASIMA,2019,11,2019-11,670,Suspected and confirmed
NAKHON RATCHASIMA,2019,12,2019-12,207,Suspected and confirmed
NAKHON RATCHASIMA,2020,1,2020-01,204,Suspected and confirmed
NAKHON RATCHASIMA,2020,2,2020-02,136,Suspected and confirmed
NAKHON RATCHASIMA,2020,3,2020-03,162,Suspected and confirmed
NAKHON RATCHASIMA,2020,4,2020-04,151,Suspected and confirmed
NAKHON RATCHASIMA,2020,5,2020-05,454,Suspected and confirmed
NAKHON RATCHASIMA,2020,6,2020-06,868,Suspected and confirmed
NAKHON RATCHASIMA,2020,7,2020-07,1213,Suspected and confirmed
NAKHON RATCHASIMA,2020,8,2020-08,796,Suspected and confirmed
NAKHON RATCHASIMA,2020,9,2020-09,323,Suspected and confirmed
NAKHON RATCHASIMA,2020,10,2020-10,59,Suspected and confirmed
NAKHON RATCHASIMA,2020,11,2020-11,30,Suspected and confirmed
NAKHON RATCHASIMA,2020,12,2020-12,11,Suspected and confirmed
NAKHON RATCHASIMA,2021,1,2021-01,9,Suspected and confirmed
NAKHON RATCHASIMA,2021,2,2021-02,18,Suspected and confirmed
NAKHON RATCHASIMA,2021,3,2021-03,24,Suspected and confirmed
NAKHON RATCHASIMA,2021,4,2021-04,10,Suspected and confirmed
NAKHON RATCHASIMA,2021,5,2021-05,7,Suspected and confirmed
NAKHON RATCHASIMA,2021,6,2021-06,8,Suspected and confirmed
NAKHON RATCHASIMA,2021,7,2021-07,7,Suspected and confirmed
NAKHON RATCHASIMA,2021,8,2021-08,5,Suspected and confirmed
NAKHON RATCHASIMA,2021,9,2021-09,4,Suspected and confirmed
NAKHON RATCHASIMA,2021,10,2021-10,12,Suspected and confirmed
NAKHON RATCHASIMA,2021,11,2021-11,5,Suspected and confirmed
NAKHON RATCHASIMA,2021,12,2021-12,4,Suspected and confirmed
NAKHON RATCHASIMA,2022,1,2022-01,4,Suspected and confirmed
NAKHON RATCHASIMA,2022,2,2022-02,8,Suspected and confirmed
NAKHON RATCHASIMA,2022,3,2022-03,7,Suspected and confirmed
NAKHON RATCHASIMA,2022,4,2022-04,12,Suspected and confirmed
NAKHON RATCHASIMA,2022,5,2022-05,52,Suspected and confirmed
NAKHON RATCHASIMA,2022,6,2022-06,71,Suspected and confirmed
NAKHON RATCHASIMA,2022,7,2022-07,86,Suspected and confirmed
NAKHON RATCHASIMA,2022,8,2022-08,153,Suspected and confirmed
NAKHON RATCHASIMA,2022,9,2022-09,74,Suspected and confirmed
NAKHON RATCHASIMA,2022,10,2022-10,41,Suspected and confirmed
NAKHON RATCHASIMA,2022,11,2022-11,43,Suspected and confirmed
NAKHON RATCHASIMA,2022,12,2022-12,22,Suspected and confirmed
NAKHON SAWAN,2015,1,2015-01,13,Suspected and confirmed
NAKHON SAWAN,2015,2,2015-02,12,Suspected and confirmed
NAKHON SAWAN,2015,3,2015-03,19,Suspected and confirmed
NAKHON SAWAN,2015,4,2015-04,36,Suspected and confirmed
NAKHON SAWAN,2015,5,2015-05,146,Suspected and confirmed
NAKHON SAWAN,2015,6,2015-06,189,Suspected and confirmed
NAKHON SAWAN,2015,7,2015-07,293,Suspected and confirmed
NAKHON SAWAN,2015,8,2015-08,368,Suspected and confirmed
NAKHON SAWAN,2015,9,2015-09,432,Suspected and confirmed
NAKHON SAWAN,2015,10,2015-10,391,Suspected and confirmed
NAKHON SAWAN,2015,11,2015-11,426,Suspected and confirmed
NAKHON SAWAN,2015,12,2015-12,97,Suspected and confirmed
NAKHON SAWAN,2016,1,2016-01,79,Suspected and confirmed
NAKHON SAWAN,2016,2,2016-02,58,Suspected and confirmed
NAKHON SAWAN,2016,3,2016-03,52,Suspected and confirmed
NAKHON SAWAN,2016,4,2016-04,15,Suspected and confirmed
NAKHON SAWAN,2016,5,2016-05,6,Suspected and confirmed
NAKHON SAWAN,2016,6,2016-06,13,Suspected and confirmed
NAKHON SAWAN,2016,7,2016-07,33,Suspected and confirmed
NAKHON SAWAN,2016,8,2016-08,71,Suspected and confirmed
NAKHON SAWAN,2016,9,2016-09,52,Suspected and confirmed
NAKHON SAWAN,2016,10,2016-10,24,Suspected and confirmed
NAKHON SAWAN,2016,11,2016-11,18,Suspected and confirmed
NAKHON SAWAN,2016,12,2016-12,9,Suspected and confirmed
NAKHON SAWAN,2017,1,2017-01,9,Suspected and confirmed
NAKHON SAWAN,2017,2,2017-02,6,Suspected and confirmed
NAKHON SAWAN,2017,3,2017-03,7,Suspected and confirmed
NAKHON SAWAN,2017,4,2017-04,10,Suspected and confirmed
NAKHON SAWAN,2017,5,2017-05,9,Suspected and confirmed
NAKHON SAWAN,2017,6,2017-06,41,Suspected and confirmed
NAKHON SAWAN,2017,7,2017-07,67,Suspected and confirmed
NAKHON SAWAN,2017,8,2017-08,94,Suspected and confirmed
NAKHON SAWAN,2017,9,2017-09,46,Suspected and confirmed
NAKHON SAWAN,2017,10,2017-10,30,Suspected and confirmed
NAKHON SAWAN,2017,11,2017-11,41,Suspected and confirmed
NAKHON SAWAN,2017,12,2017-12,20,Suspected and confirmed
NAKHON SAWAN,2018,1,2018-01,17,Suspected and confirmed
NAKHON SAWAN,2018,2,2018-02,16,Suspected and confirmed
NAKHON SAWAN,2018,3,2018-03,32,Suspected and confirmed
NAKHON SAWAN,2018,4,2018-04,59,Suspected and confirmed
NAKHON SAWAN,2018,5,2018-05,142,Suspected and confirmed
NAKHON SAWAN,2018,6,2018-06,361,Suspected and confirmed
NAKHON SAWAN,2018,7,2018-07,307,Suspected and confirmed
NAKHON SAWAN,2018,8,2018-08,294,Suspected and confirmed
NAKHON SAWAN,2018,9,2018-09,304,Suspected and confirmed
NAKHON SAWAN,2018,10,2018-10,267,Suspected and confirmed
NAKHON SAWAN,2018,11,2018-11,209,Suspected and confirmed
NAKHON SAWAN,2018,12,2018-12,162,Suspected and confirmed
NAKHON SAWAN,2019,1,2019-01,102,Suspected and confirmed
NAKHON SAWAN,2019,2,2019-02,106,Suspected and confirmed
NAKHON SAWAN,2019,3,2019-03,89,Suspected and confirmed
NAKHON SAWAN,2019,4,2019-04,48,Suspected and confirmed
NAKHON SAWAN,2019,5,2019-05,36,Suspected and confirmed
NAKHON SAWAN,2019,6,2019-06,60,Suspected and confirmed
NAKHON SAWAN,2019,7,2019-07,174,Suspected and confirmed
NAKHON SAWAN,2019,8,2019-08,121,Suspected and confirmed
NAKHON SAWAN,2019,9,2019-09,75,Suspected and confirmed
NAKHON SAWAN,2019,10,2019-10,96,Suspected and confirmed
NAKHON SAWAN,2019,11,2019-11,88,Suspected and confirmed
NAKHON SAWAN,2019,12,2019-12,40,Suspected and confirmed
NAKHON SAWAN,2020,1,2020-01,42,Suspected and confirmed
NAKHON SAWAN,2020,2,2020-02,27,Suspected and confirmed
NAKHON SAWAN,2020,3,2020-03,29,Suspected and confirmed
NAKHON SAWAN,2020,4,2020-04,10,Suspected and confirmed
NAKHON SAWAN,2020,5,2020-05,7,Suspected and confirmed
NAKHON SAWAN,2020,6,2020-06,33,Suspected and confirmed
NAKHON SAWAN,2020,7,2020-07,156,Suspected and confirmed
NAKHON SAWAN,2020,8,2020-08,170,Suspected and confirmed
NAKHON SAWAN,2020,9,2020-09,176,Suspected and confirmed
NAKHON SAWAN,2020,10,2020-10,141,Suspected and confirmed
NAKHON SAWAN,2020,11,2020-11,103,Suspected and confirmed
NAKHON SAWAN,2020,12,2020-12,65,Suspected and confirmed
NAKHON SAWAN,2021,1,2021-01,17,Suspected and confirmed
NAKHON SAWAN,2021,2,2021-02,14,Suspected and confirmed
NAKHON SAWAN,2021,3,2021-03,11,Suspected and confirmed
NAKHON SAWAN,2021,4,2021-04,6,Suspected and confirmed
NAKHON SAWAN,2021,5,2021-05,19,Suspected and confirmed
NAKHON SAWAN,2021,6,2021-06,16,Suspected and confirmed
NAKHON SAWAN,2021,7,2021-07,13,Suspected and confirmed
NAKHON SAWAN,2021,8,2021-08,13,Suspected and confirmed
NAKHON SAWAN,2021,9,2021-09,17,Suspected and confirmed
NAKHON SAWAN,2021,10,2021-10,10,Suspected and confirmed
NAKHON SAWAN,2021,11,2021-11,7,Suspected and confirmed
NAKHON SAWAN,2021,12,2021-12,7,Suspected and confirmed
NAKHON SAWAN,2022,1,2022-01,4,Suspected and confirmed
NAKHON SAWAN,2022,2,2022-02,2,Suspected and confirmed
NAKHON SAWAN,2022,3,2022-03,2,Suspected and confirmed
NAKHON SAWAN,2022,4,2022-04,7,Suspected and confirmed
NAKHON SAWAN,2022,5,2022-05,22,Suspected and confirmed
NAKHON SAWAN,2022,6,2022-06,73,Suspected and confirmed
NAKHON SAWAN,2022,7,2022-07,105,Suspected and confirmed
NAKHON SAWAN,2022,8,2022-08,71,Suspected and confirmed
NAKHON SAWAN,2022,9,2022-09,60,Suspected and confirmed
NAKHON SAWAN,2022,10,2022-10,48,Suspected and confirmed
NAKHON SAWAN,2022,11,2022-11,45,Suspected and confirmed
NAKHON SAWAN,2022,12,2022-12,40,Suspected and confirmed
NAKHON SI THAMMARAT,2015,1,2015-01,102,Suspected and confirmed
NAKHON SI THAMMARAT,2015,2,2015-02,71,Suspected and confirmed
NAKHON SI THAMMARAT,2015,3,2015-03,60,Suspected and confirmed
NAKHON SI THAMMARAT,2015,4,2015-04,50,Suspected and confirmed
NAKHON SI THAMMARAT,2015,5,2015-05,50,Suspected and confirmed
NAKHON SI THAMMARAT,2015,6,2015-06,116,Suspected and confirmed
NAKHON SI THAMMARAT,2015,7,2015-07,190,Suspected and confirmed
NAKHON SI THAMMARAT,2015,8,2015-08,161,Suspected and confirmed
NAKHON SI THAMMARAT,2015,9,2015-09,148,Suspected and confirmed
NAKHON SI THAMMARAT,2015,10,2015-10,133,Suspected and confirmed
NAKHON SI THAMMARAT,2015,11,2015-11,178,Suspected and confirmed
NAKHON SI THAMMARAT,2015,12,2015-12,153,Suspected and confirmed
NAKHON SI THAMMARAT,2016,1,2016-01,194,Suspected and confirmed
NAKHON SI THAMMARAT,2016,2,2016-02,130,Suspected and confirmed
NAKHON SI THAMMARAT,2016,3,2016-03,84,Suspected and confirmed
NAKHON SI THAMMARAT,2016,4,2016-04,30,Suspected and confirmed
NAKHON SI THAMMARAT,2016,5,2016-05,23,Suspected and confirmed
NAKHON SI THAMMARAT,2016,6,2016-06,50,Suspected and confirmed
NAKHON SI THAMMARAT,2016,7,2016-07,117,Suspected and confirmed
NAKHON SI THAMMARAT,2016,8,2016-08,230,Suspected and confirmed
NAKHON SI THAMMARAT,2016,9,2016-09,268,Suspected and confirmed
NAKHON SI THAMMARAT,2016,10,2016-10,200,Suspected and confirmed
NAKHON SI THAMMARAT,2016,11,2016-11,208,Suspected and confirmed
NAKHON SI THAMMARAT,2016,12,2016-12,101,Suspected and confirmed
NAKHON SI THAMMARAT,2017,1,2017-01,158,Suspected and confirmed
NAKHON SI THAMMARAT,2017,2,2017-02,173,Suspected and confirmed
NAKHON SI THAMMARAT,2017,3,2017-03,133,Suspected and confirmed
NAKHON SI THAMMARAT,2017,4,2017-04,138,Suspected and confirmed
NAKHON SI THAMMARAT,2017,5,2017-05,201,Suspected and confirmed
NAKHON SI THAMMARAT,2017,6,2017-06,197,Suspected and confirmed
NAKHON SI THAMMARAT,2017,7,2017-07,187,Suspected and confirmed
NAKHON SI THAMMARAT,2017,8,2017-08,187,Suspected and confirmed
NAKHON SI THAMMARAT,2017,9,2017-09,154,Suspected and confirmed
NAKHON SI THAMMARAT,2017,10,2017-10,187,Suspected and confirmed
NAKHON SI THAMMARAT,2017,11,2017-11,199,Suspected and confirmed
NAKHON SI THAMMARAT,2017,12,2017-12,149,Suspected and confirmed
NAKHON SI THAMMARAT,2018,1,2018-01,125,Suspected and confirmed
NAKHON SI THAMMARAT,2018,2,2018-02,135,Suspected and confirmed
NAKHON SI THAMMARAT,2018,3,2018-03,123,Suspected and confirmed
NAKHON SI THAMMARAT,2018,4,2018-04,93,Suspected and confirmed
NAKHON SI THAMMARAT,2018,5,2018-05,201,Suspected and confirmed
NAKHON SI THAMMARAT,2018,6,2018-06,249,Suspected and confirmed
NAKHON SI THAMMARAT,2018,7,2018-07,319,Suspected and confirmed
NAKHON SI THAMMARAT,2018,8,2018-08,370,Suspected and confirmed
NAKHON SI THAMMARAT,2018,9,2018-09,315,Suspected and confirmed
NAKHON SI THAMMARAT,2018,10,2018-10,295,Suspected and confirmed
NAKHON SI THAMMARAT,2018,11,2018-11,315,Suspected and confirmed
NAKHON SI THAMMARAT,2018,12,2018-12,299,Suspected and confirmed
NAKHON SI THAMMARAT,2019,1,2019-01,210,Suspected and confirmed
NAKHON SI THAMMARAT,2019,2,2019-02,203,Suspected and confirmed
NAKHON SI THAMMARAT,2019,3,2019-03,159,Suspected and confirmed
NAKHON SI THAMMARAT,2019,4,2019-04,120,Suspected and confirmed
NAKHON SI THAMMARAT,2019,5,2019-05,141,Suspected and confirmed
NAKHON SI THAMMARAT,2019,6,2019-06,314,Suspected and confirmed
NAKHON SI THAMMARAT,2019,7,2019-07,539,Suspected and confirmed
NAKHON SI THAMMARAT,2019,8,2019-08,337,Suspected and confirmed
NAKHON SI THAMMARAT,2019,9,2019-09,327,Suspected and confirmed
NAKHON SI THAMMARAT,2019,10,2019-10,298,Suspected and confirmed
NAKHON SI THAMMARAT,2019,11,2019-11,270,Suspected and confirmed
NAKHON SI THAMMARAT,2019,12,2019-12,175,Suspected and confirmed
NAKHON SI THAMMARAT,2020,1,2020-01,134,Suspected and confirmed
NAKHON SI THAMMARAT,2020,2,2020-02,77,Suspected and confirmed
NAKHON SI THAMMARAT,2020,3,2020-03,43,Suspected and confirmed
NAKHON SI THAMMARAT,2020,4,2020-04,25,Suspected and confirmed
NAKHON SI THAMMARAT,2020,5,2020-05,44,Suspected and confirmed
NAKHON SI THAMMARAT,2020,6,2020-06,104,Suspected and confirmed
NAKHON SI THAMMARAT,2020,7,2020-07,117,Suspected and confirmed
NAKHON SI THAMMARAT,2020,8,2020-08,88,Suspected and confirmed
NAKHON SI THAMMARAT,2020,9,2020-09,42,Suspected and confirmed
NAKHON SI THAMMARAT,2020,10,2020-10,28,Suspected and confirmed
NAKHON SI THAMMARAT,2020,11,2020-11,15,Suspected and confirmed
NAKHON SI THAMMARAT,2020,12,2020-12,11,Suspected and confirmed
NAKHON SI THAMMARAT,2021,1,2021-01,19,Suspected and confirmed
NAKHON SI THAMMARAT,2021,2,2021-02,14,Suspected and confirmed
NAKHON SI THAMMARAT,2021,3,2021-03,11,Suspected and confirmed
NAKHON SI THAMMARAT,2021,4,2021-04,12,Suspected and confirmed
NAKHON SI THAMMARAT,2021,5,2021-05,9,Suspected and confirmed
NAKHON SI THAMMARAT,2021,6,2021-06,9,Suspected and confirmed
NAKHON SI THAMMARAT,2021,7,2021-07,2,Suspected and confirmed
NAKHON SI THAMMARAT,2021,8,2021-08,6,Suspected and confirmed
NAKHON SI THAMMARAT,2021,9,2021-09,0,Suspected and confirmed
NAKHON SI THAMMARAT,2021,10,2021-10,4,Suspected and confirmed
NAKHON SI THAMMARAT,2021,11,2021-11,0,Suspected and confirmed
NAKHON SI THAMMARAT,2021,12,2021-12,0,Suspected and confirmed
NAKHON SI THAMMARAT,2022,1,2022-01,1,Suspected and confirmed
NAKHON SI THAMMARAT,2022,2,2022-02,4,Suspected and confirmed
NAKHON SI THAMMARAT,2022,3,2022-03,3,Suspected and confirmed
NAKHON SI THAMMARAT,2022,4,2022-04,4,Suspected and confirmed
NAKHON SI THAMMARAT,2022,5,2022-05,10,Suspected and confirmed
NAKHON SI THAMMARAT,2022,6,2022-06,4,Suspected and confirmed
NAKHON SI THAMMARAT,2022,7,2022-07,8,Suspected and confirmed
NAKHON SI THAMMARAT,2022,8,2022-08,13,Suspected and confirmed
NAKHON SI THAMMARAT,2022,9,2022-09,26,Suspected and confirmed
NAKHON SI THAMMARAT,2022,10,2022-10,38,Suspected and confirmed
NAKHON SI THAMMARAT,2022,11,2022-11,47,Suspected and confirmed
NAKHON SI THAMMARAT,2022,12,2022-12,31,Suspected and confirmed
NAN,2015,1,2015-01,0,Suspected and confirmed
NAN,2015,2,2015-02,0,Suspected and confirmed
NAN,2015,3,2015-03,2,Suspected and confirmed
NAN,2015,4,2015-04,13,Suspected and confirmed
NAN,2015,5,2015-05,60,Suspected and confirmed
NAN,2015,6,2015-06,73,Suspected and confirmed
NAN,2015,7,2015-07,101,Suspected and confirmed
NAN,2015,8,2015-08,77,Suspected and confirmed
NAN,2015,9,2015-09,47,Suspected and confirmed
NAN,2015,10,2015-10,16,Suspected and confirmed
NAN,2015,11,2015-11,8,Suspected and confirmed
NAN,2015,12,2015-12,7,Suspected and confirmed
NAN,2016,1,2016-01,1,Suspected and confirmed
NAN,2016,2,2016-02,4,Suspected and confirmed
NAN,2016,3,2016-03,6,Suspected and confirmed
NAN,2016,4,2016-04,3,Suspected and confirmed
NAN,2016,5,2016-05,17,Suspected and confirmed
NAN,2016,6,2016-06,45,Suspected and confirmed
NAN,2016,7,2016-07,32,Suspected and confirmed
NAN,2016,8,2016-08,28,Suspected and confirmed
NAN,2016,9,2016-09,4,Suspected and confirmed
NAN,2016,10,2016-10,15,Suspected and confirmed
NAN,2016,11,2016-11,11,Suspected and confirmed
NAN,2016,12,2016-12,15,Suspected and confirmed
NAN,2017,1,2017-01,10,Suspected and confirmed
NAN,2017,2,2017-02,7,Suspected and confirmed
NAN,2017,3,2017-03,2,Suspected and confirmed
NAN,2017,4,2017-04,13,Suspected and confirmed
NAN,2017,5,2017-05,67,Suspected and confirmed
NAN,2017,6,2017-06,63,Suspected and confirmed
NAN,2017,7,2017-07,58,Suspected and confirmed
NAN,2017,8,2017-08,33,Suspected and confirmed
NAN,2017,9,2017-09,17,Suspected and confirmed
NAN,2017,10,2017-10,18,Suspected and confirmed
NAN,2017,11,2017-11,14,Suspected and confirmed
NAN,2017,12,2017-12,2,Suspected and confirmed
NAN,2018,1,2018-01,6,Suspected and confirmed
NAN,2018,2,2018-02,0,Suspected and confirmed
NAN,2018,3,2018-03,7,Suspected and confirmed
NAN,2018,4,2018-04,8,Suspected and confirmed
NAN,2018,5,2018-05,66,Suspected and confirmed
NAN,2018,6,2018-06,103,Suspected and confirmed
NAN,2018,7,2018-07,97,Suspected and confirmed
NAN,2018,8,2018-08,45,Suspected and confirmed
NAN,2018,9,2018-09,10,Suspected and confirmed
NAN,2018,10,2018-10,5,Suspected and confirmed
NAN,2018,11,2018-11,2,Suspected and confirmed
NAN,2018,12,2018-12,1,Suspected and confirmed
NAN,2019,1,2019-01,3,Suspected and confirmed
NAN,2019,2,2019-02,8,Suspected and confirmed
NAN,2019,3,2019-03,2,Suspected and confirmed
NAN,2019,4,2019-04,18,Suspected and confirmed
NAN,2019,5,2019-05,24,Suspected and confirmed
NAN,2019,6,2019-06,61,Suspected and confirmed
NAN,2019,7,2019-07,55,Suspected and confirmed
NAN,2019,8,2019-08,52,Suspected and confirmed
NAN,2019,9,2019-09,69,Suspected and confirmed
NAN,2019,10,2019-10,43,Suspected and confirmed
NAN,2019,11,2019-11,27,Suspected and confirmed
NAN,2019,12,2019-12,3,Suspected and confirmed
NAN,2020,1,2020-01,3,Suspected and confirmed
NAN,2020,2,2020-02,0,Suspected and confirmed
NAN,2020,3,2020-03,7,Suspected and confirmed
NAN,2020,4,2020-04,31,Suspected and confirmed
NAN,2020,5,2020-05,18,Suspected and confirmed
NAN,2020,6,2020-06,40,Suspected and confirmed
NAN,2020,7,2020-07,60,Suspected and confirmed
NAN,2020,8,2020-08,30,Suspected and confirmed
NAN,2020,9,2020-09,11,Suspected and confirmed
NAN,2020,10,2020-10,11,Suspected and confirmed
NAN,2020,11,2020-11,10,Suspected and confirmed
NAN,2020,12,2020-12,1,Suspected and confirmed
NAN,2021,1,2021-01,0,Suspected and confirmed
NAN,2021,2,2021-02,0,Suspected and confirmed
NAN,2021,3,2021-03,0,Suspected and confirmed
NAN,2021,4,2021-04,15,Suspected and confirmed
NAN,2021,5,2021-05,32,Suspected and confirmed
NAN,2021,6,2021-06,16,Suspected and confirmed
NAN,2021,7,2021-07,5,Suspected and confirmed
NAN,2021,8,2021-08,10,Suspected and confirmed
NAN,2021,9,2021-09,4,Suspected and confirmed
NAN,2021,10,2021-10,5,Suspected and confirmed
NAN,2021,11,2021-11,1,Suspected and confirmed
NAN,2021,12,2021-12,0,Suspected and confirmed
NAN,2022,1,2022-01,2,Suspected and confirmed
NAN,2022,2,2022-02,0,Suspected and confirmed
NAN,2022,3,2022-03,0,Suspected and confirmed
NAN,2022,4,2022-04,0,Suspected and confirmed
NAN,2022,5,2022-05,56,Suspected and confirmed
NAN,2022,6,2022-06,86,Suspected and confirmed
NAN,2022,7,2022-07,72,Suspected and confirmed
NAN,2022,8,2022-08,54,Suspected and confirmed
NAN,2022,9,2022-09,32,Suspected and confirmed
NAN,2022,10,2022-10,31,Suspected and confirmed
NAN,2022,11,2022-11,16,Suspected and confirmed
NAN,2022,12,2022-12,10,Suspected and confirmed
NARATHIWAT,2015,1,2015-01,13,Suspected and confirmed
NARATHIWAT,2015,2,2015-02,15,Suspected and confirmed
NARATHIWAT,2015,3,2015-03,15,Suspected and confirmed
NARATHIWAT,2015,4,2015-04,7,Suspected and confirmed
NARATHIWAT,2015,5,2015-05,7,Suspected and confirmed
NARATHIWAT,2015,6,2015-06,9,Suspected and confirmed
NARATHIWAT,2015,7,2015-07,36,Suspected and confirmed
NARATHIWAT,2015,8,2015-08,43,Suspected and confirmed
NARATHIWAT,2015,9,2015-09,29,Suspected and confirmed
NARATHIWAT,2015,10,2015-10,45,Suspected and confirmed
NARATHIWAT,2015,11,2015-11,55,Suspected and confirmed
NARATHIWAT,2015,12,2015-12,43,Suspected and confirmed
NARATHIWAT,2016,1,2016-01,44,Suspected and confirmed
NARATHIWAT,2016,2,2016-02,25,Suspected and confirmed
NARATHIWAT,2016,3,2016-03,24,Suspected and confirmed
NARATHIWAT,2016,4,2016-04,12,Suspected and confirmed
NARATHIWAT,2016,5,2016-05,5,Suspected and confirmed
NARATHIWAT,2016,6,2016-06,24,Suspected and confirmed
NARATHIWAT,2016,7,2016-07,41,Suspected and confirmed
NARATHIWAT,2016,8,2016-08,60,Suspected and confirmed
NARATHIWAT,2016,9,2016-09,61,Suspected and confirmed
NARATHIWAT,2016,10,2016-10,111,Suspected and confirmed
NARATHIWAT,2016,11,2016-11,103,Suspected and confirmed
NARATHIWAT,2016,12,2016-12,72,Suspected and confirmed
NARATHIWAT,2017,1,2017-01,81,Suspected and confirmed
NARATHIWAT,2017,2,2017-02,68,Suspected and confirmed
NARATHIWAT,2017,3,2017-03,47,Suspected and confirmed
NARATHIWAT,2017,4,2017-04,12,Suspected and confirmed
NARATHIWAT,2017,5,2017-05,22,Suspected and confirmed
NARATHIWAT,2017,6,2017-06,24,Suspected and confirmed
NARATHIWAT,2017,7,2017-07,19,Suspected and confirmed
NARATHIWAT,2017,8,2017-08,20,Suspected and confirmed
NARATHIWAT,2017,9,2017-09,27,Suspected and confirmed
NARATHIWAT,2017,10,2017-10,15,Suspected and confirmed
NARATHIWAT,2017,11,2017-11,18,Suspected and confirmed
NARATHIWAT,2017,12,2017-12,16,Suspected and confirmed
NARATHIWAT,2018,1,2018-01,25,Suspected and confirmed
NARATHIWAT,2018,2,2018-02,14,Suspected and confirmed
NARATHIWAT,2018,3,2018-03,11,Suspected and confirmed
NARATHIWAT,2018,4,2018-04,7,Suspected and confirmed
NARATHIWAT,2018,5,2018-05,10,Suspected and confirmed
NARATHIWAT,2018,6,2018-06,13,Suspected and confirmed
NARATHIWAT,2018,7,2018-07,15,Suspected and confirmed
NARATHIWAT,2018,8,2018-08,51,Suspected and confirmed
NARATHIWAT,2018,9,2018-09,29,Suspected and confirmed
NARATHIWAT,2018,10,2018-10,80,Suspected and confirmed
NARATHIWAT,2018,11,2018-11,78,Suspected and confirmed
NARATHIWAT,2018,12,2018-12,22,Suspected and confirmed
NARATHIWAT,2019,1,2019-01,21,Suspected and confirmed
NARATHIWAT,2019,2,2019-02,33,Suspected and confirmed
NARATHIWAT,2019,3,2019-03,19,Suspected and confirmed
NARATHIWAT,2019,4,2019-04,26,Suspected and confirmed
NARATHIWAT,2019,5,2019-05,19,Suspected and confirmed
NARATHIWAT,2019,6,2019-06,62,Suspected and confirmed
NARATHIWAT,2019,7,2019-07,118,Suspected and confirmed
NARATHIWAT,2019,8,2019-08,97,Suspected and confirmed
NARATHIWAT,2019,9,2019-09,55,Suspected and confirmed
NARATHIWAT,2019,10,2019-10,85,Suspected and confirmed
NARATHIWAT,2019,11,2019-11,57,Suspected and confirmed
NARATHIWAT,2019,12,2019-12,29,Suspected and confirmed
NARATHIWAT,2020,1,2020-01,33,Suspected and confirmed
NARATHIWAT,2020,2,2020-02,14,Suspected and confirmed
NARATHIWAT,2020,3,2020-03,3,Suspected and confirmed
NARATHIWAT,2020,4,2020-04,2,Suspected and confirmed
NARATHIWAT,2020,5,2020-05,5,Suspected and confirmed
NARATHIWAT,2020,6,2020-06,12,Suspected and confirmed
NARATHIWAT,2020,7,2020-07,31,Suspected and confirmed
NARATHIWAT,2020,8,2020-08,32,Suspected and confirmed
NARATHIWAT,2020,9,2020-09,32,Suspected and confirmed
NARATHIWAT,2020,10,2020-10,17,Suspected and confirmed
NARATHIWAT,2020,11,2020-11,15,Suspected and confirmed
NARATHIWAT,2020,12,2020-12,4,Suspected and confirmed
NARATHIWAT,2021,1,2021-01,2,Suspected and confirmed
NARATHIWAT,2021,2,2021-02,3,Suspected and confirmed
NARATHIWAT,2021,3,2021-03,5,Suspected and confirmed
NARATHIWAT,2021,4,2021-04,1,Suspected and confirmed
NARATHIWAT,2021,5,2021-05,5,Suspected and confirmed
NARATHIWAT,2021,6,2021-06,7,Suspected and confirmed
NARATHIWAT,2021,7,2021-07,3,Suspected and confirmed
NARATHIWAT,2021,8,2021-08,0,Suspected and confirmed
NARATHIWAT,2021,9,2021-09,0,Suspected and confirmed
NARATHIWAT,2021,10,2021-10,0,Suspected and confirmed
NARATHIWAT,2021,11,2021-11,4,Suspected and confirmed
NARATHIWAT,2021,12,2021-12,3,Suspected and confirmed
NARATHIWAT,2022,1,2022-01,3,Suspected and confirmed
NARATHIWAT,2022,2,2022-02,4,Suspected and confirmed
NARATHIWAT,2022,3,2022-03,1,Suspected and confirmed
NARATHIWAT,2022,4,2022-04,5,Suspected and confirmed
NARATHIWAT,2022,5,2022-05,9,Suspected and confirmed
NARATHIWAT,2022,6,2022-06,35,Suspected and confirmed
NARATHIWAT,2022,7,2022-07,37,Suspected and confirmed
NARATHIWAT,2022,8,2022-08,35,Suspected and confirmed
NARATHIWAT,2022,9,2022-09,43,Suspected and confirmed
NARATHIWAT,2022,10,2022-10,71,Suspected and confirmed
NARATHIWAT,2022,11,2022-11,69,Suspected and confirmed
NARATHIWAT,2022,12,2022-12,42,Suspected and confirmed
NONG BUA LAMPHU,2015,1,2015-01,0,Suspected and confirmed
NONG BUA LAMPHU,2015,2,2015-02,2,Suspected and confirmed
NONG BUA LAMPHU,2015,3,2015-03,1,Suspected and confirmed
NONG BUA LAMPHU,2015,4,2015-04,0,Suspected and confirmed
NONG BUA LAMPHU,2015,5,2015-05,10,Suspected and confirmed
NONG BUA LAMPHU,2015,6,2015-06,30,Suspected and confirmed
NONG BUA LAMPHU,2015,7,2015-07,17,Suspected and confirmed
NONG BUA LAMPHU,2015,8,2015-08,6,Suspected and confirmed
NONG BUA LAMPHU,2015,9,2015-09,10,Suspected and confirmed
NONG BUA LAMPHU,2015,10,2015-10,7,Suspected and confirmed
NONG BUA LAMPHU,2015,11,2015-11,14,Suspected and confirmed
NONG BUA LAMPHU,2015,12,2015-12,5,Suspected and confirmed
NONG BUA LAMPHU,2016,1,2016-01,7,Suspected and confirmed
NONG BUA LAMPHU,2016,2,2016-02,3,Suspected and confirmed
NONG BUA LAMPHU,2016,3,2016-03,10,Suspected and confirmed
NONG BUA LAMPHU,2016,4,2016-04,8,Suspected and confirmed
NONG BUA LAMPHU,2016,5,2016-05,1,Suspected and confirmed
NONG BUA LAMPHU,2016,6,2016-06,11,Suspected and confirmed
NONG BUA LAMPHU,2016,7,2016-07,12,Suspected and confirmed
NONG BUA LAMPHU,2016,8,2016-08,24,Suspected and confirmed
NONG BUA LAMPHU,2016,9,2016-09,24,Suspected and confirmed
NONG BUA LAMPHU,2016,10,2016-10,7,Suspected and confirmed
NONG BUA LAMPHU,2016,11,2016-11,2,Suspected and confirmed
NONG BUA LAMPHU,2016,12,2016-12,0,Suspected and confirmed
NONG BUA LAMPHU,2017,1,2017-01,0,Suspected and confirmed
NONG BUA LAMPHU,2017,2,2017-02,0,Suspected and confirmed
NONG BUA LAMPHU,2017,3,2017-03,2,Suspected and confirmed
NONG BUA LAMPHU,2017,4,2017-04,1,Suspected and confirmed
NONG BUA LAMPHU,2017,5,2017-05,13,Suspected and confirmed
NONG BUA LAMPHU,2017,6,2017-06,11,Suspected and confirmed
NONG BUA LAMPHU,2017,7,2017-07,20,Suspected and confirmed
NONG BUA LAMPHU,2017,8,2017-08,13,Suspected and confirmed
NONG BUA LAMPHU,2017,9,2017-09,6,Suspected and confirmed
NONG BUA LAMPHU,2017,10,2017-10,3,Suspected and confirmed
NONG BUA LAMPHU,2017,11,2017-11,2,Suspected and confirmed
NONG BUA LAMPHU,2017,12,2017-12,1,Suspected and confirmed
NONG BUA LAMPHU,2018,1,2018-01,0,Suspected and confirmed
NONG BUA LAMPHU,2018,2,2018-02,2,Suspected and confirmed
NONG BUA LAMPHU,2018,3,2018-03,2,Suspected and confirmed
NONG BUA LAMPHU,2018,4,2018-04,5,Suspected and confirmed
NONG BUA LAMPHU,2018,5,2018-05,27,Suspected and confirmed
NONG BUA LAMPHU,2018,6,2018-06,54,Suspected and confirmed
NONG BUA LAMPHU,2018,7,2018-07,18,Suspected and confirmed
NONG BUA LAMPHU,2018,8,2018-08,11,Suspected and confirmed
NONG BUA LAMPHU,2018,9,2018-09,11,Suspected and confirmed
NONG BUA LAMPHU,2018,10,2018-10,6,Suspected and confirmed
NONG BUA LAMPHU,2018,11,2018-11,5,Suspected and confirmed
NONG BUA LAMPHU,2018,12,2018-12,4,Suspected and confirmed
NONG BUA LAMPHU,2019,1,2019-01,5,Suspected and confirmed
NONG BUA LAMPHU,2019,2,2019-02,4,Suspected and confirmed
NONG BUA LAMPHU,2019,3,2019-03,5,Suspected and confirmed
NONG BUA LAMPHU,2019,4,2019-04,7,Suspected and confirmed
NONG BUA LAMPHU,2019,5,2019-05,24,Suspected and confirmed
NONG BUA LAMPHU,2019,6,2019-06,57,Suspected and confirmed
NONG BUA LAMPHU,2019,7,2019-07,66,Suspected and confirmed
NONG BUA LAMPHU,2019,8,2019-08,39,Suspected and confirmed
NONG BUA LAMPHU,2019,9,2019-09,22,Suspected and confirmed
NONG BUA LAMPHU,2019,10,2019-10,17,Suspected and confirmed
NONG BUA LAMPHU,2019,11,2019-11,17,Suspected and confirmed
NONG BUA LAMPHU,2019,12,2019-12,5,Suspected and confirmed
NONG BUA LAMPHU,2020,1,2020-01,5,Suspected and confirmed
NONG BUA LAMPHU,2020,2,2020-02,3,Suspected and confirmed
NONG BUA LAMPHU,2020,3,2020-03,12,Suspected and confirmed
NONG BUA LAMPHU,2020,4,2020-04,26,Suspected and confirmed
NONG BUA LAMPHU,2020,5,2020-05,14,Suspected and confirmed
NONG BUA LAMPHU,2020,6,2020-06,27,Suspected and confirmed
NONG BUA LAMPHU,2020,7,2020-07,48,Suspected and confirmed
NONG BUA LAMPHU,2020,8,2020-08,4,Suspected and confirmed
NONG BUA LAMPHU,2020,9,2020-09,7,Suspected and confirmed
NONG BUA LAMPHU,2020,10,2020-10,1,Suspected and confirmed
NONG BUA LAMPHU,2020,11,2020-11,0,Suspected and confirmed
NONG BUA LAMPHU,2020,12,2020-12,0,Suspected and confirmed
NONG BUA LAMPHU,2021,1,2021-01,0,Suspected and confirmed
NONG BUA LAMPHU,2021,2,2021-02,0,Suspected and confirmed
NONG BUA LAMPHU,2021,3,2021-03,0,Suspected and confirmed
NONG BUA LAMPHU,2021,4,2021-04,0,Suspected and confirmed
NONG BUA LAMPHU,2021,5,2021-05,0,Suspected and confirmed
NONG BUA LAMPHU,2021,6,2021-06,0,Suspected and confirmed
NONG BUA LAMPHU,2021,7,2021-07,0,Suspected and confirmed
NONG BUA LAMPHU,2021,8,2021-08,1,Suspected and confirmed
NONG BUA LAMPHU,2021,9,2021-09,0,Suspected and confirmed
NONG BUA LAMPHU,2021,10,2021-10,0,Suspected and confirmed
NONG BUA LAMPHU,2021,11,2021-11,0,Suspected and confirmed
NONG BUA LAMPHU,2021,12,2021-12,0,Suspected and confirmed
NONG BUA LAMPHU,2022,1,2022-01,0,Suspected and confirmed
NONG BUA LAMPHU,2022,2,2022-02,0,Suspected and confirmed
NONG BUA LAMPHU,2022,3,2022-03,0,Suspected and confirmed
NONG BUA LAMPHU,2022,4,2022-04,0,Suspected and confirmed
NONG BUA LAMPHU,2022,5,2022-05,0,Suspected and confirmed
NONG BUA LAMPHU,2022,6,2022-06,4,Suspected and confirmed
NONG BUA LAMPHU,2022,7,2022-07,6,Suspected and confirmed
NONG BUA LAMPHU,2022,8,2022-08,8,Suspected and confirmed
NONG BUA LAMPHU,2022,9,2022-09,1,Suspected and confirmed
NONG BUA LAMPHU,2022,10,2022-10,2,Suspected and confirmed
NONG BUA LAMPHU,2022,11,2022-11,5,Suspected and confirmed
NONG BUA LAMPHU,2022,12,2022-12,4,Suspected and confirmed
NONG KHAI,2015,1,2015-01,0,Suspected and confirmed
NONG KHAI,2015,2,2015-02,1,Suspected and confirmed
NONG KHAI,2015,3,2015-03,6,Suspected and confirmed
NONG KHAI,2015,4,2015-04,5,Suspected and confirmed
NONG KHAI,2015,5,2015-05,7,Suspected and confirmed
NONG KHAI,2015,6,2015-06,27,Suspected and confirmed
NONG KHAI,2015,7,2015-07,32,Suspected and confirmed
NONG KHAI,2015,8,2015-08,24,Suspected and confirmed
NONG KHAI,2015,9,2015-09,23,Suspected and confirmed
NONG KHAI,2015,10,2015-10,23,Suspected and confirmed
NONG KHAI,2015,11,2015-11,14,Suspected and confirmed
NONG KHAI,2015,12,2015-12,4,Suspected and confirmed
NONG KHAI,2016,1,2016-01,9,Suspected and confirmed
NONG KHAI,2016,2,2016-02,16,Suspected and confirmed
NONG KHAI,2016,3,2016-03,10,Suspected and confirmed
NONG KHAI,2016,4,2016-04,5,Suspected and confirmed
NONG KHAI,2016,5,2016-05,2,Suspected and confirmed
NONG KHAI,2016,6,2016-06,8,Suspected and confirmed
NONG KHAI,2016,7,2016-07,11,Suspected and confirmed
NONG KHAI,2016,8,2016-08,17,Suspected and confirmed
NONG KHAI,2016,9,2016-09,16,Suspected and confirmed
NONG KHAI,2016,10,2016-10,2,Suspected and confirmed
NONG KHAI,2016,11,2016-11,4,Suspected and confirmed
NONG KHAI,2016,12,2016-12,0,Suspected and confirmed
NONG KHAI,2017,1,2017-01,0,Suspected and confirmed
NONG KHAI,2017,2,2017-02,0,Suspected and confirmed
NONG KHAI,2017,3,2017-03,2,Suspected and confirmed
NONG KHAI,2017,4,2017-04,3,Suspected and confirmed
NONG KHAI,2017,5,2017-05,11,Suspected and confirmed
NONG KHAI,2017,6,2017-06,20,Suspected and confirmed
NONG KHAI,2017,7,2017-07,22,Suspected and confirmed
NONG KHAI,2017,8,2017-08,18,Suspected and confirmed
NONG KHAI,2017,9,2017-09,9,Suspected and confirmed
NONG KHAI,2017,10,2017-10,8,Suspected and confirmed
NONG KHAI,2017,11,2017-11,5,Suspected and confirmed
NONG KHAI,2017,12,2017-12,6,Suspected and confirmed
NONG KHAI,2018,1,2018-01,1,Suspected and confirmed
NONG KHAI,2018,2,2018-02,0,Suspected and confirmed
NONG KHAI,2018,3,2018-03,1,Suspected and confirmed
NONG KHAI,2018,4,2018-04,3,Suspected and confirmed
NONG KHAI,2018,5,2018-05,19,Suspected and confirmed
NONG KHAI,2018,6,2018-06,33,Suspected and confirmed
NONG KHAI,2018,7,2018-07,27,Suspected and confirmed
NONG KHAI,2018,8,2018-08,10,Suspected and confirmed
NONG KHAI,2018,9,2018-09,10,Suspected and confirmed
NONG KHAI,2018,10,2018-10,8,Suspected and confirmed
NONG KHAI,2018,11,2018-11,7,Suspected and confirmed
NONG KHAI,2018,12,2018-12,8,Suspected and confirmed
NONG KHAI,2019,1,2019-01,12,Suspected and confirmed
NONG KHAI,2019,2,2019-02,2,Suspected and confirmed
NONG KHAI,2019,3,2019-03,23,Suspected and confirmed
NONG KHAI,2019,4,2019-04,46,Suspected and confirmed
NONG KHAI,2019,5,2019-05,41,Suspected and confirmed
NONG KHAI,2019,6,2019-06,47,Suspected and confirmed
NONG KHAI,2019,7,2019-07,115,Suspected and confirmed
NONG KHAI,2019,8,2019-08,68,Suspected and confirmed
NONG KHAI,2019,9,2019-09,73,Suspected and confirmed
NONG KHAI,2019,10,2019-10,62,Suspected and confirmed
NONG KHAI,2019,11,2019-11,34,Suspected and confirmed
NONG KHAI,2019,12,2019-12,5,Suspected and confirmed
NONG KHAI,2020,1,2020-01,11,Suspected and confirmed
NONG KHAI,2020,2,2020-02,8,Suspected and confirmed
NONG KHAI,2020,3,2020-03,8,Suspected and confirmed
NONG KHAI,2020,4,2020-04,20,Suspected and confirmed
NONG KHAI,2020,5,2020-05,32,Suspected and confirmed
NONG KHAI,2020,6,2020-06,99,Suspected and confirmed
NONG KHAI,2020,7,2020-07,137,Suspected and confirmed
NONG KHAI,2020,8,2020-08,78,Suspected and confirmed
NONG KHAI,2020,9,2020-09,19,Suspected and confirmed
NONG KHAI,2020,10,2020-10,4,Suspected and confirmed
NONG KHAI,2020,11,2020-11,2,Suspected and confirmed
NONG KHAI,2020,12,2020-12,4,Suspected and confirmed
NONG KHAI,2021,1,2021-01,0,Suspected and confirmed
NONG KHAI,2021,2,2021-02,0,Suspected and confirmed
NONG KHAI,2021,3,2021-03,1,Suspected and confirmed
NONG KHAI,2021,4,2021-04,0,Suspected and confirmed
NONG KHAI,2021,5,2021-05,2,Suspected and confirmed
NONG KHAI,2021,6,2021-06,6,Suspected and confirmed
NONG KHAI,2021,7,2021-07,3,Suspected and confirmed
NONG KHAI,2021,8,2021-08,4,Suspected and confirmed
NONG KHAI,2021,9,2021-09,4,Suspected and confirmed
NONG KHAI,2021,10,2021-10,1,Suspected and confirmed
NONG KHAI,2021,11,2021-11,1,Suspected and confirmed
NONG KHAI,2021,12,2021-12,0,Suspected and confirmed
NONG KHAI,2022,1,2022-01,0,Suspected and confirmed
NONG KHAI,2022,2,2022-02,0,Suspected and confirmed
NONG KHAI,2022,3,2022-03,1,Suspected and confirmed
NONG KHAI,2022,4,2022-04,0,Suspected and confirmed
NONG KHAI,2022,5,2022-05,0,Suspected and confirmed
NONG KHAI,2022,6,2022-06,25,Suspected and confirmed
NONG KHAI,2022,7,2022-07,27,Suspected and confirmed
NONG KHAI,2022,8,2022-08,32,Suspected and confirmed
NONG KHAI,2022,9,2022-09,29,Suspected and confirmed
NONG KHAI,2022,10,2022-10,8,Suspected and confirmed
NONG KHAI,2022,11,2022-11,15,Suspected and confirmed
NONG KHAI,2022,12,2022-12,6,Suspected and confirmed
NONTHABURI,2015,1,2015-01,12,Suspected and confirmed
NONTHABURI,2015,2,2015-02,16,Suspected and confirmed
NONTHABURI,2015,3,2015-03,14,Suspected and confirmed
NONTHABURI,2015,4,2015-04,9,Suspected and confirmed
NONTHABURI,2015,5,2015-05,24,Suspected and confirmed
NONTHABURI,2015,6,2015-06,41,Suspected and confirmed
NONTHABURI,2015,7,2015-07,87,Suspected and confirmed
NONTHABURI,2015,8,2015-08,95,Suspected and confirmed
NONTHABURI,2015,9,2015-09,91,Suspected and confirmed
NONTHABURI,2015,10,2015-10,168,Suspected and confirmed
NONTHABURI,2015,11,2015-11,344,Suspected and confirmed
NONTHABURI,2015,12,2015-12,180,Suspected and confirmed
NONTHABURI,2016,1,2016-01,101,Suspected and confirmed
NONTHABURI,2016,2,2016-02,26,Suspected and confirmed
NONTHABURI,2016,3,2016-03,22,Suspected and confirmed
NONTHABURI,2016,4,2016-04,7,Suspected and confirmed
NONTHABURI,2016,5,2016-05,11,Suspected and confirmed
NONTHABURI,2016,6,2016-06,13,Suspected and confirmed
NONTHABURI,2016,7,2016-07,24,Suspected and confirmed
NONTHABURI,2016,8,2016-08,39,Suspected and confirmed
NONTHABURI,2016,9,2016-09,26,Suspected and confirmed
NONTHABURI,2016,10,2016-10,32,Suspected and confirmed
NONTHABURI,2016,11,2016-11,33,Suspected and confirmed
NONTHABURI,2016,12,2016-12,20,Suspected and confirmed
NONTHABURI,2017,1,2017-01,26,Suspected and confirmed
NONTHABURI,2017,2,2017-02,13,Suspected and confirmed
NONTHABURI,2017,3,2017-03,9,Suspected and confirmed
NONTHABURI,2017,4,2017-04,7,Suspected and confirmed
NONTHABURI,2017,5,2017-05,20,Suspected and confirmed
NONTHABURI,2017,6,2017-06,47,Suspected and confirmed
NONTHABURI,2017,7,2017-07,38,Suspected and confirmed
NONTHABURI,2017,8,2017-08,58,Suspected and confirmed
NONTHABURI,2017,9,2017-09,61,Suspected and confirmed
NONTHABURI,2017,10,2017-10,65,Suspected and confirmed
NONTHABURI,2017,11,2017-11,83,Suspected and confirmed
NONTHABURI,2017,12,2017-12,47,Suspected and confirmed
NONTHABURI,2018,1,2018-01,20,Suspected and confirmed
NONTHABURI,2018,2,2018-02,18,Suspected and confirmed
NONTHABURI,2018,3,2018-03,32,Suspected and confirmed
NONTHABURI,2018,4,2018-04,62,Suspected and confirmed
NONTHABURI,2018,5,2018-05,114,Suspected and confirmed
NONTHABURI,2018,6,2018-06,213,Suspected and confirmed
NONTHABURI,2018,7,2018-07,185,Suspected and confirmed
NONTHABURI,2018,8,2018-08,154,Suspected and confirmed
NONTHABURI,2018,9,2018-09,102,Suspected and confirmed
NONTHABURI,2018,10,2018-10,93,Suspected and confirmed
NONTHABURI,2018,11,2018-11,107,Suspected and confirmed
NONTHABURI,2018,12,2018-12,83,Suspected and confirmed
NONTHABURI,2019,1,2019-01,52,Suspected and confirmed
NONTHABURI,2019,2,2019-02,35,Suspected and confirmed
NONTHABURI,2019,3,2019-03,20,Suspected and confirmed
NONTHABURI,2019,4,2019-04,11,Suspected and confirmed
NONTHABURI,2019,5,2019-05,19,Suspected and confirmed
NONTHABURI,2019,6,2019-06,29,Suspected and confirmed
NONTHABURI,2019,7,2019-07,71,Suspected and confirmed
NONTHABURI,2019,8,2019-08,106,Suspected and confirmed
NONTHABURI,2019,9,2019-09,117,Suspected and confirmed
NONTHABURI,2019,10,2019-10,127,Suspected and confirmed
NONTHABURI,2019,11,2019-11,102,Suspected and confirmed
NONTHABURI,2019,12,2019-12,48,Suspected and confirmed
NONTHABURI,2020,1,2020-01,22,Suspected and confirmed
NONTHABURI,2020,2,2020-02,17,Suspected and confirmed
NONTHABURI,2020,3,2020-03,4,Suspected and confirmed
NONTHABURI,2020,4,2020-04,7,Suspected and confirmed
NONTHABURI,2020,5,2020-05,10,Suspected and confirmed
NONTHABURI,2020,6,2020-06,19,Suspected and confirmed
NONTHABURI,2020,7,2020-07,25,Suspected and confirmed
NONTHABURI,2020,8,2020-08,53,Suspected and confirmed
NONTHABURI,2020,9,2020-09,79,Suspected and confirmed
NONTHABURI,2020,10,2020-10,68,Suspected and confirmed
NONTHABURI,2020,11,2020-11,67,Suspected and confirmed
NONTHABURI,2020,12,2020-12,36,Suspected and confirmed
NONTHABURI,2021,1,2021-01,25,Suspected and confirmed
NONTHABURI,2021,2,2021-02,10,Suspected and confirmed
NONTHABURI,2021,3,2021-03,8,Suspected and confirmed
NONTHABURI,2021,4,2021-04,5,Suspected and confirmed
NONTHABURI,2021,5,2021-05,4,Suspected and confirmed
NONTHABURI,2021,6,2021-06,4,Suspected and confirmed
NONTHABURI,2021,7,2021-07,0,Suspected and confirmed
NONTHABURI,2021,8,2021-08,1,Suspected and confirmed
NONTHABURI,2021,9,2021-09,1,Suspected and confirmed
NONTHABURI,2021,10,2021-10,4,Suspected and confirmed
NONTHABURI,2021,11,2021-11,6,Suspected and confirmed
NONTHABURI,2021,12,2021-12,1,Suspected and confirmed
NONTHABURI,2022,1,2022-01,1,Suspected and confirmed
NONTHABURI,2022,2,2022-02,1,Suspected and confirmed
NONTHABURI,2022,3,2022-03,1,Suspected and confirmed
NONTHABURI,2022,4,2022-04,5,Suspected and confirmed
NONTHABURI,2022,5,2022-05,14,Suspected and confirmed
NONTHABURI,2022,6,2022-06,12,Suspected and confirmed
NONTHABURI,2022,7,2022-07,26,Suspected and confirmed
NONTHABURI,2022,8,2022-08,65,Suspected and confirmed
NONTHABURI,2022,9,2022-09,64,Suspected and confirmed
NONTHABURI,2022,10,2022-10,103,Suspected and confirmed
NONTHABURI,2022,11,2022-11,83,Suspected and confirmed
NONTHABURI,2022,12,2022-12,95,Suspected and confirmed
PATHUM THANI,2015,1,2015-01,11,Suspected and confirmed
PATHUM THANI,2015,2,2015-02,19,Suspected and confirmed
PATHUM THANI,2015,3,2015-03,9,Suspected and confirmed
PATHUM THANI,2015,4,2015-04,13,Suspected and confirmed
PATHUM THANI,2015,5,2015-05,19,Suspected and confirmed
PATHUM THANI,2015,6,2015-06,27,Suspected and confirmed
PATHUM THANI,2015,7,2015-07,38,Suspected and confirmed
PATHUM THANI,2015,8,2015-08,57,Suspected and confirmed
PATHUM THANI,2015,9,2015-09,77,Suspected and confirmed
PATHUM THANI,2015,10,2015-10,109,Suspected and confirmed
PATHUM THANI,2015,11,2015-11,180,Suspected and confirmed
PATHUM THANI,2015,12,2015-12,57,Suspected and confirmed
PATHUM THANI,2016,1,2016-01,44,Suspected and confirmed
PATHUM THANI,2016,2,2016-02,14,Suspected and confirmed
PATHUM THANI,2016,3,2016-03,16,Suspected and confirmed
PATHUM THANI,2016,4,2016-04,3,Suspected and confirmed
PATHUM THANI,2016,5,2016-05,4,Suspected and confirmed
PATHUM THANI,2016,6,2016-06,7,Suspected and confirmed
PATHUM THANI,2016,7,2016-07,12,Suspected and confirmed
PATHUM THANI,2016,8,2016-08,40,Suspected and confirmed
PATHUM THANI,2016,9,2016-09,36,Suspected and confirmed
PATHUM THANI,2016,10,2016-10,12,Suspected and confirmed
PATHUM THANI,2016,11,2016-11,15,Suspected and confirmed
PATHUM THANI,2016,12,2016-12,8,Suspected and confirmed
PATHUM THANI,2017,1,2017-01,10,Suspected and confirmed
PATHUM THANI,2017,2,2017-02,12,Suspected and confirmed
PATHUM THANI,2017,3,2017-03,6,Suspected and confirmed
PATHUM THANI,2017,4,2017-04,15,Suspected and confirmed
PATHUM THANI,2017,5,2017-05,11,Suspected and confirmed
PATHUM THANI,2017,6,2017-06,17,Suspected and confirmed
PATHUM THANI,2017,7,2017-07,18,Suspected and confirmed
PATHUM THANI,2017,8,2017-08,19,Suspected and confirmed
PATHUM THANI,2017,9,2017-09,23,Suspected and confirmed
PATHUM THANI,2017,10,2017-10,19,Suspected and confirmed
PATHUM THANI,2017,11,2017-11,25,Suspected and confirmed
PATHUM THANI,2017,12,2017-12,14,Suspected and confirmed
PATHUM THANI,2018,1,2018-01,16,Suspected and confirmed
PATHUM THANI,2018,2,2018-02,16,Suspected and confirmed
PATHUM THANI,2018,3,2018-03,18,Suspected and confirmed
PATHUM THANI,2018,4,2018-04,35,Suspected and confirmed
PATHUM THANI,2018,5,2018-05,85,Suspected and confirmed
PATHUM THANI,2018,6,2018-06,148,Suspected and confirmed
PATHUM THANI,2018,7,2018-07,128,Suspected and confirmed
PATHUM THANI,2018,8,2018-08,158,Suspected and confirmed
PATHUM THANI,2018,9,2018-09,74,Suspected and confirmed
PATHUM THANI,2018,10,2018-10,85,Suspected and confirmed
PATHUM THANI,2018,11,2018-11,91,Suspected and confirmed
PATHUM THANI,2018,12,2018-12,40,Suspected and confirmed
PATHUM THANI,2019,1,2019-01,39,Suspected and confirmed
PATHUM THANI,2019,2,2019-02,34,Suspected and confirmed
PATHUM THANI,2019,3,2019-03,26,Suspected and confirmed
PATHUM THANI,2019,4,2019-04,7,Suspected and confirmed
PATHUM THANI,2019,5,2019-05,5,Suspected and confirmed
PATHUM THANI,2019,6,2019-06,24,Suspected and confirmed
PATHUM THANI,2019,7,2019-07,28,Suspected and confirmed
PATHUM THANI,2019,8,2019-08,37,Suspected and confirmed
PATHUM THANI,2019,9,2019-09,26,Suspected and confirmed
PATHUM THANI,2019,10,2019-10,53,Suspected and confirmed
PATHUM THANI,2019,11,2019-11,33,Suspected and confirmed
PATHUM THANI,2019,12,2019-12,25,Suspected and confirmed
PATHUM THANI,2020,1,2020-01,16,Suspected and confirmed
PATHUM THANI,2020,2,2020-02,5,Suspected and confirmed
PATHUM THANI,2020,3,2020-03,5,Suspected and confirmed
PATHUM THANI,2020,4,2020-04,5,Suspected and confirmed
PATHUM THANI,2020,5,2020-05,7,Suspected and confirmed
PATHUM THANI,2020,6,2020-06,12,Suspected and confirmed
PATHUM THANI,2020,7,2020-07,27,Suspected and confirmed
PATHUM THANI,2020,8,2020-08,34,Suspected and confirmed
PATHUM THANI,2020,9,2020-09,40,Suspected and confirmed
PATHUM THANI,2020,10,2020-10,31,Suspected and confirmed
PATHUM THANI,2020,11,2020-11,18,Suspected and confirmed
PATHUM THANI,2020,12,2020-12,15,Suspected and confirmed
PATHUM THANI,2021,1,2021-01,8,Suspected and confirmed
PATHUM THANI,2021,2,2021-02,6,Suspected and confirmed
PATHUM THANI,2021,3,2021-03,9,Suspected and confirmed
PATHUM THANI,2021,4,2021-04,0,Suspected and confirmed
PATHUM THANI,2021,5,2021-05,2,Suspected and confirmed
PATHUM THANI,2021,6,2021-06,7,Suspected and confirmed
PATHUM THANI,2021,7,2021-07,3,Suspected and confirmed
PATHUM THANI,2021,8,2021-08,0,Suspected and confirmed
PATHUM THANI,2021,9,2021-09,1,Suspected and confirmed
PATHUM THANI,2021,10,2021-10,2,Suspected and confirmed
PATHUM THANI,2021,11,2021-11,3,Suspected and confirmed
PATHUM THANI,2021,12,2021-12,2,Suspected and confirmed
PATHUM THANI,2022,1,2022-01,8,Suspected and confirmed
PATHUM THANI,2022,2,2022-02,0,Suspected and confirmed
PATHUM THANI,2022,3,2022-03,2,Suspected and confirmed
PATHUM THANI,2022,4,2022-04,5,Suspected and confirmed
PATHUM THANI,2022,5,2022-05,16,Suspected and confirmed
PATHUM THANI,2022,6,2022-06,36,Suspected and confirmed
PATHUM THANI,2022,7,2022-07,51,Suspected and confirmed
PATHUM THANI,2022,8,2022-08,56,Suspected and confirmed
PATHUM THANI,2022,9,2022-09,78,Suspected and confirmed
PATHUM THANI,2022,10,2022-10,97,Suspected and confirmed
PATHUM THANI,2022,11,2022-11,181,Suspected and confirmed
PATHUM THANI,2022,12,2022-12,147,Suspected and confirmed
PATTANI,2015,1,2015-01,8,Suspected and confirmed
PATTANI,2015,2,2015-02,7,Suspected and confirmed
PATTANI,2015,3,2015-03,3,Suspected and confirmed
PATTANI,2015,4,2015-04,1,Suspected and confirmed
PATTANI,2015,5,2015-05,9,Suspected and confirmed
PATTANI,2015,6,2015-06,18,Suspected and confirmed
PATTANI,2015,7,2015-07,17,Suspected and confirmed
PATTANI,2015,8,2015-08,11,Suspected and confirmed
PATTANI,2015,9,2015-09,12,Suspected and confirmed
PATTANI,2015,10,2015-10,13,Suspected and confirmed
PATTANI,2015,11,2015-11,16,Suspected and confirmed
PATTANI,2015,12,2015-12,32,Suspected and confirmed
PATTANI,2016,1,2016-01,29,Suspected and confirmed
PATTANI,2016,2,2016-02,10,Suspected and confirmed
PATTANI,2016,3,2016-03,15,Suspected and confirmed
PATTANI,2016,4,2016-04,19,Suspected and confirmed
PATTANI,2016,5,2016-05,16,Suspected and confirmed
PATTANI,2016,6,2016-06,20,Suspected and confirmed
PATTANI,2016,7,2016-07,39,Suspected and confirmed
PATTANI,2016,8,2016-08,111,Suspected and confirmed
PATTANI,2016,9,2016-09,97,Suspected and confirmed
PATTANI,2016,10,2016-10,219,Suspected and confirmed
PATTANI,2016,11,2016-11,183,Suspected and confirmed
PATTANI,2016,12,2016-12,131,Suspected and confirmed
PATTANI,2017,1,2017-01,89,Suspected and confirmed
PATTANI,2017,2,2017-02,52,Suspected and confirmed
PATTANI,2017,3,2017-03,24,Suspected and confirmed
PATTANI,2017,4,2017-04,10,Suspected and confirmed
PATTANI,2017,5,2017-05,15,Suspected and confirmed
PATTANI,2017,6,2017-06,21,Suspected and confirmed
PATTANI,2017,7,2017-07,19,Suspected and confirmed
PATTANI,2017,8,2017-08,8,Suspected and confirmed
PATTANI,2017,9,2017-09,11,Suspected and confirmed
PATTANI,2017,10,2017-10,11,Suspected and confirmed
PATTANI,2017,11,2017-11,10,Suspected and confirmed
PATTANI,2017,12,2017-12,5,Suspected and confirmed
PATTANI,2018,1,2018-01,14,Suspected and confirmed
PATTANI,2018,2,2018-02,19,Suspected and confirmed
PATTANI,2018,3,2018-03,10,Suspected and confirmed
PATTANI,2018,4,2018-04,7,Suspected and confirmed
PATTANI,2018,5,2018-05,9,Suspected and confirmed
PATTANI,2018,6,2018-06,11,Suspected and confirmed
PATTANI,2018,7,2018-07,17,Suspected and confirmed
PATTANI,2018,8,2018-08,18,Suspected and confirmed
PATTANI,2018,9,2018-09,37,Suspected and confirmed
PATTANI,2018,10,2018-10,38,Suspected and confirmed
PATTANI,2018,11,2018-11,62,Suspected and confirmed
PATTANI,2018,12,2018-12,61,Suspected and confirmed
PATTANI,2019,1,2019-01,52,Suspected and confirmed
PATTANI,2019,2,2019-02,37,Suspected and confirmed
PATTANI,2019,3,2019-03,18,Suspected and confirmed
PATTANI,2019,4,2019-04,11,Suspected and confirmed
PATTANI,2019,5,2019-05,39,Suspected and confirmed
PATTANI,2019,6,2019-06,71,Suspected and confirmed
PATTANI,2019,7,2019-07,88,Suspected and confirmed
PATTANI,2019,8,2019-08,75,Suspected and confirmed
PATTANI,2019,9,2019-09,51,Suspected and confirmed
PATTANI,2019,10,2019-10,56,Suspected and confirmed
PATTANI,2019,11,2019-11,44,Suspected and confirmed
PATTANI,2019,12,2019-12,21,Suspected and confirmed
PATTANI,2020,1,2020-01,16,Suspected and confirmed
PATTANI,2020,2,2020-02,19,Suspected and confirmed
PATTANI,2020,3,2020-03,13,Suspected and confirmed
PATTANI,2020,4,2020-04,5,Suspected and confirmed
PATTANI,2020,5,2020-05,7,Suspected and confirmed
PATTANI,2020,6,2020-06,19,Suspected and confirmed
PATTANI,2020,7,2020-07,46,Suspected and confirmed
PATTANI,2020,8,2020-08,27,Suspected and confirmed
PATTANI,2020,9,2020-09,15,Suspected and confirmed
PATTANI,2020,10,2020-10,15,Suspected and confirmed
PATTANI,2020,11,2020-11,3,Suspected and confirmed
PATTANI,2020,12,2020-12,2,Suspected and confirmed
PATTANI,2021,1,2021-01,1,Suspected and confirmed
PATTANI,2021,2,2021-02,1,Suspected and confirmed
PATTANI,2021,3,2021-03,3,Suspected and confirmed
PATTANI,2021,4,2021-04,0,Suspected and confirmed
PATTANI,2021,5,2021-05,3,Suspected and confirmed
PATTANI,2021,6,2021-06,1,Suspected and confirmed
PATTANI,2021,7,2021-07,0,Suspected and confirmed
PATTANI,2021,8,2021-08,0,Suspected and confirmed
PATTANI,2021,9,2021-09,2,Suspected and confirmed
PATTANI,2021,10,2021-10,0,Suspected and confirmed
PATTANI,2021,11,2021-11,0,Suspected and confirmed
PATTANI,2021,12,2021-12,0,Suspected and confirmed
PATTANI,2022,1,2022-01,2,Suspected and confirmed
PATTANI,2022,2,2022-02,0,Suspected and confirmed
PATTANI,2022,3,2022-03,0,Suspected and confirmed
PATTANI,2022,4,2022-04,0,Suspected and confirmed
PATTANI,2022,5,2022-05,0,Suspected and confirmed
PATTANI,2022,6,2022-06,5,Suspected and confirmed
PATTANI,2022,7,2022-07,6,Suspected and confirmed
PATTANI,2022,8,2022-08,8,Suspected and confirmed
PATTANI,2022,9,2022-09,18,Suspected and confirmed
PATTANI,2022,10,2022-10,29,Suspected and confirmed
PATTANI,2022,11,2022-11,52,Suspected and confirmed
PATTANI,2022,12,2022-12,39,Suspected and confirmed
PHACHINBURI,2015,1,2015-01,18,Suspected and confirmed
PHACHINBURI,2015,2,2015-02,14,Suspected and confirmed
PHACHINBURI,2015,3,2015-03,32,Suspected and confirmed
PHACHINBURI,2015,4,2015-04,63,Suspected and confirmed
PHACHINBURI,2015,5,2015-05,136,Suspected and confirmed
PHACHINBURI,2015,6,2015-06,185,Suspected and confirmed
PHACHINBURI,2015,7,2015-07,299,Suspected and confirmed
PHACHINBURI,2015,8,2015-08,297,Suspected and confirmed
PHACHINBURI,2015,9,2015-09,264,Suspected and confirmed
PHACHINBURI,2015,10,2015-10,160,Suspected and confirmed
PHACHINBURI,2015,11,2015-11,110,Suspected and confirmed
PHACHINBURI,2015,12,2015-12,36,Suspected and confirmed
PHACHINBURI,2016,1,2016-01,33,Suspected and confirmed
PHACHINBURI,2016,2,2016-02,27,Suspected and confirmed
PHACHINBURI,2016,3,2016-03,20,Suspected and confirmed
PHACHINBURI,2016,4,2016-04,7,Suspected and confirmed
PHACHINBURI,2016,5,2016-05,4,Suspected and confirmed
PHACHINBURI,2016,6,2016-06,21,Suspected and confirmed
PHACHINBURI,2016,7,2016-07,25,Suspected and confirmed
PHACHINBURI,2016,8,2016-08,43,Suspected and confirmed
PHACHINBURI,2016,9,2016-09,25,Suspected and confirmed
PHACHINBURI,2016,10,2016-10,19,Suspected and confirmed
PHACHINBURI,2016,11,2016-11,16,Suspected and confirmed
PHACHINBURI,2016,12,2016-12,11,Suspected and confirmed
PHACHINBURI,2017,1,2017-01,17,Suspected and confirmed
PHACHINBURI,2017,2,2017-02,4,Suspected and confirmed
PHACHINBURI,2017,3,2017-03,7,Suspected and confirmed
PHACHINBURI,2017,4,2017-04,11,Suspected and confirmed
PHACHINBURI,2017,5,2017-05,20,Suspected and confirmed
PHACHINBURI,2017,6,2017-06,62,Suspected and confirmed
PHACHINBURI,2017,7,2017-07,83,Suspected and confirmed
PHACHINBURI,2017,8,2017-08,88,Suspected and confirmed
PHACHINBURI,2017,9,2017-09,32,Suspected and confirmed
PHACHINBURI,2017,10,2017-10,20,Suspected and confirmed
PHACHINBURI,2017,11,2017-11,18,Suspected and confirmed
PHACHINBURI,2017,12,2017-12,10,Suspected and confirmed
PHACHINBURI,2018,1,2018-01,9,Suspected and confirmed
PHACHINBURI,2018,2,2018-02,14,Suspected and confirmed
PHACHINBURI,2018,3,2018-03,15,Suspected and confirmed
PHACHINBURI,2018,4,2018-04,21,Suspected and confirmed
PHACHINBURI,2018,5,2018-05,41,Suspected and confirmed
PHACHINBURI,2018,6,2018-06,74,Suspected and confirmed
PHACHINBURI,2018,7,2018-07,76,Suspected and confirmed
PHACHINBURI,2018,8,2018-08,63,Suspected and confirmed
PHACHINBURI,2018,9,2018-09,36,Suspected and confirmed
PHACHINBURI,2018,10,2018-10,28,Suspected and confirmed
PHACHINBURI,2018,11,2018-11,24,Suspected and confirmed
PHACHINBURI,2018,12,2018-12,19,Suspected and confirmed
PHACHINBURI,2019,1,2019-01,28,Suspected and confirmed
PHACHINBURI,2019,2,2019-02,27,Suspected and confirmed
PHACHINBURI,2019,3,2019-03,48,Suspected and confirmed
PHACHINBURI,2019,4,2019-04,51,Suspected and confirmed
PHACHINBURI,2019,5,2019-05,63,Suspected and confirmed
PHACHINBURI,2019,6,2019-06,116,Suspected and confirmed
PHACHINBURI,2019,7,2019-07,193,Suspected and confirmed
PHACHINBURI,2019,8,2019-08,226,Suspected and confirmed
PHACHINBURI,2019,9,2019-09,117,Suspected and confirmed
PHACHINBURI,2019,10,2019-10,65,Suspected and confirmed
PHACHINBURI,2019,11,2019-11,49,Suspected and confirmed
PHACHINBURI,2019,12,2019-12,7,Suspected and confirmed
PHACHINBURI,2020,1,2020-01,14,Suspected and confirmed
PHACHINBURI,2020,2,2020-02,14,Suspected and confirmed
PHACHINBURI,2020,3,2020-03,21,Suspected and confirmed
PHACHINBURI,2020,4,2020-04,12,Suspected and confirmed
PHACHINBURI,2020,5,2020-05,35,Suspected and confirmed
PHACHINBURI,2020,6,2020-06,58,Suspected and confirmed
PHACHINBURI,2020,7,2020-07,120,Suspected and confirmed
PHACHINBURI,2020,8,2020-08,101,Suspected and confirmed
PHACHINBURI,2020,9,2020-09,52,Suspected and confirmed
PHACHINBURI,2020,10,2020-10,25,Suspected and confirmed
PHACHINBURI,2020,11,2020-11,12,Suspected and confirmed
PHACHINBURI,2020,12,2020-12,4,Suspected and confirmed
PHACHINBURI,2021,1,2021-01,5,Suspected and confirmed
PHACHINBURI,2021,2,2021-02,3,Suspected and confirmed
PHACHINBURI,2021,3,2021-03,3,Suspected and confirmed
PHACHINBURI,2021,4,2021-04,1,Suspected and confirmed
PHACHINBURI,2021,5,2021-05,2,Suspected and confirmed
PHACHINBURI,2021,6,2021-06,4,Suspected and confirmed
PHACHINBURI,2021,7,2021-07,2,Suspected and confirmed
PHACHINBURI,2021,8,2021-08,2,Suspected and confirmed
PHACHINBURI,2021,9,2021-09,1,Suspected and confirmed
PHACHINBURI,2021,10,2021-10,0,Suspected and confirmed
PHACHINBURI,2021,11,2021-11,0,Suspected and confirmed
PHACHINBURI,2021,12,2021-12,0,Suspected and confirmed
PHACHINBURI,2022,1,2022-01,1,Suspected and confirmed
PHACHINBURI,2022,2,2022-02,1,Suspected and confirmed
PHACHINBURI,2022,3,2022-03,1,Suspected and confirmed
PHACHINBURI,2022,4,2022-04,0,Suspected and confirmed
PHACHINBURI,2022,5,2022-05,2,Suspected and confirmed
PHACHINBURI,2022,6,2022-06,3,Suspected and confirmed
PHACHINBURI,2022,7,2022-07,3,Suspected and confirmed
PHACHINBURI,2022,8,2022-08,4,Suspected and confirmed
PHACHINBURI,2022,9,2022-09,10,Suspected and confirmed
PHACHINBURI,2022,10,2022-10,5,Suspected and confirmed
PHACHINBURI,2022,11,2022-11,10,Suspected and confirmed
PHACHINBURI,2022,12,2022-12,5,Suspected and confirmed
PHANGNGA,2015,1,2015-01,14,Suspected and confirmed
PHANGNGA,2015,2,2015-02,18,Suspected and confirmed
PHANGNGA,2015,3,2015-03,8,Suspected and confirmed
PHANGNGA,2015,4,2015-04,11,Suspected and confirmed
PHANGNGA,2015,5,2015-05,24,Suspected and confirmed
PHANGNGA,2015,6,2015-06,100,Suspected and confirmed
PHANGNGA,2015,7,2015-07,94,Suspected and confirmed
PHANGNGA,2015,8,2015-08,58,Suspected and confirmed
PHANGNGA,2015,9,2015-09,44,Suspected and confirmed
PHANGNGA,2015,10,2015-10,38,Suspected and confirmed
PHANGNGA,2015,11,2015-11,45,Suspected and confirmed
PHANGNGA,2015,12,2015-12,24,Suspected and confirmed
PHANGNGA,2016,1,2016-01,37,Suspected and confirmed
PHANGNGA,2016,2,2016-02,19,Suspected and confirmed
PHANGNGA,2016,3,2016-03,14,Suspected and confirmed
PHANGNGA,2016,4,2016-04,16,Suspected and confirmed
PHANGNGA,2016,5,2016-05,15,Suspected and confirmed
PHANGNGA,2016,6,2016-06,48,Suspected and confirmed
PHANGNGA,2016,7,2016-07,45,Suspected and confirmed
PHANGNGA,2016,8,2016-08,39,Suspected and confirmed
PHANGNGA,2016,9,2016-09,20,Suspected and confirmed
PHANGNGA,2016,10,2016-10,8,Suspected and confirmed
PHANGNGA,2016,11,2016-11,6,Suspected and confirmed
PHANGNGA,2016,12,2016-12,0,Suspected and confirmed
PHANGNGA,2017,1,2017-01,14,Suspected and confirmed
PHANGNGA,2017,2,2017-02,18,Suspected and confirmed
PHANGNGA,2017,3,2017-03,9,Suspected and confirmed
PHANGNGA,2017,4,2017-04,25,Suspected and confirmed
PHANGNGA,2017,5,2017-05,39,Suspected and confirmed
PHANGNGA,2017,6,2017-06,59,Suspected and confirmed
PHANGNGA,2017,7,2017-07,51,Suspected and confirmed
PHANGNGA,2017,8,2017-08,39,Suspected and confirmed
PHANGNGA,2017,9,2017-09,29,Suspected and confirmed
PHANGNGA,2017,10,2017-10,36,Suspected and confirmed
PHANGNGA,2017,11,2017-11,44,Suspected and confirmed
PHANGNGA,2017,12,2017-12,36,Suspected and confirmed
PHANGNGA,2018,1,2018-01,18,Suspected and confirmed
PHANGNGA,2018,2,2018-02,22,Suspected and confirmed
PHANGNGA,2018,3,2018-03,29,Suspected and confirmed
PHANGNGA,2018,4,2018-04,13,Suspected and confirmed
PHANGNGA,2018,5,2018-05,33,Suspected and confirmed
PHANGNGA,2018,6,2018-06,21,Suspected and confirmed
PHANGNGA,2018,7,2018-07,36,Suspected and confirmed
PHANGNGA,2018,8,2018-08,35,Suspected and confirmed
PHANGNGA,2018,9,2018-09,52,Suspected and confirmed
PHANGNGA,2018,10,2018-10,24,Suspected and confirmed
PHANGNGA,2018,11,2018-11,20,Suspected and confirmed
PHANGNGA,2018,12,2018-12,19,Suspected and confirmed
PHANGNGA,2019,1,2019-01,61,Suspected and confirmed
PHANGNGA,2019,2,2019-02,48,Suspected and confirmed
PHANGNGA,2019,3,2019-03,29,Suspected and confirmed
PHANGNGA,2019,4,2019-04,33,Suspected and confirmed
PHANGNGA,2019,5,2019-05,79,Suspected and confirmed
PHANGNGA,2019,6,2019-06,136,Suspected and confirmed
PHANGNGA,2019,7,2019-07,83,Suspected and confirmed
PHANGNGA,2019,8,2019-08,43,Suspected and confirmed
PHANGNGA,2019,9,2019-09,38,Suspected and confirmed
PHANGNGA,2019,10,2019-10,32,Suspected and confirmed
PHANGNGA,2019,11,2019-11,24,Suspected and confirmed
PHANGNGA,2019,12,2019-12,16,Suspected and confirmed
PHANGNGA,2020,1,2020-01,19,Suspected and confirmed
PHANGNGA,2020,2,2020-02,12,Suspected and confirmed
PHANGNGA,2020,3,2020-03,16,Suspected and confirmed
PHANGNGA,2020,4,2020-04,15,Suspected and confirmed
PHANGNGA,2020,5,2020-05,59,Suspected and confirmed
PHANGNGA,2020,6,2020-06,75,Suspected and confirmed
PHANGNGA,2020,7,2020-07,50,Suspected and confirmed
PHANGNGA,2020,8,2020-08,30,Suspected and confirmed
PHANGNGA,2020,9,2020-09,30,Suspected and confirmed
PHANGNGA,2020,10,2020-10,7,Suspected and confirmed
PHANGNGA,2020,11,2020-11,7,Suspected and confirmed
PHANGNGA,2020,12,2020-12,6,Suspected and confirmed
PHANGNGA,2021,1,2021-01,9,Suspected and confirmed
PHANGNGA,2021,2,2021-02,5,Suspected and confirmed
PHANGNGA,2021,3,2021-03,0,Suspected and confirmed
PHANGNGA,2021,4,2021-04,0,Suspected and confirmed
PHANGNGA,2021,5,2021-05,0,Suspected and confirmed
PHANGNGA,2021,6,2021-06,2,Suspected and confirmed
PHANGNGA,2021,7,2021-07,1,Suspected and confirmed
PHANGNGA,2021,8,2021-08,3,Suspected and confirmed
PHANGNGA,2021,9,2021-09,2,Suspected and confirmed
PHANGNGA,2021,10,2021-10,2,Suspected and confirmed
PHANGNGA,2021,11,2021-11,4,Suspected and confirmed
PHANGNGA,2021,12,2021-12,5,Suspected and confirmed
PHANGNGA,2022,1,2022-01,12,Suspected and confirmed
PHANGNGA,2022,2,2022-02,3,Suspected and confirmed
PHANGNGA,2022,3,2022-03,2,Suspected and confirmed
PHANGNGA,2022,4,2022-04,2,Suspected and confirmed
PHANGNGA,2022,5,2022-05,16,Suspected and confirmed
PHANGNGA,2022,6,2022-06,13,Suspected and confirmed
PHANGNGA,2022,7,2022-07,21,Suspected and confirmed
PHANGNGA,2022,8,2022-08,47,Suspected and confirmed
PHANGNGA,2022,9,2022-09,44,Suspected and confirmed
PHANGNGA,2022,10,2022-10,36,Suspected and confirmed
PHANGNGA,2022,11,2022-11,24,Suspected and confirmed
PHANGNGA,2022,12,2022-12,14,Suspected and confirmed
PHATTHALUNG,2015,1,2015-01,27,Suspected and confirmed
PHATTHALUNG,2015,2,2015-02,14,Suspected and confirmed
PHATTHALUNG,2015,3,2015-03,11,Suspected and confirmed
PHATTHALUNG,2015,4,2015-04,10,Suspected and confirmed
PHATTHALUNG,2015,5,2015-05,20,Suspected and confirmed
PHATTHALUNG,2015,6,2015-06,39,Suspected and confirmed
PHATTHALUNG,2015,7,2015-07,51,Suspected and confirmed
PHATTHALUNG,2015,8,2015-08,34,Suspected and confirmed
PHATTHALUNG,2015,9,2015-09,26,Suspected and confirmed
PHATTHALUNG,2015,10,2015-10,26,Suspected and confirmed
PHATTHALUNG,2015,11,2015-11,39,Suspected and confirmed
PHATTHALUNG,2015,12,2015-12,50,Suspected and confirmed
PHATTHALUNG,2016,1,2016-01,28,Suspected and confirmed
PHATTHALUNG,2016,2,2016-02,16,Suspected and confirmed
PHATTHALUNG,2016,3,2016-03,13,Suspected and confirmed
PHATTHALUNG,2016,4,2016-04,9,Suspected and confirmed
PHATTHALUNG,2016,5,2016-05,5,Suspected and confirmed
PHATTHALUNG,2016,6,2016-06,9,Suspected and confirmed
PHATTHALUNG,2016,7,2016-07,53,Suspected and confirmed
PHATTHALUNG,2016,8,2016-08,126,Suspected and confirmed
PHATTHALUNG,2016,9,2016-09,142,Suspected and confirmed
PHATTHALUNG,2016,10,2016-10,121,Suspected and confirmed
PHATTHALUNG,2016,11,2016-11,137,Suspected and confirmed
PHATTHALUNG,2016,12,2016-12,97,Suspected and confirmed
PHATTHALUNG,2017,1,2017-01,99,Suspected and confirmed
PHATTHALUNG,2017,2,2017-02,80,Suspected and confirmed
PHATTHALUNG,2017,3,2017-03,59,Suspected and confirmed
PHATTHALUNG,2017,4,2017-04,42,Suspected and confirmed
PHATTHALUNG,2017,5,2017-05,39,Suspected and confirmed
PHATTHALUNG,2017,6,2017-06,43,Suspected and confirmed
PHATTHALUNG,2017,7,2017-07,34,Suspected and confirmed
PHATTHALUNG,2017,8,2017-08,17,Suspected and confirmed
PHATTHALUNG,2017,9,2017-09,0,Suspected and confirmed
PHATTHALUNG,2017,10,2017-10,0,Suspected and confirmed
PHATTHALUNG,2017,11,2017-11,0,Suspected and confirmed
PHATTHALUNG,2017,12,2017-12,0,Suspected and confirmed
PHATTHALUNG,2018,1,2018-01,17,Suspected and confirmed
PHATTHALUNG,2018,2,2018-02,7,Suspected and confirmed
PHATTHALUNG,2018,3,2018-03,12,Suspected and confirmed
PHATTHALUNG,2018,4,2018-04,14,Suspected and confirmed
PHATTHALUNG,2018,5,2018-05,24,Suspected and confirmed
PHATTHALUNG,2018,6,2018-06,48,Suspected and confirmed
PHATTHALUNG,2018,7,2018-07,27,Suspected and confirmed
PHATTHALUNG,2018,8,2018-08,29,Suspected and confirmed
PHATTHALUNG,2018,9,2018-09,33,Suspected and confirmed
PHATTHALUNG,2018,10,2018-10,35,Suspected and confirmed
PHATTHALUNG,2018,11,2018-11,70,Suspected and confirmed
PHATTHALUNG,2018,12,2018-12,54,Suspected and confirmed
PHATTHALUNG,2019,1,2019-01,32,Suspected and confirmed
PHATTHALUNG,2019,2,2019-02,29,Suspected and confirmed
PHATTHALUNG,2019,3,2019-03,15,Suspected and confirmed
PHATTHALUNG,2019,4,2019-04,14,Suspected and confirmed
PHATTHALUNG,2019,5,2019-05,37,Suspected and confirmed
PHATTHALUNG,2019,6,2019-06,94,Suspected and confirmed
PHATTHALUNG,2019,7,2019-07,54,Suspected and confirmed
PHATTHALUNG,2019,8,2019-08,98,Suspected and confirmed
PHATTHALUNG,2019,9,2019-09,36,Suspected and confirmed
PHATTHALUNG,2019,10,2019-10,0,Suspected and confirmed
PHATTHALUNG,2019,11,2019-11,0,Suspected and confirmed
PHATTHALUNG,2019,12,2019-12,0,Suspected and confirmed
PHATTHALUNG,2020,1,2020-01,0,Suspected and confirmed
PHATTHALUNG,2020,2,2020-02,0,Suspected and confirmed
PHATTHALUNG,2020,3,2020-03,0,Suspected and confirmed
PHATTHALUNG,2020,4,2020-04,0,Suspected and confirmed
PHATTHALUNG,2020,5,2020-05,0,Suspected and confirmed
PHATTHALUNG,2020,6,2020-06,0,Suspected and confirmed
PHATTHALUNG,2020,7,2020-07,0,Suspected and confirmed
PHATTHALUNG,2020,8,2020-08,0,Suspected and confirmed
PHATTHALUNG,2020,9,2020-09,0,Suspected and confirmed
PHATTHALUNG,2020,10,2020-10,0,Suspected and confirmed
PHATTHALUNG,2020,11,2020-11,0,Suspected and confirmed
PHATTHALUNG,2020,12,2020-12,0,Suspected and confirmed
PHATTHALUNG,2021,1,2021-01,0,Suspected and confirmed
PHATTHALUNG,2021,2,2021-02,0,Suspected and confirmed
PHATTHALUNG,2021,3,2021-03,0,Suspected and confirmed
PHATTHALUNG,2021,4,2021-04,0,Suspected and confirmed
PHATTHALUNG,2021,5,2021-05,0,Suspected and confirmed
PHATTHALUNG,2021,6,2021-06,0,Suspected and confirmed
PHATTHALUNG,2021,7,2021-07,0,Suspected and confirmed
PHATTHALUNG,2021,8,2021-08,0,Suspected and confirmed
PHATTHALUNG,2021,9,2021-09,0,Suspected and confirmed
PHATTHALUNG,2021,10,2021-10,0,Suspected and confirmed
PHATTHALUNG,2021,11,2021-11,0,Suspected and confirmed
PHATTHALUNG,2021,12,2021-12,1,Suspected and confirmed
PHATTHALUNG,2022,1,2022-01,8,Suspected and confirmed
PHATTHALUNG,2022,2,2022-02,2,Suspected and confirmed
PHATTHALUNG,2022,3,2022-03,2,Suspected and confirmed
PHATTHALUNG,2022,4,2022-04,0,Suspected and confirmed
PHATTHALUNG,2022,5,2022-05,2,Suspected and confirmed
PHATTHALUNG,2022,6,2022-06,10,Suspected and confirmed
PHATTHALUNG,2022,7,2022-07,6,Suspected and confirmed
PHATTHALUNG,2022,8,2022-08,17,Suspected and confirmed
PHATTHALUNG,2022,9,2022-09,10,Suspected and confirmed
PHATTHALUNG,2022,10,2022-10,18,Suspected and confirmed
PHATTHALUNG,2022,11,2022-11,25,Suspected and confirmed
PHATTHALUNG,2022,12,2022-12,41,Suspected and confirmed
PHAYAO,2015,1,2015-01,0,Suspected and confirmed
PHAYAO,2015,2,2015-02,0,Suspected and confirmed
PHAYAO,2015,3,2015-03,0,Suspected and confirmed
PHAYAO,2015,4,2015-04,4,Suspected and confirmed
PHAYAO,2015,5,2015-05,27,Suspected and confirmed
PHAYAO,2015,6,2015-06,45,Suspected and confirmed
PHAYAO,2015,7,2015-07,44,Suspected and confirmed
PHAYAO,2015,8,2015-08,35,Suspected and confirmed
PHAYAO,2015,9,2015-09,26,Suspected and confirmed
PHAYAO,2015,10,2015-10,18,Suspected and confirmed
PHAYAO,2015,11,2015-11,32,Suspected and confirmed
PHAYAO,2015,12,2015-12,19,Suspected and confirmed
PHAYAO,2016,1,2016-01,4,Suspected and confirmed
PHAYAO,2016,2,2016-02,3,Suspected and confirmed
PHAYAO,2016,3,2016-03,1,Suspected and confirmed
PHAYAO,2016,4,2016-04,23,Suspected and confirmed
PHAYAO,2016,5,2016-05,30,Suspected and confirmed
PHAYAO,2016,6,2016-06,14,Suspected and confirmed
PHAYAO,2016,7,2016-07,16,Suspected and confirmed
PHAYAO,2016,8,2016-08,28,Suspected and confirmed
PHAYAO,2016,9,2016-09,28,Suspected and confirmed
PHAYAO,2016,10,2016-10,2,Suspected and confirmed
PHAYAO,2016,11,2016-11,0,Suspected and confirmed
PHAYAO,2016,12,2016-12,1,Suspected and confirmed
PHAYAO,2017,1,2017-01,0,Suspected and confirmed
PHAYAO,2017,2,2017-02,0,Suspected and confirmed
PHAYAO,2017,3,2017-03,0,Suspected and confirmed
PHAYAO,2017,4,2017-04,3,Suspected and confirmed
PHAYAO,2017,5,2017-05,13,Suspected and confirmed
PHAYAO,2017,6,2017-06,11,Suspected and confirmed
PHAYAO,2017,7,2017-07,13,Suspected and confirmed
PHAYAO,2017,8,2017-08,5,Suspected and confirmed
PHAYAO,2017,9,2017-09,8,Suspected and confirmed
PHAYAO,2017,10,2017-10,6,Suspected and confirmed
PHAYAO,2017,11,2017-11,0,Suspected and confirmed
PHAYAO,2017,12,2017-12,2,Suspected and confirmed
PHAYAO,2018,1,2018-01,0,Suspected and confirmed
PHAYAO,2018,2,2018-02,0,Suspected and confirmed
PHAYAO,2018,3,2018-03,0,Suspected and confirmed
PHAYAO,2018,4,2018-04,2,Suspected and confirmed
PHAYAO,2018,5,2018-05,12,Suspected and confirmed
PHAYAO,2018,6,2018-06,31,Suspected and confirmed
PHAYAO,2018,7,2018-07,15,Suspected and confirmed
PHAYAO,2018,8,2018-08,22,Suspected and confirmed
PHAYAO,2018,9,2018-09,5,Suspected and confirmed
PHAYAO,2018,10,2018-10,6,Suspected and confirmed
PHAYAO,2018,11,2018-11,6,Suspected and confirmed
PHAYAO,2018,12,2018-12,1,Suspected and confirmed
PHAYAO,2019,1,2019-01,1,Suspected and confirmed
PHAYAO,2019,2,2019-02,0,Suspected and confirmed
PHAYAO,2019,3,2019-03,4,Suspected and confirmed
PHAYAO,2019,4,2019-04,9,Suspected and confirmed
PHAYAO,2019,5,2019-05,10,Suspected and confirmed
PHAYAO,2019,6,2019-06,72,Suspected and confirmed
PHAYAO,2019,7,2019-07,120,Suspected and confirmed
PHAYAO,2019,8,2019-08,47,Suspected and confirmed
PHAYAO,2019,9,2019-09,20,Suspected and confirmed
PHAYAO,2019,10,2019-10,10,Suspected and confirmed
PHAYAO,2019,11,2019-11,15,Suspected and confirmed
PHAYAO,2019,12,2019-12,1,Suspected and confirmed
PHAYAO,2020,1,2020-01,1,Suspected and confirmed
PHAYAO,2020,2,2020-02,0,Suspected and confirmed
PHAYAO,2020,3,2020-03,9,Suspected and confirmed
PHAYAO,2020,4,2020-04,9,Suspected and confirmed
PHAYAO,2020,5,2020-05,6,Suspected and confirmed
PHAYAO,2020,6,2020-06,38,Suspected and confirmed
PHAYAO,2020,7,2020-07,63,Suspected and confirmed
PHAYAO,2020,8,2020-08,48,Suspected and confirmed
PHAYAO,2020,9,2020-09,5,Suspected and confirmed
PHAYAO,2020,10,2020-10,6,Suspected and confirmed
PHAYAO,2020,11,2020-11,1,Suspected and confirmed
PHAYAO,2020,12,2020-12,1,Suspected and confirmed
PHAYAO,2021,1,2021-01,1,Suspected and confirmed
PHAYAO,2021,2,2021-02,0,Suspected and confirmed
PHAYAO,2021,3,2021-03,4,Suspected and confirmed
PHAYAO,2021,4,2021-04,0,Suspected and confirmed
PHAYAO,2021,5,2021-05,0,Suspected and confirmed
PHAYAO,2021,6,2021-06,5,Suspected and confirmed
PHAYAO,2021,7,2021-07,4,Suspected and confirmed
PHAYAO,2021,8,2021-08,1,Suspected and confirmed
PHAYAO,2021,9,2021-09,2,Suspected and confirmed
PHAYAO,2021,10,2021-10,0,Suspected and confirmed
PHAYAO,2021,11,2021-11,3,Suspected and confirmed
PHAYAO,2021,12,2021-12,2,Suspected and confirmed
PHAYAO,2022,1,2022-01,0,Suspected and confirmed
PHAYAO,2022,2,2022-02,0,Suspected and confirmed
PHAYAO,2022,3,2022-03,0,Suspected and confirmed
PHAYAO,2022,4,2022-04,0,Suspected and confirmed
PHAYAO,2022,5,2022-05,8,Suspected and confirmed
PHAYAO,2022,6,2022-06,23,Suspected and confirmed
PHAYAO,2022,7,2022-07,15,Suspected and confirmed
PHAYAO,2022,8,2022-08,11,Suspected and confirmed
PHAYAO,2022,9,2022-09,5,Suspected and confirmed
PHAYAO,2022,10,2022-10,6,Suspected and confirmed
PHAYAO,2022,11,2022-11,5,Suspected and confirmed
PHAYAO,2022,12,2022-12,2,Suspected and confirmed
PHETCHABUN,2015,1,2015-01,2,Suspected and confirmed
PHETCHABUN,2015,2,2015-02,8,Suspected and confirmed
PHETCHABUN,2015,3,2015-03,5,Suspected and confirmed
PHETCHABUN,2015,4,2015-04,2,Suspected and confirmed
PHETCHABUN,2015,5,2015-05,19,Suspected and confirmed
PHETCHABUN,2015,6,2015-06,39,Suspected and confirmed
PHETCHABUN,2015,7,2015-07,54,Suspected and confirmed
PHETCHABUN,2015,8,2015-08,71,Suspected and confirmed
PHETCHABUN,2015,9,2015-09,63,Suspected and confirmed
PHETCHABUN,2015,10,2015-10,30,Suspected and confirmed
PHETCHABUN,2015,11,2015-11,26,Suspected and confirmed
PHETCHABUN,2015,12,2015-12,2,Suspected and confirmed
PHETCHABUN,2016,1,2016-01,6,Suspected and confirmed
PHETCHABUN,2016,2,2016-02,12,Suspected and confirmed
PHETCHABUN,2016,3,2016-03,13,Suspected and confirmed
PHETCHABUN,2016,4,2016-04,16,Suspected and confirmed
PHETCHABUN,2016,5,2016-05,77,Suspected and confirmed
PHETCHABUN,2016,6,2016-06,155,Suspected and confirmed
PHETCHABUN,2016,7,2016-07,182,Suspected and confirmed
PHETCHABUN,2016,8,2016-08,74,Suspected and confirmed
PHETCHABUN,2016,9,2016-09,21,Suspected and confirmed
PHETCHABUN,2016,10,2016-10,10,Suspected and confirmed
PHETCHABUN,2016,11,2016-11,3,Suspected and confirmed
PHETCHABUN,2016,12,2016-12,0,Suspected and confirmed
PHETCHABUN,2017,1,2017-01,0,Suspected and confirmed
PHETCHABUN,2017,2,2017-02,3,Suspected and confirmed
PHETCHABUN,2017,3,2017-03,6,Suspected and confirmed
PHETCHABUN,2017,4,2017-04,9,Suspected and confirmed
PHETCHABUN,2017,5,2017-05,17,Suspected and confirmed
PHETCHABUN,2017,6,2017-06,39,Suspected and confirmed
PHETCHABUN,2017,7,2017-07,67,Suspected and confirmed
PHETCHABUN,2017,8,2017-08,39,Suspected and confirmed
PHETCHABUN,2017,9,2017-09,23,Suspected and confirmed
PHETCHABUN,2017,10,2017-10,9,Suspected and confirmed
PHETCHABUN,2017,11,2017-11,10,Suspected and confirmed
PHETCHABUN,2017,12,2017-12,7,Suspected and confirmed
PHETCHABUN,2018,1,2018-01,5,Suspected and confirmed
PHETCHABUN,2018,2,2018-02,5,Suspected and confirmed
PHETCHABUN,2018,3,2018-03,10,Suspected and confirmed
PHETCHABUN,2018,4,2018-04,8,Suspected and confirmed
PHETCHABUN,2018,5,2018-05,28,Suspected and confirmed
PHETCHABUN,2018,6,2018-06,68,Suspected and confirmed
PHETCHABUN,2018,7,2018-07,56,Suspected and confirmed
PHETCHABUN,2018,8,2018-08,43,Suspected and confirmed
PHETCHABUN,2018,9,2018-09,17,Suspected and confirmed
PHETCHABUN,2018,10,2018-10,12,Suspected and confirmed
PHETCHABUN,2018,11,2018-11,4,Suspected and confirmed
PHETCHABUN,2018,12,2018-12,4,Suspected and confirmed
PHETCHABUN,2019,1,2019-01,5,Suspected and confirmed
PHETCHABUN,2019,2,2019-02,7,Suspected and confirmed
PHETCHABUN,2019,3,2019-03,20,Suspected and confirmed
PHETCHABUN,2019,4,2019-04,29,Suspected and confirmed
PHETCHABUN,2019,5,2019-05,60,Suspected and confirmed
PHETCHABUN,2019,6,2019-06,174,Suspected and confirmed
PHETCHABUN,2019,7,2019-07,147,Suspected and confirmed
PHETCHABUN,2019,8,2019-08,122,Suspected and confirmed
PHETCHABUN,2019,9,2019-09,83,Suspected and confirmed
PHETCHABUN,2019,10,2019-10,35,Suspected and confirmed
PHETCHABUN,2019,11,2019-11,22,Suspected and confirmed
PHETCHABUN,2019,12,2019-12,6,Suspected and confirmed
PHETCHABUN,2020,1,2020-01,3,Suspected and confirmed
PHETCHABUN,2020,2,2020-02,15,Suspected and confirmed
PHETCHABUN,2020,3,2020-03,20,Suspected and confirmed
PHETCHABUN,2020,4,2020-04,25,Suspected and confirmed
PHETCHABUN,2020,5,2020-05,47,Suspected and confirmed
PHETCHABUN,2020,6,2020-06,107,Suspected and confirmed
PHETCHABUN,2020,7,2020-07,218,Suspected and confirmed
PHETCHABUN,2020,8,2020-08,110,Suspected and confirmed
PHETCHABUN,2020,9,2020-09,32,Suspected and confirmed
PHETCHABUN,2020,10,2020-10,27,Suspected and confirmed
PHETCHABUN,2020,11,2020-11,3,Suspected and confirmed
PHETCHABUN,2020,12,2020-12,2,Suspected and confirmed
PHETCHABUN,2021,1,2021-01,1,Suspected and confirmed
PHETCHABUN,2021,2,2021-02,1,Suspected and confirmed
PHETCHABUN,2021,3,2021-03,1,Suspected and confirmed
PHETCHABUN,2021,4,2021-04,1,Suspected and confirmed
PHETCHABUN,2021,5,2021-05,2,Suspected and confirmed
PHETCHABUN,2021,6,2021-06,7,Suspected and confirmed
PHETCHABUN,2021,7,2021-07,5,Suspected and confirmed
PHETCHABUN,2021,8,2021-08,1,Suspected and confirmed
PHETCHABUN,2021,9,2021-09,1,Suspected and confirmed
PHETCHABUN,2021,10,2021-10,2,Suspected and confirmed
PHETCHABUN,2021,11,2021-11,0,Suspected and confirmed
PHETCHABUN,2021,12,2021-12,1,Suspected and confirmed
PHETCHABUN,2022,1,2022-01,1,Suspected and confirmed
PHETCHABUN,2022,2,2022-02,1,Suspected and confirmed
PHETCHABUN,2022,3,2022-03,1,Suspected and confirmed
PHETCHABUN,2022,4,2022-04,1,Suspected and confirmed
PHETCHABUN,2022,5,2022-05,15,Suspected and confirmed
PHETCHABUN,2022,6,2022-06,33,Suspected and confirmed
PHETCHABUN,2022,7,2022-07,44,Suspected and confirmed
PHETCHABUN,2022,8,2022-08,14,Suspected and confirmed
PHETCHABUN,2022,9,2022-09,26,Suspected and confirmed
PHETCHABUN,2022,10,2022-10,13,Suspected and confirmed
PHETCHABUN,2022,11,2022-11,5,Suspected and confirmed
PHETCHABUN,2022,12,2022-12,3,Suspected and confirmed
PHETCHABURI,2015,1,2015-01,34,Suspected and confirmed
PHETCHABURI,2015,2,2015-02,44,Suspected and confirmed
PHETCHABURI,2015,3,2015-03,45,Suspected and confirmed
PHETCHABURI,2015,4,2015-04,58,Suspected and confirmed
PHETCHABURI,2015,5,2015-05,101,Suspected and confirmed
PHETCHABURI,2015,6,2015-06,205,Suspected and confirmed
PHETCHABURI,2015,7,2015-07,347,Suspected and confirmed
PHETCHABURI,2015,8,2015-08,282,Suspected and confirmed
PHETCHABURI,2015,9,2015-09,249,Suspected and confirmed
PHETCHABURI,2015,10,2015-10,164,Suspected and confirmed
PHETCHABURI,2015,11,2015-11,170,Suspected and confirmed
PHETCHABURI,2015,12,2015-12,55,Suspected and confirmed
PHETCHABURI,2016,1,2016-01,29,Suspected and confirmed
PHETCHABURI,2016,2,2016-02,15,Suspected and confirmed
PHETCHABURI,2016,3,2016-03,20,Suspected and confirmed
PHETCHABURI,2016,4,2016-04,14,Suspected and confirmed
PHETCHABURI,2016,5,2016-05,13,Suspected and confirmed
PHETCHABURI,2016,6,2016-06,14,Suspected and confirmed
PHETCHABURI,2016,7,2016-07,36,Suspected and confirmed
PHETCHABURI,2016,8,2016-08,61,Suspected and confirmed
PHETCHABURI,2016,9,2016-09,58,Suspected and confirmed
PHETCHABURI,2016,10,2016-10,33,Suspected and confirmed
PHETCHABURI,2016,11,2016-11,25,Suspected and confirmed
PHETCHABURI,2016,12,2016-12,15,Suspected and confirmed
PHETCHABURI,2017,1,2017-01,24,Suspected and confirmed
PHETCHABURI,2017,2,2017-02,18,Suspected and confirmed
PHETCHABURI,2017,3,2017-03,19,Suspected and confirmed
PHETCHABURI,2017,4,2017-04,11,Suspected and confirmed
PHETCHABURI,2017,5,2017-05,32,Suspected and confirmed
PHETCHABURI,2017,6,2017-06,84,Suspected and confirmed
PHETCHABURI,2017,7,2017-07,177,Suspected and confirmed
PHETCHABURI,2017,8,2017-08,120,Suspected and confirmed
PHETCHABURI,2017,9,2017-09,80,Suspected and confirmed
PHETCHABURI,2017,10,2017-10,36,Suspected and confirmed
PHETCHABURI,2017,11,2017-11,46,Suspected and confirmed
PHETCHABURI,2017,12,2017-12,24,Suspected and confirmed
PHETCHABURI,2018,1,2018-01,13,Suspected and confirmed
PHETCHABURI,2018,2,2018-02,36,Suspected and confirmed
PHETCHABURI,2018,3,2018-03,25,Suspected and confirmed
PHETCHABURI,2018,4,2018-04,20,Suspected and confirmed
PHETCHABURI,2018,5,2018-05,42,Suspected and confirmed
PHETCHABURI,2018,6,2018-06,56,Suspected and confirmed
PHETCHABURI,2018,7,2018-07,53,Suspected and confirmed
PHETCHABURI,2018,8,2018-08,62,Suspected and confirmed
PHETCHABURI,2018,9,2018-09,65,Suspected and confirmed
PHETCHABURI,2018,10,2018-10,55,Suspected and confirmed
PHETCHABURI,2018,11,2018-11,54,Suspected and confirmed
PHETCHABURI,2018,12,2018-12,38,Suspected and confirmed
PHETCHABURI,2019,1,2019-01,44,Suspected and confirmed
PHETCHABURI,2019,2,2019-02,26,Suspected and confirmed
PHETCHABURI,2019,3,2019-03,59,Suspected and confirmed
PHETCHABURI,2019,4,2019-04,34,Suspected and confirmed
PHETCHABURI,2019,5,2019-05,28,Suspected and confirmed
PHETCHABURI,2019,6,2019-06,32,Suspected and confirmed
PHETCHABURI,2019,7,2019-07,66,Suspected and confirmed
PHETCHABURI,2019,8,2019-08,69,Suspected and confirmed
PHETCHABURI,2019,9,2019-09,79,Suspected and confirmed
PHETCHABURI,2019,10,2019-10,80,Suspected and confirmed
PHETCHABURI,2019,11,2019-11,105,Suspected and confirmed
PHETCHABURI,2019,12,2019-12,26,Suspected and confirmed
PHETCHABURI,2020,1,2020-01,31,Suspected and confirmed
PHETCHABURI,2020,2,2020-02,20,Suspected and confirmed
PHETCHABURI,2020,3,2020-03,10,Suspected and confirmed
PHETCHABURI,2020,4,2020-04,13,Suspected and confirmed
PHETCHABURI,2020,5,2020-05,9,Suspected and confirmed
PHETCHABURI,2020,6,2020-06,15,Suspected and confirmed
PHETCHABURI,2020,7,2020-07,40,Suspected and confirmed
PHETCHABURI,2020,8,2020-08,35,Suspected and confirmed
PHETCHABURI,2020,9,2020-09,30,Suspected and confirmed
PHETCHABURI,2020,10,2020-10,23,Suspected and confirmed
PHETCHABURI,2020,11,2020-11,27,Suspected and confirmed
PHETCHABURI,2020,12,2020-12,14,Suspected and confirmed
PHETCHABURI,2021,1,2021-01,8,Suspected and confirmed
PHETCHABURI,2021,2,2021-02,6,Suspected and confirmed
PHETCHABURI,2021,3,2021-03,1,Suspected and confirmed
PHETCHABURI,2021,4,2021-04,0,Suspected and confirmed
PHETCHABURI,2021,5,2021-05,1,Suspected and confirmed
PHETCHABURI,2021,6,2021-06,0,Suspected and confirmed
PHETCHABURI,2021,7,2021-07,1,Suspected and confirmed
PHETCHABURI,2021,8,2021-08,2,Suspected and confirmed
PHETCHABURI,2021,9,2021-09,0,Suspected and confirmed
PHETCHABURI,2021,10,2021-10,13,Suspected and confirmed
PHETCHABURI,2021,11,2021-11,21,Suspected and confirmed
PHETCHABURI,2021,12,2021-12,8,Suspected and confirmed
PHETCHABURI,2022,1,2022-01,9,Suspected and confirmed
PHETCHABURI,2022,2,2022-02,9,Suspected and confirmed
PHETCHABURI,2022,3,2022-03,7,Suspected and confirmed
PHETCHABURI,2022,4,2022-04,16,Suspected and confirmed
PHETCHABURI,2022,5,2022-05,8,Suspected and confirmed
PHETCHABURI,2022,6,2022-06,19,Suspected and confirmed
PHETCHABURI,2022,7,2022-07,22,Suspected and confirmed
PHETCHABURI,2022,8,2022-08,34,Suspected and confirmed
PHETCHABURI,2022,9,2022-09,55,Suspected and confirmed
PHETCHABURI,2022,10,2022-10,70,Suspected and confirmed
PHETCHABURI,2022,11,2022-11,80,Suspected and confirmed
PHETCHABURI,2022,12,2022-12,66,Suspected and confirmed
PHICHIT,2015,1,2015-01,0,Suspected and confirmed
PHICHIT,2015,2,2015-02,8,Suspected and confirmed
PHICHIT,2015,3,2015-03,23,Suspected and confirmed
PHICHIT,2015,4,2015-04,26,Suspected and confirmed
PHICHIT,2015,5,2015-05,49,Suspected and confirmed
PHICHIT,2015,6,2015-06,44,Suspected and confirmed
PHICHIT,2015,7,2015-07,56,Suspected and confirmed
PHICHIT,2015,8,2015-08,68,Suspected and confirmed
PHICHIT,2015,9,2015-09,79,Suspected and confirmed
PHICHIT,2015,10,2015-10,73,Suspected and confirmed
PHICHIT,2015,11,2015-11,107,Suspected and confirmed
PHICHIT,2015,12,2015-12,54,Suspected and confirmed
PHICHIT,2016,1,2016-01,20,Suspected and confirmed
PHICHIT,2016,2,2016-02,36,Suspected and confirmed
PHICHIT,2016,3,2016-03,39,Suspected and confirmed
PHICHIT,2016,4,2016-04,9,Suspected and confirmed
PHICHIT,2016,5,2016-05,1,Suspected and confirmed
PHICHIT,2016,6,2016-06,2,Suspected and confirmed
PHICHIT,2016,7,2016-07,7,Suspected and confirmed
PHICHIT,2016,8,2016-08,29,Suspected and confirmed
PHICHIT,2016,9,2016-09,21,Suspected and confirmed
PHICHIT,2016,10,2016-10,19,Suspected and confirmed
PHICHIT,2016,11,2016-11,9,Suspected and confirmed
PHICHIT,2016,12,2016-12,15,Suspected and confirmed
PHICHIT,2017,1,2017-01,3,Suspected and confirmed
PHICHIT,2017,2,2017-02,3,Suspected and confirmed
PHICHIT,2017,3,2017-03,8,Suspected and confirmed
PHICHIT,2017,4,2017-04,14,Suspected and confirmed
PHICHIT,2017,5,2017-05,25,Suspected and confirmed
PHICHIT,2017,6,2017-06,56,Suspected and confirmed
PHICHIT,2017,7,2017-07,84,Suspected and confirmed
PHICHIT,2017,8,2017-08,68,Suspected and confirmed
PHICHIT,2017,9,2017-09,47,Suspected and confirmed
PHICHIT,2017,10,2017-10,30,Suspected and confirmed
PHICHIT,2017,11,2017-11,29,Suspected and confirmed
PHICHIT,2017,12,2017-12,24,Suspected and confirmed
PHICHIT,2018,1,2018-01,10,Suspected and confirmed
PHICHIT,2018,2,2018-02,14,Suspected and confirmed
PHICHIT,2018,3,2018-03,13,Suspected and confirmed
PHICHIT,2018,4,2018-04,33,Suspected and confirmed
PHICHIT,2018,5,2018-05,105,Suspected and confirmed
PHICHIT,2018,6,2018-06,223,Suspected and confirmed
PHICHIT,2018,7,2018-07,164,Suspected and confirmed
PHICHIT,2018,8,2018-08,91,Suspected and confirmed
PHICHIT,2018,9,2018-09,80,Suspected and confirmed
PHICHIT,2018,10,2018-10,47,Suspected and confirmed
PHICHIT,2018,11,2018-11,25,Suspected and confirmed
PHICHIT,2018,12,2018-12,16,Suspected and confirmed
PHICHIT,2019,1,2019-01,7,Suspected and confirmed
PHICHIT,2019,2,2019-02,22,Suspected and confirmed
PHICHIT,2019,3,2019-03,24,Suspected and confirmed
PHICHIT,2019,4,2019-04,8,Suspected and confirmed
PHICHIT,2019,5,2019-05,9,Suspected and confirmed
PHICHIT,2019,6,2019-06,17,Suspected and confirmed
PHICHIT,2019,7,2019-07,25,Suspected and confirmed
PHICHIT,2019,8,2019-08,31,Suspected and confirmed
PHICHIT,2019,9,2019-09,25,Suspected and confirmed
PHICHIT,2019,10,2019-10,24,Suspected and confirmed
PHICHIT,2019,11,2019-11,13,Suspected and confirmed
PHICHIT,2019,12,2019-12,7,Suspected and confirmed
PHICHIT,2020,1,2020-01,6,Suspected and confirmed
PHICHIT,2020,2,2020-02,10,Suspected and confirmed
PHICHIT,2020,3,2020-03,22,Suspected and confirmed
PHICHIT,2020,4,2020-04,28,Suspected and confirmed
PHICHIT,2020,5,2020-05,10,Suspected and confirmed
PHICHIT,2020,6,2020-06,7,Suspected and confirmed
PHICHIT,2020,7,2020-07,31,Suspected and confirmed
PHICHIT,2020,8,2020-08,61,Suspected and confirmed
PHICHIT,2020,9,2020-09,41,Suspected and confirmed
PHICHIT,2020,10,2020-10,27,Suspected and confirmed
PHICHIT,2020,11,2020-11,17,Suspected and confirmed
PHICHIT,2020,12,2020-12,8,Suspected and confirmed
PHICHIT,2021,1,2021-01,1,Suspected and confirmed
PHICHIT,2021,2,2021-02,3,Suspected and confirmed
PHICHIT,2021,3,2021-03,16,Suspected and confirmed
PHICHIT,2021,4,2021-04,4,Suspected and confirmed
PHICHIT,2021,5,2021-05,9,Suspected and confirmed
PHICHIT,2021,6,2021-06,24,Suspected and confirmed
PHICHIT,2021,7,2021-07,11,Suspected and confirmed
PHICHIT,2021,8,2021-08,10,Suspected and confirmed
PHICHIT,2021,9,2021-09,20,Suspected and confirmed
PHICHIT,2021,10,2021-10,2,Suspected and confirmed
PHICHIT,2021,11,2021-11,1,Suspected and confirmed
PHICHIT,2021,12,2021-12,0,Suspected and confirmed
PHICHIT,2022,1,2022-01,2,Suspected and confirmed
PHICHIT,2022,2,2022-02,3,Suspected and confirmed
PHICHIT,2022,3,2022-03,5,Suspected and confirmed
PHICHIT,2022,4,2022-04,7,Suspected and confirmed
PHICHIT,2022,5,2022-05,2,Suspected and confirmed
PHICHIT,2022,6,2022-06,11,Suspected and confirmed
PHICHIT,2022,7,2022-07,19,Suspected and confirmed
PHICHIT,2022,8,2022-08,6,Suspected and confirmed
PHICHIT,2022,9,2022-09,15,Suspected and confirmed
PHICHIT,2022,10,2022-10,16,Suspected and confirmed
PHICHIT,2022,11,2022-11,3,Suspected and confirmed
PHICHIT,2022,12,2022-12,4,Suspected and confirmed
PHITSANULOK,2015,1,2015-01,3,Suspected and confirmed
PHITSANULOK,2015,2,2015-02,1,Suspected and confirmed
PHITSANULOK,2015,3,2015-03,4,Suspected and confirmed
PHITSANULOK,2015,4,2015-04,5,Suspected and confirmed
PHITSANULOK,2015,5,2015-05,18,Suspected and confirmed
PHITSANULOK,2015,6,2015-06,64,Suspected and confirmed
PHITSANULOK,2015,7,2015-07,103,Suspected and confirmed
PHITSANULOK,2015,8,2015-08,165,Suspected and confirmed
PHITSANULOK,2015,9,2015-09,153,Suspected and confirmed
PHITSANULOK,2015,10,2015-10,83,Suspected and confirmed
PHITSANULOK,2015,11,2015-11,135,Suspected and confirmed
PHITSANULOK,2015,12,2015-12,102,Suspected and confirmed
PHITSANULOK,2016,1,2016-01,60,Suspected and confirmed
PHITSANULOK,2016,2,2016-02,37,Suspected and confirmed
PHITSANULOK,2016,3,2016-03,34,Suspected and confirmed
PHITSANULOK,2016,4,2016-04,15,Suspected and confirmed
PHITSANULOK,2016,5,2016-05,7,Suspected and confirmed
PHITSANULOK,2016,6,2016-06,32,Suspected and confirmed
PHITSANULOK,2016,7,2016-07,77,Suspected and confirmed
PHITSANULOK,2016,8,2016-08,49,Suspected and confirmed
PHITSANULOK,2016,9,2016-09,46,Suspected and confirmed
PHITSANULOK,2016,10,2016-10,22,Suspected and confirmed
PHITSANULOK,2016,11,2016-11,20,Suspected and confirmed
PHITSANULOK,2016,12,2016-12,6,Suspected and confirmed
PHITSANULOK,2017,1,2017-01,8,Suspected and confirmed
PHITSANULOK,2017,2,2017-02,3,Suspected and confirmed
PHITSANULOK,2017,3,2017-03,12,Suspected and confirmed
PHITSANULOK,2017,4,2017-04,17,Suspected and confirmed
PHITSANULOK,2017,5,2017-05,38,Suspected and confirmed
PHITSANULOK,2017,6,2017-06,65,Suspected and confirmed
PHITSANULOK,2017,7,2017-07,72,Suspected and confirmed
PHITSANULOK,2017,8,2017-08,74,Suspected and confirmed
PHITSANULOK,2017,9,2017-09,43,Suspected and confirmed
PHITSANULOK,2017,10,2017-10,19,Suspected and confirmed
PHITSANULOK,2017,11,2017-11,23,Suspected and confirmed
PHITSANULOK,2017,12,2017-12,14,Suspected and confirmed
PHITSANULOK,2018,1,2018-01,3,Suspected and confirmed
PHITSANULOK,2018,2,2018-02,6,Suspected and confirmed
PHITSANULOK,2018,3,2018-03,11,Suspected and confirmed
PHITSANULOK,2018,4,2018-04,36,Suspected and confirmed
PHITSANULOK,2018,5,2018-05,85,Suspected and confirmed
PHITSANULOK,2018,6,2018-06,175,Suspected and confirmed
PHITSANULOK,2018,7,2018-07,214,Suspected and confirmed
PHITSANULOK,2018,8,2018-08,170,Suspected and confirmed
PHITSANULOK,2018,9,2018-09,117,Suspected and confirmed
PHITSANULOK,2018,10,2018-10,64,Suspected and confirmed
PHITSANULOK,2018,11,2018-11,37,Suspected and confirmed
PHITSANULOK,2018,12,2018-12,12,Suspected and confirmed
PHITSANULOK,2019,1,2019-01,12,Suspected and confirmed
PHITSANULOK,2019,2,2019-02,14,Suspected and confirmed
PHITSANULOK,2019,3,2019-03,20,Suspected and confirmed
PHITSANULOK,2019,4,2019-04,14,Suspected and confirmed
PHITSANULOK,2019,5,2019-05,18,Suspected and confirmed
PHITSANULOK,2019,6,2019-06,42,Suspected and confirmed
PHITSANULOK,2019,7,2019-07,56,Suspected and confirmed
PHITSANULOK,2019,8,2019-08,87,Suspected and confirmed
PHITSANULOK,2019,9,2019-09,99,Suspected and confirmed
PHITSANULOK,2019,10,2019-10,62,Suspected and confirmed
PHITSANULOK,2019,11,2019-11,47,Suspected and confirmed
PHITSANULOK,2019,12,2019-12,15,Suspected and confirmed
PHITSANULOK,2020,1,2020-01,14,Suspected and confirmed
PHITSANULOK,2020,2,2020-02,22,Suspected and confirmed
PHITSANULOK,2020,3,2020-03,23,Suspected and confirmed
PHITSANULOK,2020,4,2020-04,38,Suspected and confirmed
PHITSANULOK,2020,5,2020-05,51,Suspected and confirmed
PHITSANULOK,2020,6,2020-06,57,Suspected and confirmed
PHITSANULOK,2020,7,2020-07,121,Suspected and confirmed
PHITSANULOK,2020,8,2020-08,150,Suspected and confirmed
PHITSANULOK,2020,9,2020-09,122,Suspected and confirmed
PHITSANULOK,2020,10,2020-10,32,Suspected and confirmed
PHITSANULOK,2020,11,2020-11,30,Suspected and confirmed
PHITSANULOK,2020,12,2020-12,17,Suspected and confirmed
PHITSANULOK,2021,1,2021-01,12,Suspected and confirmed
PHITSANULOK,2021,2,2021-02,2,Suspected and confirmed
PHITSANULOK,2021,3,2021-03,2,Suspected and confirmed
PHITSANULOK,2021,4,2021-04,6,Suspected and confirmed
PHITSANULOK,2021,5,2021-05,27,Suspected and confirmed
PHITSANULOK,2021,6,2021-06,15,Suspected and confirmed
PHITSANULOK,2021,7,2021-07,13,Suspected and confirmed
PHITSANULOK,2021,8,2021-08,20,Suspected and confirmed
PHITSANULOK,2021,9,2021-09,8,Suspected and confirmed
PHITSANULOK,2021,10,2021-10,9,Suspected and confirmed
PHITSANULOK,2021,11,2021-11,7,Suspected and confirmed
PHITSANULOK,2021,12,2021-12,2,Suspected and confirmed
PHITSANULOK,2022,1,2022-01,3,Suspected and confirmed
PHITSANULOK,2022,2,2022-02,5,Suspected and confirmed
PHITSANULOK,2022,3,2022-03,10,Suspected and confirmed
PHITSANULOK,2022,4,2022-04,2,Suspected and confirmed
PHITSANULOK,2022,5,2022-05,36,Suspected and confirmed
PHITSANULOK,2022,6,2022-06,75,Suspected and confirmed
PHITSANULOK,2022,7,2022-07,77,Suspected and confirmed
PHITSANULOK,2022,8,2022-08,71,Suspected and confirmed
PHITSANULOK,2022,9,2022-09,42,Suspected and confirmed
PHITSANULOK,2022,10,2022-10,15,Suspected and confirmed
PHITSANULOK,2022,11,2022-11,34,Suspected and confirmed
PHITSANULOK,2022,12,2022-12,25,Suspected and confirmed
PHRA NAKHON SI AYUDHYA,2015,1,2015-01,13,Suspected and confirmed
PHRA NAKHON SI AYUDHYA,2015,2,2015-02,6,Suspected and confirmed
PHRA NAKHON SI AYUDHYA,2015,3,2015-03,9,Suspected and confirmed
PHRA NAKHON SI AYUDHYA,2015,4,2015-04,10,Suspected and confirmed
PHRA NAKHON SI AYUDHYA,2015,5,2015-05,30,Suspected and confirmed
PHRA NAKHON SI AYUDHYA,2015,6,2015-06,49,Suspected and confirmed
PHRA NAKHON SI AYUDHYA,2015,7,2015-07,61,Suspected and confirmed
PHRA NAKHON SI AYUDHYA,2015,8,2015-08,76,Suspected and confirmed
PHRA NAKHON SI AYUDHYA,2015,9,2015-09,129,Suspected and confirmed
PHRA NAKHON SI AYUDHYA,2015,10,2015-10,158,Suspected and confirmed
PHRA NAKHON SI AYUDHYA,2015,11,2015-11,162,Suspected and confirmed
PHRA NAKHON SI AYUDHYA,2015,12,2015-12,48,Suspected and confirmed
PHRA NAKHON SI AYUDHYA,2016,1,2016-01,37,Suspected and confirmed
PHRA NAKHON SI AYUDHYA,2016,2,2016-02,39,Suspected and confirmed
PHRA NAKHON SI AYUDHYA,2016,3,2016-03,20,Suspected and confirmed
PHRA NAKHON SI AYUDHYA,2016,4,2016-04,18,Suspected and confirmed
PHRA NAKHON SI AYUDHYA,2016,5,2016-05,7,Suspected and confirmed
PHRA NAKHON SI AYUDHYA,2016,6,2016-06,14,Suspected and confirmed
PHRA NAKHON SI AYUDHYA,2016,7,2016-07,21,Suspected and confirmed
PHRA NAKHON SI AYUDHYA,2016,8,2016-08,43,Suspected and confirmed
PHRA NAKHON SI AYUDHYA,2016,9,2016-09,45,Suspected and confirmed
PHRA NAKHON SI AYUDHYA,2016,10,2016-10,30,Suspected and confirmed
PHRA NAKHON SI AYUDHYA,2016,11,2016-11,14,Suspected and confirmed
PHRA NAKHON SI AYUDHYA,2016,12,2016-12,6,Suspected and confirmed
PHRA NAKHON SI AYUDHYA,2017,1,2017-01,8,Suspected and confirmed
PHRA NAKHON SI AYUDHYA,2017,2,2017-02,7,Suspected and confirmed
PHRA NAKHON SI AYUDHYA,2017,3,2017-03,7,Suspected and confirmed
PHRA NAKHON SI AYUDHYA,2017,4,2017-04,11,Suspected and confirmed
PHRA NAKHON SI AYUDHYA,2017,5,2017-05,15,Suspected and confirmed
PHRA NAKHON SI AYUDHYA,2017,6,2017-06,21,Suspected and confirmed
PHRA NAKHON SI AYUDHYA,2017,7,2017-07,44,Suspected and confirmed
PHRA NAKHON SI AYUDHYA,2017,8,2017-08,33,Suspected and confirmed
PHRA NAKHON SI AYUDHYA,2017,9,2017-09,25,Suspected and confirmed
PHRA NAKHON SI AYUDHYA,2017,10,2017-10,15,Suspected and confirmed
PHRA NAKHON SI AYUDHYA,2017,11,2017-11,11,Suspected and confirmed
PHRA NAKHON SI AYUDHYA,2017,12,2017-12,7,Suspected and confirmed
PHRA NAKHON SI AYUDHYA,2018,1,2018-01,7,Suspected and confirmed
PHRA NAKHON SI AYUDHYA,2018,2,2018-02,6,Suspected and confirmed
PHRA NAKHON SI AYUDHYA,2018,3,2018-03,15,Suspected and confirmed
PHRA NAKHON SI AYUDHYA,2018,4,2018-04,5,Suspected and confirmed
PHRA NAKHON SI AYUDHYA,2018,5,2018-05,30,Suspected and confirmed
PHRA NAKHON SI AYUDHYA,2018,6,2018-06,63,Suspected and confirmed
PHRA NAKHON SI AYUDHYA,2018,7,2018-07,99,Suspected and confirmed
PHRA NAKHON SI AYUDHYA,2018,8,2018-08,82,Suspected and confirmed
PHRA NAKHON SI AYUDHYA,2018,9,2018-09,68,Suspected and confirmed
PHRA NAKHON SI AYUDHYA,2018,10,2018-10,47,Suspected and confirmed
PHRA NAKHON SI AYUDHYA,2018,11,2018-11,60,Suspected and confirmed
PHRA NAKHON SI AYUDHYA,2018,12,2018-12,35,Suspected and confirmed
PHRA NAKHON SI AYUDHYA,2019,1,2019-01,33,Suspected and confirmed
PHRA NAKHON SI AYUDHYA,2019,2,2019-02,27,Suspected and confirmed
PHRA NAKHON SI AYUDHYA,2019,3,2019-03,18,Suspected and confirmed
PHRA NAKHON SI AYUDHYA,2019,4,2019-04,15,Suspected and confirmed
PHRA NAKHON SI AYUDHYA,2019,5,2019-05,7,Suspected and confirmed
PHRA NAKHON SI AYUDHYA,2019,6,2019-06,22,Suspected and confirmed
PHRA NAKHON SI AYUDHYA,2019,7,2019-07,32,Suspected and confirmed
PHRA NAKHON SI AYUDHYA,2019,8,2019-08,27,Suspected and confirmed
PHRA NAKHON SI AYUDHYA,2019,9,2019-09,41,Suspected and confirmed
PHRA NAKHON SI AYUDHYA,2019,10,2019-10,51,Suspected and confirmed
PHRA NAKHON SI AYUDHYA,2019,11,2019-11,37,Suspected and confirmed
PHRA NAKHON SI AYUDHYA,2019,12,2019-12,7,Suspected and confirmed
PHRA NAKHON SI AYUDHYA,2020,1,2020-01,24,Suspected and confirmed
PHRA NAKHON SI AYUDHYA,2020,2,2020-02,9,Suspected and confirmed
PHRA NAKHON SI AYUDHYA,2020,3,2020-03,4,Suspected and confirmed
PHRA NAKHON SI AYUDHYA,2020,4,2020-04,3,Suspected and confirmed
PHRA NAKHON SI AYUDHYA,2020,5,2020-05,4,Suspected and confirmed
PHRA NAKHON SI AYUDHYA,2020,6,2020-06,22,Suspected and confirmed
PHRA NAKHON SI AYUDHYA,2020,7,2020-07,57,Suspected and confirmed
PHRA NAKHON SI AYUDHYA,2020,8,2020-08,58,Suspected and confirmed
PHRA NAKHON SI AYUDHYA,2020,9,2020-09,47,Suspected and confirmed
PHRA NAKHON SI AYUDHYA,2020,10,2020-10,34,Suspected and confirmed
PHRA NAKHON SI AYUDHYA,2020,11,2020-11,10,Suspected and confirmed
PHRA NAKHON SI AYUDHYA,2020,12,2020-12,4,Suspected and confirmed
PHRA NAKHON SI AYUDHYA,2021,1,2021-01,5,Suspected and confirmed
PHRA NAKHON SI AYUDHYA,2021,2,2021-02,4,Suspected and confirmed
PHRA NAKHON SI AYUDHYA,2021,3,2021-03,2,Suspected and confirmed
PHRA NAKHON SI AYUDHYA,2021,4,2021-04,0,Suspected and confirmed
PHRA NAKHON SI AYUDHYA,2021,5,2021-05,3,Suspected and confirmed
PHRA NAKHON SI AYUDHYA,2021,6,2021-06,2,Suspected and confirmed
PHRA NAKHON SI AYUDHYA,2021,7,2021-07,0,Suspected and confirmed
PHRA NAKHON SI AYUDHYA,2021,8,2021-08,0,Suspected and confirmed
PHRA NAKHON SI AYUDHYA,2021,9,2021-09,4,Suspected and confirmed
PHRA NAKHON SI AYUDHYA,2021,10,2021-10,1,Suspected and confirmed
PHRA NAKHON SI AYUDHYA,2021,11,2021-11,0,Suspected and confirmed
PHRA NAKHON SI AYUDHYA,2021,12,2021-12,1,Suspected and confirmed
PHRA NAKHON SI AYUDHYA,2022,1,2022-01,1,Suspected and confirmed
PHRA NAKHON SI AYUDHYA,2022,2,2022-02,1,Suspected and confirmed
PHRA NAKHON SI AYUDHYA,2022,3,2022-03,0,Suspected and confirmed
PHRA NAKHON SI AYUDHYA,2022,4,2022-04,1,Suspected and confirmed
PHRA NAKHON SI AYUDHYA,2022,5,2022-05,12,Suspected and confirmed
PHRA NAKHON SI AYUDHYA,2022,6,2022-06,14,Suspected and confirmed
PHRA NAKHON SI AYUDHYA,2022,7,2022-07,17,Suspected and confirmed
PHRA NAKHON SI AYUDHYA,2022,8,2022-08,19,Suspected and confirmed
PHRA NAKHON SI AYUDHYA,2022,9,2022-09,21,Suspected and confirmed
PHRA NAKHON SI AYUDHYA,2022,10,2022-10,36,Suspected and confirmed
PHRA NAKHON SI AYUDHYA,2022,11,2022-11,34,Suspected and confirmed
PHRA NAKHON SI AYUDHYA,2022,12,2022-12,14,Suspected and confirmed
PHRAE,2015,1,2015-01,0,Suspected and confirmed
PHRAE,2015,2,2015-02,2,Suspected and confirmed
PHRAE,2015,3,2015-03,5,Suspected and confirmed
PHRAE,2015,4,2015-04,15,Suspected and confirmed
PHRAE,2015,5,2015-05,79,Suspected and confirmed
PHRAE,2015,6,2015-06,162,Suspected and confirmed
PHRAE,2015,7,2015-07,263,Suspected and confirmed
PHRAE,2015,8,2015-08,339,Suspected and confirmed
PHRAE,2015,9,2015-09,184,Suspected and confirmed
PHRAE,2015,10,2015-10,40,Suspected and confirmed
PHRAE,2015,11,2015-11,42,Suspected and confirmed
PHRAE,2015,12,2015-12,21,Suspected and confirmed
PHRAE,2016,1,2016-01,11,Suspected and confirmed
PHRAE,2016,2,2016-02,5,Suspected and confirmed
PHRAE,2016,3,2016-03,9,Suspected and confirmed
PHRAE,2016,4,2016-04,2,Suspected and confirmed
PHRAE,2016,5,2016-05,4,Suspected and confirmed
PHRAE,2016,6,2016-06,6,Suspected and confirmed
PHRAE,2016,7,2016-07,13,Suspected and confirmed
PHRAE,2016,8,2016-08,13,Suspected and confirmed
PHRAE,2016,9,2016-09,8,Suspected and confirmed
PHRAE,2016,10,2016-10,11,Suspected and confirmed
PHRAE,2016,11,2016-11,8,Suspected and confirmed
PHRAE,2016,12,2016-12,3,Suspected and confirmed
PHRAE,2017,1,2017-01,1,Suspected and confirmed
PHRAE,2017,2,2017-02,3,Suspected and confirmed
PHRAE,2017,3,2017-03,2,Suspected and confirmed
PHRAE,2017,4,2017-04,2,Suspected and confirmed
PHRAE,2017,5,2017-05,5,Suspected and confirmed
PHRAE,2017,6,2017-06,6,Suspected and confirmed
PHRAE,2017,7,2017-07,9,Suspected and confirmed
PHRAE,2017,8,2017-08,5,Suspected and confirmed
PHRAE,2017,9,2017-09,5,Suspected and confirmed
PHRAE,2017,10,2017-10,0,Suspected and confirmed
PHRAE,2017,11,2017-11,0,Suspected and confirmed
PHRAE,2017,12,2017-12,0,Suspected and confirmed
PHRAE,2018,1,2018-01,0,Suspected and confirmed
PHRAE,2018,2,2018-02,0,Suspected and confirmed
PHRAE,2018,3,2018-03,1,Suspected and confirmed
PHRAE,2018,4,2018-04,18,Suspected and confirmed
PHRAE,2018,5,2018-05,106,Suspected and confirmed
PHRAE,2018,6,2018-06,130,Suspected and confirmed
PHRAE,2018,7,2018-07,54,Suspected and confirmed
PHRAE,2018,8,2018-08,13,Suspected and confirmed
PHRAE,2018,9,2018-09,6,Suspected and confirmed
PHRAE,2018,10,2018-10,4,Suspected and confirmed
PHRAE,2018,11,2018-11,4,Suspected and confirmed
PHRAE,2018,12,2018-12,2,Suspected and confirmed
PHRAE,2019,1,2019-01,1,Suspected and confirmed
PHRAE,2019,2,2019-02,7,Suspected and confirmed
PHRAE,2019,3,2019-03,7,Suspected and confirmed
PHRAE,2019,4,2019-04,8,Suspected and confirmed
PHRAE,2019,5,2019-05,20,Suspected and confirmed
PHRAE,2019,6,2019-06,53,Suspected and confirmed
PHRAE,2019,7,2019-07,108,Suspected and confirmed
PHRAE,2019,8,2019-08,80,Suspected and confirmed
PHRAE,2019,9,2019-09,35,Suspected and confirmed
PHRAE,2019,10,2019-10,22,Suspected and confirmed
PHRAE,2019,11,2019-11,11,Suspected and confirmed
PHRAE,2019,12,2019-12,5,Suspected and confirmed
PHRAE,2020,1,2020-01,3,Suspected and confirmed
PHRAE,2020,2,2020-02,3,Suspected and confirmed
PHRAE,2020,3,2020-03,1,Suspected and confirmed
PHRAE,2020,4,2020-04,2,Suspected and confirmed
PHRAE,2020,5,2020-05,3,Suspected and confirmed
PHRAE,2020,6,2020-06,12,Suspected and confirmed
PHRAE,2020,7,2020-07,67,Suspected and confirmed
PHRAE,2020,8,2020-08,51,Suspected and confirmed
PHRAE,2020,9,2020-09,12,Suspected and confirmed
PHRAE,2020,10,2020-10,8,Suspected and confirmed
PHRAE,2020,11,2020-11,1,Suspected and confirmed
PHRAE,2020,12,2020-12,1,Suspected and confirmed
PHRAE,2021,1,2021-01,1,Suspected and confirmed
PHRAE,2021,2,2021-02,0,Suspected and confirmed
PHRAE,2021,3,2021-03,1,Suspected and confirmed
PHRAE,2021,4,2021-04,0,Suspected and confirmed
PHRAE,2021,5,2021-05,2,Suspected and confirmed
PHRAE,2021,6,2021-06,2,Suspected and confirmed
PHRAE,2021,7,2021-07,1,Suspected and confirmed
PHRAE,2021,8,2021-08,2,Suspected and confirmed
PHRAE,2021,9,2021-09,0,Suspected and confirmed
PHRAE,2021,10,2021-10,1,Suspected and confirmed
PHRAE,2021,11,2021-11,1,Suspected and confirmed
PHRAE,2021,12,2021-12,0,Suspected and confirmed
PHRAE,2022,1,2022-01,0,Suspected and confirmed
PHRAE,2022,2,2022-02,0,Suspected and confirmed
PHRAE,2022,3,2022-03,0,Suspected and confirmed
PHRAE,2022,4,2022-04,0,Suspected and confirmed
PHRAE,2022,5,2022-05,3,Suspected and confirmed
PHRAE,2022,6,2022-06,12,Suspected and confirmed
PHRAE,2022,7,2022-07,23,Suspected and confirmed
PHRAE,2022,8,2022-08,25,Suspected and confirmed
PHRAE,2022,9,2022-09,11,Suspected and confirmed
PHRAE,2022,10,2022-10,5,Suspected and confirmed
PHRAE,2022,11,2022-11,4,Suspected and confirmed
PHRAE,2022,12,2022-12,3,Suspected and confirmed
PHUKET,2015,1,2015-01,7,Suspected and confirmed
PHUKET,2015,2,2015-02,5,Suspected and confirmed
PHUKET,2015,3,2015-03,8,Suspected and confirmed
PHUKET,2015,4,2015-04,14,Suspected and confirmed
PHUKET,2015,5,2015-05,12,Suspected and confirmed
PHUKET,2015,6,2015-06,11,Suspected and confirmed
PHUKET,2015,7,2015-07,48,Suspected and confirmed
PHUKET,2015,8,2015-08,29,Suspected and confirmed
PHUKET,2015,9,2015-09,33,Suspected and confirmed
PHUKET,2015,10,2015-10,47,Suspected and confirmed
PHUKET,2015,11,2015-11,64,Suspected and confirmed
PHUKET,2015,12,2015-12,45,Suspected and confirmed
PHUKET,2016,1,2016-01,28,Suspected and confirmed
PHUKET,2016,2,2016-02,20,Suspected and confirmed
PHUKET,2016,3,2016-03,20,Suspected and confirmed
PHUKET,2016,4,2016-04,11,Suspected and confirmed
PHUKET,2016,5,2016-05,13,Suspected and confirmed
PHUKET,2016,6,2016-06,10,Suspected and confirmed
PHUKET,2016,7,2016-07,18,Suspected and confirmed
PHUKET,2016,8,2016-08,24,Suspected and confirmed
PHUKET,2016,9,2016-09,14,Suspected and confirmed
PHUKET,2016,10,2016-10,12,Suspected and confirmed
PHUKET,2016,11,2016-11,20,Suspected and confirmed
PHUKET,2016,12,2016-12,13,Suspected and confirmed
PHUKET,2017,1,2017-01,11,Suspected and confirmed
PHUKET,2017,2,2017-02,16,Suspected and confirmed
PHUKET,2017,3,2017-03,11,Suspected and confirmed
PHUKET,2017,4,2017-04,15,Suspected and confirmed
PHUKET,2017,5,2017-05,39,Suspected and confirmed
PHUKET,2017,6,2017-06,53,Suspected and confirmed
PHUKET,2017,7,2017-07,28,Suspected and confirmed
PHUKET,2017,8,2017-08,22,Suspected and confirmed
PHUKET,2017,9,2017-09,17,Suspected and confirmed
PHUKET,2017,10,2017-10,15,Suspected and confirmed
PHUKET,2017,11,2017-11,26,Suspected and confirmed
PHUKET,2017,12,2017-12,48,Suspected and confirmed
PHUKET,2018,1,2018-01,28,Suspected and confirmed
PHUKET,2018,2,2018-02,40,Suspected and confirmed
PHUKET,2018,3,2018-03,40,Suspected and confirmed
PHUKET,2018,4,2018-04,26,Suspected and confirmed
PHUKET,2018,5,2018-05,38,Suspected and confirmed
PHUKET,2018,6,2018-06,39,Suspected and confirmed
PHUKET,2018,7,2018-07,53,Suspected and confirmed
PHUKET,2018,8,2018-08,30,Suspected and confirmed
PHUKET,2018,9,2018-09,23,Suspected and confirmed
PHUKET,2018,10,2018-10,18,Suspected and confirmed
PHUKET,2018,11,2018-11,49,Suspected and confirmed
PHUKET,2018,12,2018-12,36,Suspected and confirmed
PHUKET,2019,1,2019-01,31,Suspected and confirmed
PHUKET,2019,2,2019-02,15,Suspected and confirmed
PHUKET,2019,3,2019-03,16,Suspected and confirmed
PHUKET,2019,4,2019-04,7,Suspected and confirmed
PHUKET,2019,5,2019-05,14,Suspected and confirmed
PHUKET,2019,6,2019-06,24,Suspected and confirmed
PHUKET,2019,7,2019-07,24,Suspected and confirmed
PHUKET,2019,8,2019-08,24,Suspected and confirmed
PHUKET,2019,9,2019-09,18,Suspected and confirmed
PHUKET,2019,10,2019-10,15,Suspected and confirmed
PHUKET,2019,11,2019-11,32,Suspected and confirmed
PHUKET,2019,12,2019-12,17,Suspected and confirmed
PHUKET,2020,1,2020-01,17,Suspected and confirmed
PHUKET,2020,2,2020-02,9,Suspected and confirmed
PHUKET,2020,3,2020-03,3,Suspected and confirmed
PHUKET,2020,4,2020-04,2,Suspected and confirmed
PHUKET,2020,5,2020-05,9,Suspected and confirmed
PHUKET,2020,6,2020-06,22,Suspected and confirmed
PHUKET,2020,7,2020-07,18,Suspected and confirmed
PHUKET,2020,8,2020-08,10,Suspected and confirmed
PHUKET,2020,9,2020-09,3,Suspected and confirmed
PHUKET,2020,10,2020-10,3,Suspected and confirmed
PHUKET,2020,11,2020-11,2,Suspected and confirmed
PHUKET,2020,12,2020-12,1,Suspected and confirmed
PHUKET,2021,1,2021-01,1,Suspected and confirmed
PHUKET,2021,2,2021-02,0,Suspected and confirmed
PHUKET,2021,3,2021-03,2,Suspected and confirmed
PHUKET,2021,4,2021-04,0,Suspected and confirmed
PHUKET,2021,5,2021-05,3,Suspected and confirmed
PHUKET,2021,6,2021-06,4,Suspected and confirmed
PHUKET,2021,7,2021-07,4,Suspected and confirmed
PHUKET,2021,8,2021-08,0,Suspected and confirmed
PHUKET,2021,9,2021-09,1,Suspected and confirmed
PHUKET,2021,10,2021-10,0,Suspected and confirmed
PHUKET,2021,11,2021-11,0,Suspected and confirmed
PHUKET,2021,12,2021-12,0,Suspected and confirmed
PHUKET,2022,1,2022-01,1,Suspected and confirmed
PHUKET,2022,2,2022-02,1,Suspected and confirmed
PHUKET,2022,3,2022-03,0,Suspected and confirmed
PHUKET,2022,4,2022-04,8,Suspected and confirmed
PHUKET,2022,5,2022-05,14,Suspected and confirmed
PHUKET,2022,6,2022-06,22,Suspected and confirmed
PHUKET,2022,7,2022-07,27,Suspected and confirmed
PHUKET,2022,8,2022-08,40,Suspected and confirmed
PHUKET,2022,9,2022-09,29,Suspected and confirmed
PHUKET,2022,10,2022-10,34,Suspected and confirmed
PHUKET,2022,11,2022-11,39,Suspected and confirmed
PHUKET,2022,12,2022-12,63,Suspected and confirmed
PRACHUAP KHILIKHAN,2015,1,2015-01,17,Suspected and confirmed
PRACHUAP KHILIKHAN,2015,2,2015-02,18,Suspected and confirmed
PRACHUAP KHILIKHAN,2015,3,2015-03,18,Suspected and confirmed
PRACHUAP KHILIKHAN,2015,4,2015-04,40,Suspected and confirmed
PRACHUAP KHILIKHAN,2015,5,2015-05,52,Suspected and confirmed
PRACHUAP KHILIKHAN,2015,6,2015-06,107,Suspected and confirmed
PRACHUAP KHILIKHAN,2015,7,2015-07,93,Suspected and confirmed
PRACHUAP KHILIKHAN,2015,8,2015-08,103,Suspected and confirmed
PRACHUAP KHILIKHAN,2015,9,2015-09,111,Suspected and confirmed
PRACHUAP KHILIKHAN,2015,10,2015-10,86,Suspected and confirmed
PRACHUAP KHILIKHAN,2015,11,2015-11,113,Suspected and confirmed
PRACHUAP KHILIKHAN,2015,12,2015-12,61,Suspected and confirmed
PRACHUAP KHILIKHAN,2016,1,2016-01,12,Suspected and confirmed
PRACHUAP KHILIKHAN,2016,2,2016-02,18,Suspected and confirmed
PRACHUAP KHILIKHAN,2016,3,2016-03,17,Suspected and confirmed
PRACHUAP KHILIKHAN,2016,4,2016-04,6,Suspected and confirmed
PRACHUAP KHILIKHAN,2016,5,2016-05,3,Suspected and confirmed
PRACHUAP KHILIKHAN,2016,6,2016-06,2,Suspected and confirmed
PRACHUAP KHILIKHAN,2016,7,2016-07,23,Suspected and confirmed
PRACHUAP KHILIKHAN,2016,8,2016-08,34,Suspected and confirmed
PRACHUAP KHILIKHAN,2016,9,2016-09,19,Suspected and confirmed
PRACHUAP KHILIKHAN,2016,10,2016-10,13,Suspected and confirmed
PRACHUAP KHILIKHAN,2016,11,2016-11,22,Suspected and confirmed
PRACHUAP KHILIKHAN,2016,12,2016-12,13,Suspected and confirmed
PRACHUAP KHILIKHAN,2017,1,2017-01,12,Suspected and confirmed
PRACHUAP KHILIKHAN,2017,2,2017-02,11,Suspected and confirmed
PRACHUAP KHILIKHAN,2017,3,2017-03,6,Suspected and confirmed
PRACHUAP KHILIKHAN,2017,4,2017-04,8,Suspected and confirmed
PRACHUAP KHILIKHAN,2017,5,2017-05,14,Suspected and confirmed
PRACHUAP KHILIKHAN,2017,6,2017-06,30,Suspected and confirmed
PRACHUAP KHILIKHAN,2017,7,2017-07,27,Suspected and confirmed
PRACHUAP KHILIKHAN,2017,8,2017-08,39,Suspected and confirmed
PRACHUAP KHILIKHAN,2017,9,2017-09,11,Suspected and confirmed
PRACHUAP KHILIKHAN,2017,10,2017-10,12,Suspected and confirmed
PRACHUAP KHILIKHAN,2017,11,2017-11,13,Suspected and confirmed
PRACHUAP KHILIKHAN,2017,12,2017-12,16,Suspected and confirmed
PRACHUAP KHILIKHAN,2018,1,2018-01,13,Suspected and confirmed
PRACHUAP KHILIKHAN,2018,2,2018-02,19,Suspected and confirmed
PRACHUAP KHILIKHAN,2018,3,2018-03,16,Suspected and confirmed
PRACHUAP KHILIKHAN,2018,4,2018-04,17,Suspected and confirmed
PRACHUAP KHILIKHAN,2018,5,2018-05,24,Suspected and confirmed
PRACHUAP KHILIKHAN,2018,6,2018-06,22,Suspected and confirmed
PRACHUAP KHILIKHAN,2018,7,2018-07,29,Suspected and confirmed
PRACHUAP KHILIKHAN,2018,8,2018-08,30,Suspected and confirmed
PRACHUAP KHILIKHAN,2018,9,2018-09,13,Suspected and confirmed
PRACHUAP KHILIKHAN,2018,10,2018-10,13,Suspected and confirmed
PRACHUAP KHILIKHAN,2018,11,2018-11,15,Suspected and confirmed
PRACHUAP KHILIKHAN,2018,12,2018-12,19,Suspected and confirmed
PRACHUAP KHILIKHAN,2019,1,2019-01,16,Suspected and confirmed
PRACHUAP KHILIKHAN,2019,2,2019-02,21,Suspected and confirmed
PRACHUAP KHILIKHAN,2019,3,2019-03,21,Suspected and confirmed
PRACHUAP KHILIKHAN,2019,4,2019-04,21,Suspected and confirmed
PRACHUAP KHILIKHAN,2019,5,2019-05,27,Suspected and confirmed
PRACHUAP KHILIKHAN,2019,6,2019-06,48,Suspected and confirmed
PRACHUAP KHILIKHAN,2019,7,2019-07,40,Suspected and confirmed
PRACHUAP KHILIKHAN,2019,8,2019-08,16,Suspected and confirmed
PRACHUAP KHILIKHAN,2019,9,2019-09,15,Suspected and confirmed
PRACHUAP KHILIKHAN,2019,10,2019-10,12,Suspected and confirmed
PRACHUAP KHILIKHAN,2019,11,2019-11,22,Suspected and confirmed
PRACHUAP KHILIKHAN,2019,12,2019-12,16,Suspected and confirmed
PRACHUAP KHILIKHAN,2020,1,2020-01,3,Suspected and confirmed
PRACHUAP KHILIKHAN,2020,2,2020-02,2,Suspected and confirmed
PRACHUAP KHILIKHAN,2020,3,2020-03,12,Suspected and confirmed
PRACHUAP KHILIKHAN,2020,4,2020-04,4,Suspected and confirmed
PRACHUAP KHILIKHAN,2020,5,2020-05,2,Suspected and confirmed
PRACHUAP KHILIKHAN,2020,6,2020-06,7,Suspected and confirmed
PRACHUAP KHILIKHAN,2020,7,2020-07,16,Suspected and confirmed
PRACHUAP KHILIKHAN,2020,8,2020-08,12,Suspected and confirmed
PRACHUAP KHILIKHAN,2020,9,2020-09,8,Suspected and confirmed
PRACHUAP KHILIKHAN,2020,10,2020-10,11,Suspected and confirmed
PRACHUAP KHILIKHAN,2020,11,2020-11,9,Suspected and confirmed
PRACHUAP KHILIKHAN,2020,12,2020-12,10,Suspected and confirmed
PRACHUAP KHILIKHAN,2021,1,2021-01,2,Suspected and confirmed
PRACHUAP KHILIKHAN,2021,2,2021-02,2,Suspected and confirmed
PRACHUAP KHILIKHAN,2021,3,2021-03,6,Suspected and confirmed
PRACHUAP KHILIKHAN,2021,4,2021-04,6,Suspected and confirmed
PRACHUAP KHILIKHAN,2021,5,2021-05,4,Suspected and confirmed
PRACHUAP KHILIKHAN,2021,6,2021-06,6,Suspected and confirmed
PRACHUAP KHILIKHAN,2021,7,2021-07,3,Suspected and confirmed
PRACHUAP KHILIKHAN,2021,8,2021-08,2,Suspected and confirmed
PRACHUAP KHILIKHAN,2021,9,2021-09,6,Suspected and confirmed
PRACHUAP KHILIKHAN,2021,10,2021-10,6,Suspected and confirmed
PRACHUAP KHILIKHAN,2021,11,2021-11,4,Suspected and confirmed
PRACHUAP KHILIKHAN,2021,12,2021-12,4,Suspected and confirmed
PRACHUAP KHILIKHAN,2022,1,2022-01,2,Suspected and confirmed
PRACHUAP KHILIKHAN,2022,2,2022-02,0,Suspected and confirmed
PRACHUAP KHILIKHAN,2022,3,2022-03,5,Suspected and confirmed
PRACHUAP KHILIKHAN,2022,4,2022-04,4,Suspected and confirmed
PRACHUAP KHILIKHAN,2022,5,2022-05,9,Suspected and confirmed
PRACHUAP KHILIKHAN,2022,6,2022-06,28,Suspected and confirmed
PRACHUAP KHILIKHAN,2022,7,2022-07,21,Suspected and confirmed
PRACHUAP KHILIKHAN,2022,8,2022-08,12,Suspected and confirmed
PRACHUAP KHILIKHAN,2022,9,2022-09,12,Suspected and confirmed
PRACHUAP KHILIKHAN,2022,10,2022-10,14,Suspected and confirmed
PRACHUAP KHILIKHAN,2022,11,2022-11,9,Suspected and confirmed
PRACHUAP KHILIKHAN,2022,12,2022-12,12,Suspected and confirmed
RANONG,2015,1,2015-01,17,Suspected and confirmed
RANONG,2015,2,2015-02,11,Suspected and confirmed
RANONG,2015,3,2015-03,9,Suspected and confirmed
RANONG,2015,4,2015-04,11,Suspected and confirmed
RANONG,2015,5,2015-05,13,Suspected and confirmed
RANONG,2015,6,2015-06,47,Suspected and confirmed
RANONG,2015,7,2015-07,41,Suspected and confirmed
RANONG,2015,8,2015-08,26,Suspected and confirmed
RANONG,2015,9,2015-09,15,Suspected and confirmed
RANONG,2015,10,2015-10,12,Suspected and confirmed
RANONG,2015,11,2015-11,21,Suspected and confirmed
RANONG,2015,12,2015-12,15,Suspected and confirmed
RANONG,2016,1,2016-01,13,Suspected and confirmed
RANONG,2016,2,2016-02,12,Suspected and confirmed
RANONG,2016,3,2016-03,4,Suspected and confirmed
RANONG,2016,4,2016-04,5,Suspected and confirmed
RANONG,2016,5,2016-05,7,Suspected and confirmed
RANONG,2016,6,2016-06,9,Suspected and confirmed
RANONG,2016,7,2016-07,16,Suspected and confirmed
RANONG,2016,8,2016-08,16,Suspected and confirmed
RANONG,2016,9,2016-09,5,Suspected and confirmed
RANONG,2016,10,2016-10,9,Suspected and confirmed
RANONG,2016,11,2016-11,8,Suspected and confirmed
RANONG,2016,12,2016-12,6,Suspected and confirmed
RANONG,2017,1,2017-01,9,Suspected and confirmed
RANONG,2017,2,2017-02,10,Suspected and confirmed
RANONG,2017,3,2017-03,17,Suspected and confirmed
RANONG,2017,4,2017-04,20,Suspected and confirmed
RANONG,2017,5,2017-05,25,Suspected and confirmed
RANONG,2017,6,2017-06,25,Suspected and confirmed
RANONG,2017,7,2017-07,12,Suspected and confirmed
RANONG,2017,8,2017-08,11,Suspected and confirmed
RANONG,2017,9,2017-09,11,Suspected and confirmed
RANONG,2017,10,2017-10,7,Suspected and confirmed
RANONG,2017,11,2017-11,13,Suspected and confirmed
RANONG,2017,12,2017-12,6,Suspected and confirmed
RANONG,2018,1,2018-01,7,Suspected and confirmed
RANONG,2018,2,2018-02,9,Suspected and confirmed
RANONG,2018,3,2018-03,20,Suspected and confirmed
RANONG,2018,4,2018-04,19,Suspected and confirmed
RANONG,2018,5,2018-05,28,Suspected and confirmed
RANONG,2018,6,2018-06,37,Suspected and confirmed
RANONG,2018,7,2018-07,10,Suspected and confirmed
RANONG,2018,8,2018-08,13,Suspected and confirmed
RANONG,2018,9,2018-09,9,Suspected and confirmed
RANONG,2018,10,2018-10,4,Suspected and confirmed
RANONG,2018,11,2018-11,7,Suspected and confirmed
RANONG,2018,12,2018-12,8,Suspected and confirmed
RANONG,2019,1,2019-01,17,Suspected and confirmed
RANONG,2019,2,2019-02,12,Suspected and confirmed
RANONG,2019,3,2019-03,13,Suspected and confirmed
RANONG,2019,4,2019-04,9,Suspected and confirmed
RANONG,2019,5,2019-05,33,Suspected and confirmed
RANONG,2019,6,2019-06,32,Suspected and confirmed
RANONG,2019,7,2019-07,34,Suspected and confirmed
RANONG,2019,8,2019-08,8,Suspected and confirmed
RANONG,2019,9,2019-09,3,Suspected and confirmed
RANONG,2019,10,2019-10,4,Suspected and confirmed
RANONG,2019,11,2019-11,2,Suspected and confirmed
RANONG,2019,12,2019-12,6,Suspected and confirmed
RANONG,2020,1,2020-01,4,Suspected and confirmed
RANONG,2020,2,2020-02,5,Suspected and confirmed
RANONG,2020,3,2020-03,6,Suspected and confirmed
RANONG,2020,4,2020-04,11,Suspected and confirmed
RANONG,2020,5,2020-05,24,Suspected and confirmed
RANONG,2020,6,2020-06,17,Suspected and confirmed
RANONG,2020,7,2020-07,12,Suspected and confirmed
RANONG,2020,8,2020-08,15,Suspected and confirmed
RANONG,2020,9,2020-09,10,Suspected and confirmed
RANONG,2020,10,2020-10,8,Suspected and confirmed
RANONG,2020,11,2020-11,7,Suspected and confirmed
RANONG,2020,12,2020-12,5,Suspected and confirmed
RANONG,2021,1,2021-01,19,Suspected and confirmed
RANONG,2021,2,2021-02,9,Suspected and confirmed
RANONG,2021,3,2021-03,6,Suspected and confirmed
RANONG,2021,4,2021-04,2,Suspected and confirmed
RANONG,2021,5,2021-05,11,Suspected and confirmed
RANONG,2021,6,2021-06,21,Suspected and confirmed
RANONG,2021,7,2021-07,8,Suspected and confirmed
RANONG,2021,8,2021-08,14,Suspected and confirmed
RANONG,2021,9,2021-09,0,Suspected and confirmed
RANONG,2021,10,2021-10,0,Suspected and confirmed
RANONG,2021,11,2021-11,0,Suspected and confirmed
RANONG,2021,12,2021-12,0,Suspected and confirmed
RANONG,2022,1,2022-01,4,Suspected and confirmed
RANONG,2022,2,2022-02,3,Suspected and confirmed
RANONG,2022,3,2022-03,4,Suspected and confirmed
RANONG,2022,4,2022-04,9,Suspected and confirmed
RANONG,2022,5,2022-05,8,Suspected and confirmed
RANONG,2022,6,2022-06,8,Suspected and confirmed
RANONG,2022,7,2022-07,14,Suspected and confirmed
RANONG,2022,8,2022-08,11,Suspected and confirmed
RANONG,2022,9,2022-09,18,Suspected and confirmed
RANONG,2022,10,2022-10,12,Suspected and confirmed
RANONG,2022,11,2022-11,18,Suspected and confirmed
RANONG,2022,12,2022-12,35,Suspected and confirmed
RATCHABURI,2015,1,2015-01,53,Suspected and confirmed
RATCHABURI,2015,2,2015-02,60,Suspected and confirmed
RATCHABURI,2015,3,2015-03,147,Suspected and confirmed
RATCHABURI,2015,4,2015-04,138,Suspected and confirmed
RATCHABURI,2015,5,2015-05,198,Suspected and confirmed
RATCHABURI,2015,6,2015-06,308,Suspected and confirmed
RATCHABURI,2015,7,2015-07,520,Suspected and confirmed
RATCHABURI,2015,8,2015-08,593,Suspected and confirmed
RATCHABURI,2015,9,2015-09,514,Suspected and confirmed
RATCHABURI,2015,10,2015-10,232,Suspected and confirmed
RATCHABURI,2015,11,2015-11,195,Suspected and confirmed
RATCHABURI,2015,12,2015-12,34,Suspected and confirmed
RATCHABURI,2016,1,2016-01,50,Suspected and confirmed
RATCHABURI,2016,2,2016-02,41,Suspected and confirmed
RATCHABURI,2016,3,2016-03,23,Suspected and confirmed
RATCHABURI,2016,4,2016-04,13,Suspected and confirmed
RATCHABURI,2016,5,2016-05,2,Suspected and confirmed
RATCHABURI,2016,6,2016-06,10,Suspected and confirmed
RATCHABURI,2016,7,2016-07,29,Suspected and confirmed
RATCHABURI,2016,8,2016-08,35,Suspected and confirmed
RATCHABURI,2016,9,2016-09,39,Suspected and confirmed
RATCHABURI,2016,10,2016-10,14,Suspected and confirmed
RATCHABURI,2016,11,2016-11,5,Suspected and confirmed
RATCHABURI,2016,12,2016-12,3,Suspected and confirmed
RATCHABURI,2017,1,2017-01,10,Suspected and confirmed
RATCHABURI,2017,2,2017-02,3,Suspected and confirmed
RATCHABURI,2017,3,2017-03,6,Suspected and confirmed
RATCHABURI,2017,4,2017-04,5,Suspected and confirmed
RATCHABURI,2017,5,2017-05,7,Suspected and confirmed
RATCHABURI,2017,6,2017-06,22,Suspected and confirmed
RATCHABURI,2017,7,2017-07,47,Suspected and confirmed
RATCHABURI,2017,8,2017-08,66,Suspected and confirmed
RATCHABURI,2017,9,2017-09,65,Suspected and confirmed
RATCHABURI,2017,10,2017-10,49,Suspected and confirmed
RATCHABURI,2017,11,2017-11,55,Suspected and confirmed
RATCHABURI,2017,12,2017-12,55,Suspected and confirmed
RATCHABURI,2018,1,2018-01,51,Suspected and confirmed
RATCHABURI,2018,2,2018-02,49,Suspected and confirmed
RATCHABURI,2018,3,2018-03,62,Suspected and confirmed
RATCHABURI,2018,4,2018-04,42,Suspected and confirmed
RATCHABURI,2018,5,2018-05,53,Suspected and confirmed
RATCHABURI,2018,6,2018-06,144,Suspected and confirmed
RATCHABURI,2018,7,2018-07,160,Suspected and confirmed
RATCHABURI,2018,8,2018-08,133,Suspected and confirmed
RATCHABURI,2018,9,2018-09,113,Suspected and confirmed
RATCHABURI,2018,10,2018-10,134,Suspected and confirmed
RATCHABURI,2018,11,2018-11,126,Suspected and confirmed
RATCHABURI,2018,12,2018-12,119,Suspected and confirmed
RATCHABURI,2019,1,2019-01,144,Suspected and confirmed
RATCHABURI,2019,2,2019-02,90,Suspected and confirmed
RATCHABURI,2019,3,2019-03,111,Suspected and confirmed
RATCHABURI,2019,4,2019-04,44,Suspected and confirmed
RATCHABURI,2019,5,2019-05,41,Suspected and confirmed
RATCHABURI,2019,6,2019-06,86,Suspected and confirmed
RATCHABURI,2019,7,2019-07,137,Suspected and confirmed
RATCHABURI,2019,8,2019-08,166,Suspected and confirmed
RATCHABURI,2019,9,2019-09,173,Suspected and confirmed
RATCHABURI,2019,10,2019-10,173,Suspected and confirmed
RATCHABURI,2019,11,2019-11,145,Suspected and confirmed
RATCHABURI,2019,12,2019-12,83,Suspected and confirmed
RATCHABURI,2020,1,2020-01,90,Suspected and confirmed
RATCHABURI,2020,2,2020-02,50,Suspected and confirmed
RATCHABURI,2020,3,2020-03,24,Suspected and confirmed
RATCHABURI,2020,4,2020-04,30,Suspected and confirmed
RATCHABURI,2020,5,2020-05,44,Suspected and confirmed
RATCHABURI,2020,6,2020-06,61,Suspected and confirmed
RATCHABURI,2020,7,2020-07,95,Suspected and confirmed
RATCHABURI,2020,8,2020-08,71,Suspected and confirmed
RATCHABURI,2020,9,2020-09,66,Suspected and confirmed
RATCHABURI,2020,10,2020-10,47,Suspected and confirmed
RATCHABURI,2020,11,2020-11,33,Suspected and confirmed
RATCHABURI,2020,12,2020-12,22,Suspected and confirmed
RATCHABURI,2021,1,2021-01,17,Suspected and confirmed
RATCHABURI,2021,2,2021-02,20,Suspected and confirmed
RATCHABURI,2021,3,2021-03,13,Suspected and confirmed
RATCHABURI,2021,4,2021-04,7,Suspected and confirmed
RATCHABURI,2021,5,2021-05,22,Suspected and confirmed
RATCHABURI,2021,6,2021-06,35,Suspected and confirmed
RATCHABURI,2021,7,2021-07,20,Suspected and confirmed
RATCHABURI,2021,8,2021-08,20,Suspected and confirmed
RATCHABURI,2021,9,2021-09,21,Suspected and confirmed
RATCHABURI,2021,10,2021-10,23,Suspected and confirmed
RATCHABURI,2021,11,2021-11,21,Suspected and confirmed
RATCHABURI,2021,12,2021-12,17,Suspected and confirmed
RATCHABURI,2022,1,2022-01,28,Suspected and confirmed
RATCHABURI,2022,2,2022-02,12,Suspected and confirmed
RATCHABURI,2022,3,2022-03,25,Suspected and confirmed
RATCHABURI,2022,4,2022-04,22,Suspected and confirmed
RATCHABURI,2022,5,2022-05,31,Suspected and confirmed
RATCHABURI,2022,6,2022-06,40,Suspected and confirmed
RATCHABURI,2022,7,2022-07,52,Suspected and confirmed
RATCHABURI,2022,8,2022-08,96,Suspected and confirmed
RATCHABURI,2022,9,2022-09,122,Suspected and confirmed
RATCHABURI,2022,10,2022-10,88,Suspected and confirmed
RATCHABURI,2022,11,2022-11,85,Suspected and confirmed
RATCHABURI,2022,12,2022-12,65,Suspected and confirmed
RAYONG,2015,1,2015-01,72,Suspected and confirmed
RAYONG,2015,2,2015-02,31,Suspected and confirmed
RAYONG,2015,3,2015-03,76,Suspected and confirmed
RAYONG,2015,4,2015-04,114,Suspected and confirmed
RAYONG,2015,5,2015-05,201,Suspected and confirmed
RAYONG,2015,6,2015-06,317,Suspected and confirmed
RAYONG,2015,7,2015-07,342,Suspected and confirmed
RAYONG,2015,8,2015-08,270,Suspected and confirmed
RAYONG,2015,9,2015-09,220,Suspected and confirmed
RAYONG,2015,10,2015-10,193,Suspected and confirmed
RAYONG,2015,11,2015-11,212,Suspected and confirmed
RAYONG,2015,12,2015-12,97,Suspected and confirmed
RAYONG,2016,1,2016-01,59,Suspected and confirmed
RAYONG,2016,2,2016-02,45,Suspected and confirmed
RAYONG,2016,3,2016-03,41,Suspected and confirmed
RAYONG,2016,4,2016-04,33,Suspected and confirmed
RAYONG,2016,5,2016-05,23,Suspected and confirmed
RAYONG,2016,6,2016-06,32,Suspected and confirmed
RAYONG,2016,7,2016-07,78,Suspected and confirmed
RAYONG,2016,8,2016-08,68,Suspected and confirmed
RAYONG,2016,9,2016-09,31,Suspected and confirmed
RAYONG,2016,10,2016-10,40,Suspected and confirmed
RAYONG,2016,11,2016-11,23,Suspected and confirmed
RAYONG,2016,12,2016-12,7,Suspected and confirmed
RAYONG,2017,1,2017-01,11,Suspected and confirmed
RAYONG,2017,2,2017-02,11,Suspected and confirmed
RAYONG,2017,3,2017-03,8,Suspected and confirmed
RAYONG,2017,4,2017-04,27,Suspected and confirmed
RAYONG,2017,5,2017-05,39,Suspected and confirmed
RAYONG,2017,6,2017-06,39,Suspected and confirmed
RAYONG,2017,7,2017-07,55,Suspected and confirmed
RAYONG,2017,8,2017-08,47,Suspected and confirmed
RAYONG,2017,9,2017-09,22,Suspected and confirmed
RAYONG,2017,10,2017-10,13,Suspected and confirmed
RAYONG,2017,11,2017-11,32,Suspected and confirmed
RAYONG,2017,12,2017-12,43,Suspected and confirmed
RAYONG,2018,1,2018-01,24,Suspected and confirmed
RAYONG,2018,2,2018-02,9,Suspected and confirmed
RAYONG,2018,3,2018-03,37,Suspected and confirmed
RAYONG,2018,4,2018-04,45,Suspected and confirmed
RAYONG,2018,5,2018-05,114,Suspected and confirmed
RAYONG,2018,6,2018-06,136,Suspected and confirmed
RAYONG,2018,7,2018-07,119,Suspected and confirmed
RAYONG,2018,8,2018-08,150,Suspected and confirmed
RAYONG,2018,9,2018-09,70,Suspected and confirmed
RAYONG,2018,10,2018-10,95,Suspected and confirmed
RAYONG,2018,11,2018-11,105,Suspected and confirmed
RAYONG,2018,12,2018-12,74,Suspected and confirmed
RAYONG,2019,1,2019-01,67,Suspected and confirmed
RAYONG,2019,2,2019-02,45,Suspected and confirmed
RAYONG,2019,3,2019-03,50,Suspected and confirmed
RAYONG,2019,4,2019-04,68,Suspected and confirmed
RAYONG,2019,5,2019-05,85,Suspected and confirmed
RAYONG,2019,6,2019-06,242,Suspected and confirmed
RAYONG,2019,7,2019-07,377,Suspected and confirmed
RAYONG,2019,8,2019-08,251,Suspected and confirmed
RAYONG,2019,9,2019-09,164,Suspected and confirmed
RAYONG,2019,10,2019-10,151,Suspected and confirmed
RAYONG,2019,11,2019-11,198,Suspected and confirmed
RAYONG,2019,12,2019-12,101,Suspected and confirmed
RAYONG,2020,1,2020-01,75,Suspected and confirmed
RAYONG,2020,2,2020-02,67,Suspected and confirmed
RAYONG,2020,3,2020-03,56,Suspected and confirmed
RAYONG,2020,4,2020-04,76,Suspected and confirmed
RAYONG,2020,5,2020-05,177,Suspected and confirmed
RAYONG,2020,6,2020-06,270,Suspected and confirmed
RAYONG,2020,7,2020-07,369,Suspected and confirmed
RAYONG,2020,8,2020-08,362,Suspected and confirmed
RAYONG,2020,9,2020-09,144,Suspected and confirmed
RAYONG,2020,10,2020-10,84,Suspected and confirmed
RAYONG,2020,11,2020-11,69,Suspected and confirmed
RAYONG,2020,12,2020-12,51,Suspected and confirmed
RAYONG,2021,1,2021-01,10,Suspected and confirmed
RAYONG,2021,2,2021-02,14,Suspected and confirmed
RAYONG,2021,3,2021-03,12,Suspected and confirmed
RAYONG,2021,4,2021-04,11,Suspected and confirmed
RAYONG,2021,5,2021-05,20,Suspected and confirmed
RAYONG,2021,6,2021-06,16,Suspected and confirmed
RAYONG,2021,7,2021-07,10,Suspected and confirmed
RAYONG,2021,8,2021-08,4,Suspected and confirmed
RAYONG,2021,9,2021-09,2,Suspected and confirmed
RAYONG,2021,10,2021-10,6,Suspected and confirmed
RAYONG,2021,11,2021-11,7,Suspected and confirmed
RAYONG,2021,12,2021-12,1,Suspected and confirmed
RAYONG,2022,1,2022-01,4,Suspected and confirmed
RAYONG,2022,2,2022-02,1,Suspected and confirmed
RAYONG,2022,3,2022-03,6,Suspected and confirmed
RAYONG,2022,4,2022-04,5,Suspected and confirmed
RAYONG,2022,5,2022-05,20,Suspected and confirmed
RAYONG,2022,6,2022-06,45,Suspected and confirmed
RAYONG,2022,7,2022-07,60,Suspected and confirmed
RAYONG,2022,8,2022-08,80,Suspected and confirmed
RAYONG,2022,9,2022-09,64,Suspected and confirmed
RAYONG,2022,10,2022-10,109,Suspected and confirmed
RAYONG,2022,11,2022-11,109,Suspected and confirmed
RAYONG,2022,12,2022-12,114,Suspected and confirmed
ROI ET,2015,1,2015-01,10,Suspected and confirmed
ROI ET,2015,2,2015-02,4,Suspected and confirmed
ROI ET,2015,3,2015-03,13,Suspected and confirmed
ROI ET,2015,4,2015-04,32,Suspected and confirmed
ROI ET,2015,5,2015-05,99,Suspected and confirmed
ROI ET,2015,6,2015-06,146,Suspected and confirmed
ROI ET,2015,7,2015-07,172,Suspected and confirmed
ROI ET,2015,8,2015-08,207,Suspected and confirmed
ROI ET,2015,9,2015-09,201,Suspected and confirmed
ROI ET,2015,10,2015-10,121,Suspected and confirmed
ROI ET,2015,11,2015-11,133,Suspected and confirmed
ROI ET,2015,12,2015-12,80,Suspected and confirmed
ROI ET,2016,1,2016-01,76,Suspected and confirmed
ROI ET,2016,2,2016-02,64,Suspected and confirmed
ROI ET,2016,3,2016-03,75,Suspected and confirmed
ROI ET,2016,4,2016-04,31,Suspected and confirmed
ROI ET,2016,5,2016-05,15,Suspected and confirmed
ROI ET,2016,6,2016-06,61,Suspected and confirmed
ROI ET,2016,7,2016-07,111,Suspected and confirmed
ROI ET,2016,8,2016-08,137,Suspected and confirmed
ROI ET,2016,9,2016-09,106,Suspected and confirmed
ROI ET,2016,10,2016-10,78,Suspected and confirmed
ROI ET,2016,11,2016-11,32,Suspected and confirmed
ROI ET,2016,12,2016-12,12,Suspected and confirmed
ROI ET,2017,1,2017-01,9,Suspected and confirmed
ROI ET,2017,2,2017-02,7,Suspected and confirmed
ROI ET,2017,3,2017-03,8,Suspected and confirmed
ROI ET,2017,4,2017-04,15,Suspected and confirmed
ROI ET,2017,5,2017-05,26,Suspected and confirmed
ROI ET,2017,6,2017-06,115,Suspected and confirmed
ROI ET,2017,7,2017-07,89,Suspected and confirmed
ROI ET,2017,8,2017-08,74,Suspected and confirmed
ROI ET,2017,9,2017-09,29,Suspected and confirmed
ROI ET,2017,10,2017-10,11,Suspected and confirmed
ROI ET,2017,11,2017-11,4,Suspected and confirmed
ROI ET,2017,12,2017-12,3,Suspected and confirmed
ROI ET,2018,1,2018-01,3,Suspected and confirmed
ROI ET,2018,2,2018-02,4,Suspected and confirmed
ROI ET,2018,3,2018-03,5,Suspected and confirmed
ROI ET,2018,4,2018-04,12,Suspected and confirmed
ROI ET,2018,5,2018-05,111,Suspected and confirmed
ROI ET,2018,6,2018-06,236,Suspected and confirmed
ROI ET,2018,7,2018-07,169,Suspected and confirmed
ROI ET,2018,8,2018-08,160,Suspected and confirmed
ROI ET,2018,9,2018-09,81,Suspected and confirmed
ROI ET,2018,10,2018-10,24,Suspected and confirmed
ROI ET,2018,11,2018-11,30,Suspected and confirmed
ROI ET,2018,12,2018-12,33,Suspected and confirmed
ROI ET,2019,1,2019-01,32,Suspected and confirmed
ROI ET,2019,2,2019-02,51,Suspected and confirmed
ROI ET,2019,3,2019-03,51,Suspected and confirmed
ROI ET,2019,4,2019-04,55,Suspected and confirmed
ROI ET,2019,5,2019-05,164,Suspected and confirmed
ROI ET,2019,6,2019-06,482,Suspected and confirmed
ROI ET,2019,7,2019-07,507,Suspected and confirmed
ROI ET,2019,8,2019-08,325,Suspected and confirmed
ROI ET,2019,9,2019-09,234,Suspected and confirmed
ROI ET,2019,10,2019-10,151,Suspected and confirmed
ROI ET,2019,11,2019-11,85,Suspected and confirmed
ROI ET,2019,12,2019-12,31,Suspected and confirmed
ROI ET,2020,1,2020-01,33,Suspected and confirmed
ROI ET,2020,2,2020-02,22,Suspected and confirmed
ROI ET,2020,3,2020-03,35,Suspected and confirmed
ROI ET,2020,4,2020-04,75,Suspected and confirmed
ROI ET,2020,5,2020-05,128,Suspected and confirmed
ROI ET,2020,6,2020-06,140,Suspected and confirmed
ROI ET,2020,7,2020-07,208,Suspected and confirmed
ROI ET,2020,8,2020-08,164,Suspected and confirmed
ROI ET,2020,9,2020-09,95,Suspected and confirmed
ROI ET,2020,10,2020-10,30,Suspected and confirmed
ROI ET,2020,11,2020-11,10,Suspected and confirmed
ROI ET,2020,12,2020-12,4,Suspected and confirmed
ROI ET,2021,1,2021-01,4,Suspected and confirmed
ROI ET,2021,2,2021-02,1,Suspected and confirmed
ROI ET,2021,3,2021-03,3,Suspected and confirmed
ROI ET,2021,4,2021-04,3,Suspected and confirmed
ROI ET,2021,5,2021-05,11,Suspected and confirmed
ROI ET,2021,6,2021-06,37,Suspected and confirmed
ROI ET,2021,7,2021-07,18,Suspected and confirmed
ROI ET,2021,8,2021-08,26,Suspected and confirmed
ROI ET,2021,9,2021-09,35,Suspected and confirmed
ROI ET,2021,10,2021-10,27,Suspected and confirmed
ROI ET,2021,11,2021-11,1,Suspected and confirmed
ROI ET,2021,12,2021-12,7,Suspected and confirmed
ROI ET,2022,1,2022-01,12,Suspected and confirmed
ROI ET,2022,2,2022-02,7,Suspected and confirmed
ROI ET,2022,3,2022-03,1,Suspected and confirmed
ROI ET,2022,4,2022-04,3,Suspected and confirmed
ROI ET,2022,5,2022-05,26,Suspected and confirmed
ROI ET,2022,6,2022-06,132,Suspected and confirmed
ROI ET,2022,7,2022-07,79,Suspected and confirmed
ROI ET,2022,8,2022-08,74,Suspected and confirmed
ROI ET,2022,9,2022-09,59,Suspected and confirmed
ROI ET,2022,10,2022-10,39,Suspected and confirmed
ROI ET,2022,11,2022-11,21,Suspected and confirmed
ROI ET,2022,12,2022-12,9,Suspected and confirmed
SA KAEO,2015,1,2015-01,8,Suspected and confirmed
SA KAEO,2015,2,2015-02,8,Suspected and confirmed
SA KAEO,2015,3,2015-03,7,Suspected and confirmed
SA KAEO,2015,4,2015-04,11,Suspected and confirmed
SA KAEO,2015,5,2015-05,23,Suspected and confirmed
SA KAEO,2015,6,2015-06,78,Suspected and confirmed
SA KAEO,2015,7,2015-07,125,Suspected and confirmed
SA KAEO,2015,8,2015-08,204,Suspected and confirmed
SA KAEO,2015,9,2015-09,186,Suspected and confirmed
SA KAEO,2015,10,2015-10,97,Suspected and confirmed
SA KAEO,2015,11,2015-11,75,Suspected and confirmed
SA KAEO,2015,12,2015-12,38,Suspected and confirmed
SA KAEO,2016,1,2016-01,31,Suspected and confirmed
SA KAEO,2016,2,2016-02,23,Suspected and confirmed
SA KAEO,2016,3,2016-03,12,Suspected and confirmed
SA KAEO,2016,4,2016-04,12,Suspected and confirmed
SA KAEO,2016,5,2016-05,5,Suspected and confirmed
SA KAEO,2016,6,2016-06,5,Suspected and confirmed
SA KAEO,2016,7,2016-07,11,Suspected and confirmed
SA KAEO,2016,8,2016-08,8,Suspected and confirmed
SA KAEO,2016,9,2016-09,20,Suspected and confirmed
SA KAEO,2016,10,2016-10,16,Suspected and confirmed
SA KAEO,2016,11,2016-11,4,Suspected and confirmed
SA KAEO,2016,12,2016-12,5,Suspected and confirmed
SA KAEO,2017,1,2017-01,1,Suspected and confirmed
SA KAEO,2017,2,2017-02,4,Suspected and confirmed
SA KAEO,2017,3,2017-03,5,Suspected and confirmed
SA KAEO,2017,4,2017-04,9,Suspected and confirmed
SA KAEO,2017,5,2017-05,32,Suspected and confirmed
SA KAEO,2017,6,2017-06,90,Suspected and confirmed
SA KAEO,2017,7,2017-07,66,Suspected and confirmed
SA KAEO,2017,8,2017-08,86,Suspected and confirmed
SA KAEO,2017,9,2017-09,23,Suspected and confirmed
SA KAEO,2017,10,2017-10,10,Suspected and confirmed
SA KAEO,2017,11,2017-11,6,Suspected and confirmed
SA KAEO,2017,12,2017-12,0,Suspected and confirmed
SA KAEO,2018,1,2018-01,4,Suspected and confirmed
SA KAEO,2018,2,2018-02,2,Suspected and confirmed
SA KAEO,2018,3,2018-03,6,Suspected and confirmed
SA KAEO,2018,4,2018-04,9,Suspected and confirmed
SA KAEO,2018,5,2018-05,18,Suspected and confirmed
SA KAEO,2018,6,2018-06,69,Suspected and confirmed
SA KAEO,2018,7,2018-07,51,Suspected and confirmed
SA KAEO,2018,8,2018-08,58,Suspected and confirmed
SA KAEO,2018,9,2018-09,36,Suspected and confirmed
SA KAEO,2018,10,2018-10,16,Suspected and confirmed
SA KAEO,2018,11,2018-11,9,Suspected and confirmed
SA KAEO,2018,12,2018-12,8,Suspected and confirmed
SA KAEO,2019,1,2019-01,16,Suspected and confirmed
SA KAEO,2019,2,2019-02,30,Suspected and confirmed
SA KAEO,2019,3,2019-03,38,Suspected and confirmed
SA KAEO,2019,4,2019-04,57,Suspected and confirmed
SA KAEO,2019,5,2019-05,110,Suspected and confirmed
SA KAEO,2019,6,2019-06,184,Suspected and confirmed
SA KAEO,2019,7,2019-07,201,Suspected and confirmed
SA KAEO,2019,8,2019-08,189,Suspected and confirmed
SA KAEO,2019,9,2019-09,111,Suspected and confirmed
SA KAEO,2019,10,2019-10,69,Suspected and confirmed
SA KAEO,2019,11,2019-11,39,Suspected and confirmed
SA KAEO,2019,12,2019-12,18,Suspected and confirmed
SA KAEO,2020,1,2020-01,34,Suspected and confirmed
SA KAEO,2020,2,2020-02,14,Suspected and confirmed
SA KAEO,2020,3,2020-03,8,Suspected and confirmed
SA KAEO,2020,4,2020-04,17,Suspected and confirmed
SA KAEO,2020,5,2020-05,45,Suspected and confirmed
SA KAEO,2020,6,2020-06,56,Suspected and confirmed
SA KAEO,2020,7,2020-07,75,Suspected and confirmed
SA KAEO,2020,8,2020-08,65,Suspected and confirmed
SA KAEO,2020,9,2020-09,39,Suspected and confirmed
SA KAEO,2020,10,2020-10,19,Suspected and confirmed
SA KAEO,2020,11,2020-11,3,Suspected and confirmed
SA KAEO,2020,12,2020-12,3,Suspected and confirmed
SA KAEO,2021,1,2021-01,6,Suspected and confirmed
SA KAEO,2021,2,2021-02,5,Suspected and confirmed
SA KAEO,2021,3,2021-03,0,Suspected and confirmed
SA KAEO,2021,4,2021-04,1,Suspected and confirmed
SA KAEO,2021,5,2021-05,5,Suspected and confirmed
SA KAEO,2021,6,2021-06,7,Suspected and confirmed
SA KAEO,2021,7,2021-07,1,Suspected and confirmed
SA KAEO,2021,8,2021-08,0,Suspected and confirmed
SA KAEO,2021,9,2021-09,2,Suspected and confirmed
SA KAEO,2021,10,2021-10,4,Suspected and confirmed
SA KAEO,2021,11,2021-11,0,Suspected and confirmed
SA KAEO,2021,12,2021-12,0,Suspected and confirmed
SA KAEO,2022,1,2022-01,2,Suspected and confirmed
SA KAEO,2022,2,2022-02,4,Suspected and confirmed
SA KAEO,2022,3,2022-03,0,Suspected and confirmed
SA KAEO,2022,4,2022-04,5,Suspected and confirmed
SA KAEO,2022,5,2022-05,7,Suspected and confirmed
SA KAEO,2022,6,2022-06,15,Suspected and confirmed
SA KAEO,2022,7,2022-07,13,Suspected and confirmed
SA KAEO,2022,8,2022-08,22,Suspected and confirmed
SA KAEO,2022,9,2022-09,15,Suspected and confirmed
SA KAEO,2022,10,2022-10,16,Suspected and confirmed
SA KAEO,2022,11,2022-11,11,Suspected and confirmed
SA KAEO,2022,12,2022-12,10,Suspected and confirmed
SAKON NAKHON,2015,1,2015-01,1,Suspected and confirmed
SAKON NAKHON,2015,2,2015-02,0,Suspected and confirmed
SAKON NAKHON,2015,3,2015-03,0,Suspected and confirmed
SAKON NAKHON,2015,4,2015-04,7,Suspected and confirmed
SAKON NAKHON,2015,5,2015-05,76,Suspected and confirmed
SAKON NAKHON,2015,6,2015-06,155,Suspected and confirmed
SAKON NAKHON,2015,7,2015-07,144,Suspected and confirmed
SAKON NAKHON,2015,8,2015-08,99,Suspected and confirmed
SAKON NAKHON,2015,9,2015-09,35,Suspected and confirmed
SAKON NAKHON,2015,10,2015-10,14,Suspected and confirmed
SAKON NAKHON,2015,11,2015-11,12,Suspected and confirmed
SAKON NAKHON,2015,12,2015-12,4,Suspected and confirmed
SAKON NAKHON,2016,1,2016-01,1,Suspected and confirmed
SAKON NAKHON,2016,2,2016-02,1,Suspected and confirmed
SAKON NAKHON,2016,3,2016-03,8,Suspected and confirmed
SAKON NAKHON,2016,4,2016-04,10,Suspected and confirmed
SAKON NAKHON,2016,5,2016-05,14,Suspected and confirmed
SAKON NAKHON,2016,6,2016-06,29,Suspected and confirmed
SAKON NAKHON,2016,7,2016-07,39,Suspected and confirmed
SAKON NAKHON,2016,8,2016-08,16,Suspected and confirmed
SAKON NAKHON,2016,9,2016-09,11,Suspected and confirmed
SAKON NAKHON,2016,10,2016-10,4,Suspected and confirmed
SAKON NAKHON,2016,11,2016-11,0,Suspected and confirmed
SAKON NAKHON,2016,12,2016-12,1,Suspected and confirmed
SAKON NAKHON,2017,1,2017-01,3,Suspected and confirmed
SAKON NAKHON,2017,2,2017-02,1,Suspected and confirmed
SAKON NAKHON,2017,3,2017-03,6,Suspected and confirmed
SAKON NAKHON,2017,4,2017-04,10,Suspected and confirmed
SAKON NAKHON,2017,5,2017-05,35,Suspected and confirmed
SAKON NAKHON,2017,6,2017-06,26,Suspected and confirmed
SAKON NAKHON,2017,7,2017-07,21,Suspected and confirmed
SAKON NAKHON,2017,8,2017-08,27,Suspected and confirmed
SAKON NAKHON,2017,9,2017-09,3,Suspected and confirmed
SAKON NAKHON,2017,10,2017-10,2,Suspected and confirmed
SAKON NAKHON,2017,11,2017-11,1,Suspected and confirmed
SAKON NAKHON,2017,12,2017-12,0,Suspected and confirmed
SAKON NAKHON,2018,1,2018-01,0,Suspected and confirmed
SAKON NAKHON,2018,2,2018-02,2,Suspected and confirmed
SAKON NAKHON,2018,3,2018-03,2,Suspected and confirmed
SAKON NAKHON,2018,4,2018-04,7,Suspected and confirmed
SAKON NAKHON,2018,5,2018-05,15,Suspected and confirmed
SAKON NAKHON,2018,6,2018-06,49,Suspected and confirmed
SAKON NAKHON,2018,7,2018-07,33,Suspected and confirmed
SAKON NAKHON,2018,8,2018-08,31,Suspected and confirmed
SAKON NAKHON,2018,9,2018-09,8,Suspected and confirmed
SAKON NAKHON,2018,10,2018-10,4,Suspected and confirmed
SAKON NAKHON,2018,11,2018-11,2,Suspected and confirmed
SAKON NAKHON,2018,12,2018-12,4,Suspected and confirmed
SAKON NAKHON,2019,1,2019-01,7,Suspected and confirmed
SAKON NAKHON,2019,2,2019-02,6,Suspected and confirmed
SAKON NAKHON,2019,3,2019-03,15,Suspected and confirmed
SAKON NAKHON,2019,4,2019-04,30,Suspected and confirmed
SAKON NAKHON,2019,5,2019-05,37,Suspected and confirmed
SAKON NAKHON,2019,6,2019-06,136,Suspected and confirmed
SAKON NAKHON,2019,7,2019-07,100,Suspected and confirmed
SAKON NAKHON,2019,8,2019-08,38,Suspected and confirmed
SAKON NAKHON,2019,9,2019-09,22,Suspected and confirmed
SAKON NAKHON,2019,10,2019-10,5,Suspected and confirmed
SAKON NAKHON,2019,11,2019-11,3,Suspected and confirmed
SAKON NAKHON,2019,12,2019-12,1,Suspected and confirmed
SAKON NAKHON,2020,1,2020-01,5,Suspected and confirmed
SAKON NAKHON,2020,2,2020-02,1,Suspected and confirmed
SAKON NAKHON,2020,3,2020-03,5,Suspected and confirmed
SAKON NAKHON,2020,4,2020-04,7,Suspected and confirmed
SAKON NAKHON,2020,5,2020-05,23,Suspected and confirmed
SAKON NAKHON,2020,6,2020-06,51,Suspected and confirmed
SAKON NAKHON,2020,7,2020-07,46,Suspected and confirmed
SAKON NAKHON,2020,8,2020-08,6,Suspected and confirmed
SAKON NAKHON,2020,9,2020-09,7,Suspected and confirmed
SAKON NAKHON,2020,10,2020-10,1,Suspected and confirmed
SAKON NAKHON,2020,11,2020-11,2,Suspected and confirmed
SAKON NAKHON,2020,12,2020-12,2,Suspected and confirmed
SAKON NAKHON,2021,1,2021-01,0,Suspected and confirmed
SAKON NAKHON,2021,2,2021-02,1,Suspected and confirmed
SAKON NAKHON,2021,3,2021-03,0,Suspected and confirmed
SAKON NAKHON,2021,4,2021-04,1,Suspected and confirmed
SAKON NAKHON,2021,5,2021-05,23,Suspected and confirmed
SAKON NAKHON,2021,6,2021-06,29,Suspected and confirmed
SAKON NAKHON,2021,7,2021-07,21,Suspected and confirmed
SAKON NAKHON,2021,8,2021-08,7,Suspected and confirmed
SAKON NAKHON,2021,9,2021-09,6,Suspected and confirmed
SAKON NAKHON,2021,10,2021-10,2,Suspected and confirmed
SAKON NAKHON,2021,11,2021-11,2,Suspected and confirmed
SAKON NAKHON,2021,12,2021-12,1,Suspected and confirmed
SAKON NAKHON,2022,1,2022-01,3,Suspected and confirmed
SAKON NAKHON,2022,2,2022-02,5,Suspected and confirmed
SAKON NAKHON,2022,3,2022-03,1,Suspected and confirmed
SAKON NAKHON,2022,4,2022-04,10,Suspected and confirmed
SAKON NAKHON,2022,5,2022-05,6,Suspected and confirmed
SAKON NAKHON,2022,6,2022-06,23,Suspected and confirmed
SAKON NAKHON,2022,7,2022-07,17,Suspected and confirmed
SAKON NAKHON,2022,8,2022-08,11,Suspected and confirmed
SAKON NAKHON,2022,9,2022-09,7,Suspected and confirmed
SAKON NAKHON,2022,10,2022-10,3,Suspected and confirmed
SAKON NAKHON,2022,11,2022-11,2,Suspected and confirmed
SAKON NAKHON,2022,12,2022-12,1,Suspected and confirmed
SAMUT PRAKARN,2015,1,2015-01,60,Suspected and confirmed
SAMUT PRAKARN,2015,2,2015-02,59,Suspected and confirmed
SAMUT PRAKARN,2015,3,2015-03,57,Suspected and confirmed
SAMUT PRAKARN,2015,4,2015-04,48,Suspected and confirmed
SAMUT PRAKARN,2015,5,2015-05,83,Suspected and confirmed
SAMUT PRAKARN,2015,6,2015-06,77,Suspected and confirmed
SAMUT PRAKARN,2015,7,2015-07,116,Suspected and confirmed
SAMUT PRAKARN,2015,8,2015-08,141,Suspected and confirmed
SAMUT PRAKARN,2015,9,2015-09,143,Suspected and confirmed
SAMUT PRAKARN,2015,10,2015-10,176,Suspected and confirmed
SAMUT PRAKARN,2015,11,2015-11,297,Suspected and confirmed
SAMUT PRAKARN,2015,12,2015-12,195,Suspected and confirmed
SAMUT PRAKARN,2016,1,2016-01,141,Suspected and confirmed
SAMUT PRAKARN,2016,2,2016-02,71,Suspected and confirmed
SAMUT PRAKARN,2016,3,2016-03,53,Suspected and confirmed
SAMUT PRAKARN,2016,4,2016-04,21,Suspected and confirmed
SAMUT PRAKARN,2016,5,2016-05,15,Suspected and confirmed
SAMUT PRAKARN,2016,6,2016-06,9,Suspected and confirmed
SAMUT PRAKARN,2016,7,2016-07,19,Suspected and confirmed
SAMUT PRAKARN,2016,8,2016-08,40,Suspected and confirmed
SAMUT PRAKARN,2016,9,2016-09,27,Suspected and confirmed
SAMUT PRAKARN,2016,10,2016-10,39,Suspected and confirmed
SAMUT PRAKARN,2016,11,2016-11,27,Suspected and confirmed
SAMUT PRAKARN,2016,12,2016-12,38,Suspected and confirmed
SAMUT PRAKARN,2017,1,2017-01,25,Suspected and confirmed
SAMUT PRAKARN,2017,2,2017-02,20,Suspected and confirmed
SAMUT PRAKARN,2017,3,2017-03,23,Suspected and confirmed
SAMUT PRAKARN,2017,4,2017-04,15,Suspected and confirmed
SAMUT PRAKARN,2017,5,2017-05,14,Suspected and confirmed
SAMUT PRAKARN,2017,6,2017-06,33,Suspected and confirmed
SAMUT PRAKARN,2017,7,2017-07,77,Suspected and confirmed
SAMUT PRAKARN,2017,8,2017-08,64,Suspected and confirmed
SAMUT PRAKARN,2017,9,2017-09,41,Suspected and confirmed
SAMUT PRAKARN,2017,10,2017-10,42,Suspected and confirmed
SAMUT PRAKARN,2017,11,2017-11,45,Suspected and confirmed
SAMUT PRAKARN,2017,12,2017-12,28,Suspected and confirmed
SAMUT PRAKARN,2018,1,2018-01,32,Suspected and confirmed
SAMUT PRAKARN,2018,2,2018-02,30,Suspected and confirmed
SAMUT PRAKARN,2018,3,2018-03,44,Suspected and confirmed
SAMUT PRAKARN,2018,4,2018-04,44,Suspected and confirmed
SAMUT PRAKARN,2018,5,2018-05,89,Suspected and confirmed
SAMUT PRAKARN,2018,6,2018-06,103,Suspected and confirmed
SAMUT PRAKARN,2018,7,2018-07,101,Suspected and confirmed
SAMUT PRAKARN,2018,8,2018-08,102,Suspected and confirmed
SAMUT PRAKARN,2018,9,2018-09,67,Suspected and confirmed
SAMUT PRAKARN,2018,10,2018-10,50,Suspected and confirmed
SAMUT PRAKARN,2018,11,2018-11,92,Suspected and confirmed
SAMUT PRAKARN,2018,12,2018-12,87,Suspected and confirmed
SAMUT PRAKARN,2019,1,2019-01,67,Suspected and confirmed
SAMUT PRAKARN,2019,2,2019-02,45,Suspected and confirmed
SAMUT PRAKARN,2019,3,2019-03,47,Suspected and confirmed
SAMUT PRAKARN,2019,4,2019-04,11,Suspected and confirmed
SAMUT PRAKARN,2019,5,2019-05,17,Suspected and confirmed
SAMUT PRAKARN,2019,6,2019-06,26,Suspected and confirmed
SAMUT PRAKARN,2019,7,2019-07,73,Suspected and confirmed
SAMUT PRAKARN,2019,8,2019-08,61,Suspected and confirmed
SAMUT PRAKARN,2019,9,2019-09,76,Suspected and confirmed
SAMUT PRAKARN,2019,10,2019-10,104,Suspected and confirmed
SAMUT PRAKARN,2019,11,2019-11,141,Suspected and confirmed
SAMUT PRAKARN,2019,12,2019-12,83,Suspected and confirmed
SAMUT PRAKARN,2020,1,2020-01,55,Suspected and confirmed
SAMUT PRAKARN,2020,2,2020-02,43,Suspected and confirmed
SAMUT PRAKARN,2020,3,2020-03,26,Suspected and confirmed
SAMUT PRAKARN,2020,4,2020-04,13,Suspected and confirmed
SAMUT PRAKARN,2020,5,2020-05,16,Suspected and confirmed
SAMUT PRAKARN,2020,6,2020-06,17,Suspected and confirmed
SAMUT PRAKARN,2020,7,2020-07,45,Suspected and confirmed
SAMUT PRAKARN,2020,8,2020-08,89,Suspected and confirmed
SAMUT PRAKARN,2020,9,2020-09,72,Suspected and confirmed
SAMUT PRAKARN,2020,10,2020-10,52,Suspected and confirmed
SAMUT PRAKARN,2020,11,2020-11,35,Suspected and confirmed
SAMUT PRAKARN,2020,12,2020-12,32,Suspected and confirmed
SAMUT PRAKARN,2021,1,2021-01,14,Suspected and confirmed
SAMUT PRAKARN,2021,2,2021-02,15,Suspected and confirmed
SAMUT PRAKARN,2021,3,2021-03,19,Suspected and confirmed
SAMUT PRAKARN,2021,4,2021-04,7,Suspected and confirmed
SAMUT PRAKARN,2021,5,2021-05,3,Suspected and confirmed
SAMUT PRAKARN,2021,6,2021-06,3,Suspected and confirmed
SAMUT PRAKARN,2021,7,2021-07,5,Suspected and confirmed
SAMUT PRAKARN,2021,8,2021-08,4,Suspected and confirmed
SAMUT PRAKARN,2021,9,2021-09,3,Suspected and confirmed
SAMUT PRAKARN,2021,10,2021-10,16,Suspected and confirmed
SAMUT PRAKARN,2021,11,2021-11,29,Suspected and confirmed
SAMUT PRAKARN,2021,12,2021-12,34,Suspected and confirmed
SAMUT PRAKARN,2022,1,2022-01,10,Suspected and confirmed
SAMUT PRAKARN,2022,2,2022-02,16,Suspected and confirmed
SAMUT PRAKARN,2022,3,2022-03,6,Suspected and confirmed
SAMUT PRAKARN,2022,4,2022-04,16,Suspected and confirmed
SAMUT PRAKARN,2022,5,2022-05,23,Suspected and confirmed
SAMUT PRAKARN,2022,6,2022-06,45,Suspected and confirmed
SAMUT PRAKARN,2022,7,2022-07,62,Suspected and confirmed
SAMUT PRAKARN,2022,8,2022-08,60,Suspected and confirmed
SAMUT PRAKARN,2022,9,2022-09,151,Suspected and confirmed
SAMUT PRAKARN,2022,10,2022-10,193,Suspected and confirmed
SAMUT PRAKARN,2022,11,2022-11,264,Suspected and confirmed
SAMUT PRAKARN,2022,12,2022-12,156,Suspected and confirmed
SAMUT SAKHON,2015,1,2015-01,31,Suspected and confirmed
SAMUT SAKHON,2015,2,2015-02,22,Suspected and confirmed
SAMUT SAKHON,2015,3,2015-03,47,Suspected and confirmed
SAMUT SAKHON,2015,4,2015-04,37,Suspected and confirmed
SAMUT SAKHON,2015,5,2015-05,33,Suspected and confirmed
SAMUT SAKHON,2015,6,2015-06,34,Suspected and confirmed
SAMUT SAKHON,2015,7,2015-07,46,Suspected and confirmed
SAMUT SAKHON,2015,8,2015-08,38,Suspected and confirmed
SAMUT SAKHON,2015,9,2015-09,75,Suspected and confirmed
SAMUT SAKHON,2015,10,2015-10,127,Suspected and confirmed
SAMUT SAKHON,2015,11,2015-11,225,Suspected and confirmed
SAMUT SAKHON,2015,12,2015-12,132,Suspected and confirmed
SAMUT SAKHON,2016,1,2016-01,98,Suspected and confirmed
SAMUT SAKHON,2016,2,2016-02,38,Suspected and confirmed
SAMUT SAKHON,2016,3,2016-03,23,Suspected and confirmed
SAMUT SAKHON,2016,4,2016-04,8,Suspected and confirmed
SAMUT SAKHON,2016,5,2016-05,9,Suspected and confirmed
SAMUT SAKHON,2016,6,2016-06,5,Suspected and confirmed
SAMUT SAKHON,2016,7,2016-07,15,Suspected and confirmed
SAMUT SAKHON,2016,8,2016-08,14,Suspected and confirmed
SAMUT SAKHON,2016,9,2016-09,36,Suspected and confirmed
SAMUT SAKHON,2016,10,2016-10,24,Suspected and confirmed
SAMUT SAKHON,2016,11,2016-11,22,Suspected and confirmed
SAMUT SAKHON,2016,12,2016-12,2,Suspected and confirmed
SAMUT SAKHON,2017,1,2017-01,8,Suspected and confirmed
SAMUT SAKHON,2017,2,2017-02,8,Suspected and confirmed
SAMUT SAKHON,2017,3,2017-03,12,Suspected and confirmed
SAMUT SAKHON,2017,4,2017-04,5,Suspected and confirmed
SAMUT SAKHON,2017,5,2017-05,20,Suspected and confirmed
SAMUT SAKHON,2017,6,2017-06,41,Suspected and confirmed
SAMUT SAKHON,2017,7,2017-07,51,Suspected and confirmed
SAMUT SAKHON,2017,8,2017-08,74,Suspected and confirmed
SAMUT SAKHON,2017,9,2017-09,76,Suspected and confirmed
SAMUT SAKHON,2017,10,2017-10,54,Suspected and confirmed
SAMUT SAKHON,2017,11,2017-11,70,Suspected and confirmed
SAMUT SAKHON,2017,12,2017-12,82,Suspected and confirmed
SAMUT SAKHON,2018,1,2018-01,49,Suspected and confirmed
SAMUT SAKHON,2018,2,2018-02,42,Suspected and confirmed
SAMUT SAKHON,2018,3,2018-03,67,Suspected and confirmed
SAMUT SAKHON,2018,4,2018-04,57,Suspected and confirmed
SAMUT SAKHON,2018,5,2018-05,64,Suspected and confirmed
SAMUT SAKHON,2018,6,2018-06,64,Suspected and confirmed
SAMUT SAKHON,2018,7,2018-07,86,Suspected and confirmed
SAMUT SAKHON,2018,8,2018-08,101,Suspected and confirmed
SAMUT SAKHON,2018,9,2018-09,118,Suspected and confirmed
SAMUT SAKHON,2018,10,2018-10,108,Suspected and confirmed
SAMUT SAKHON,2018,11,2018-11,121,Suspected and confirmed
SAMUT SAKHON,2018,12,2018-12,156,Suspected and confirmed
SAMUT SAKHON,2019,1,2019-01,127,Suspected and confirmed
SAMUT SAKHON,2019,2,2019-02,102,Suspected and confirmed
SAMUT SAKHON,2019,3,2019-03,101,Suspected and confirmed
SAMUT SAKHON,2019,4,2019-04,42,Suspected and confirmed
SAMUT SAKHON,2019,5,2019-05,26,Suspected and confirmed
SAMUT SAKHON,2019,6,2019-06,36,Suspected and confirmed
SAMUT SAKHON,2019,7,2019-07,80,Suspected and confirmed
SAMUT SAKHON,2019,8,2019-08,100,Suspected and confirmed
SAMUT SAKHON,2019,9,2019-09,60,Suspected and confirmed
SAMUT SAKHON,2019,10,2019-10,83,Suspected and confirmed
SAMUT SAKHON,2019,11,2019-11,122,Suspected and confirmed
SAMUT SAKHON,2019,12,2019-12,38,Suspected and confirmed
SAMUT SAKHON,2020,1,2020-01,36,Suspected and confirmed
SAMUT SAKHON,2020,2,2020-02,39,Suspected and confirmed
SAMUT SAKHON,2020,3,2020-03,24,Suspected and confirmed
SAMUT SAKHON,2020,4,2020-04,16,Suspected and confirmed
SAMUT SAKHON,2020,5,2020-05,25,Suspected and confirmed
SAMUT SAKHON,2020,6,2020-06,15,Suspected and confirmed
SAMUT SAKHON,2020,7,2020-07,30,Suspected and confirmed
SAMUT SAKHON,2020,8,2020-08,28,Suspected and confirmed
SAMUT SAKHON,2020,9,2020-09,62,Suspected and confirmed
SAMUT SAKHON,2020,10,2020-10,59,Suspected and confirmed
SAMUT SAKHON,2020,11,2020-11,35,Suspected and confirmed
SAMUT SAKHON,2020,12,2020-12,16,Suspected and confirmed
SAMUT SAKHON,2021,1,2021-01,17,Suspected and confirmed
SAMUT SAKHON,2021,2,2021-02,7,Suspected and confirmed
SAMUT SAKHON,2021,3,2021-03,2,Suspected and confirmed
SAMUT SAKHON,2021,4,2021-04,3,Suspected and confirmed
SAMUT SAKHON,2021,5,2021-05,0,Suspected and confirmed
SAMUT SAKHON,2021,6,2021-06,1,Suspected and confirmed
SAMUT SAKHON,2021,7,2021-07,0,Suspected and confirmed
SAMUT SAKHON,2021,8,2021-08,0,Suspected and confirmed
SAMUT SAKHON,2021,9,2021-09,1,Suspected and confirmed
SAMUT SAKHON,2021,10,2021-10,0,Suspected and confirmed
SAMUT SAKHON,2021,11,2021-11,0,Suspected and confirmed
SAMUT SAKHON,2021,12,2021-12,0,Suspected and confirmed
SAMUT SAKHON,2022,1,2022-01,8,Suspected and confirmed
SAMUT SAKHON,2022,2,2022-02,9,Suspected and confirmed
SAMUT SAKHON,2022,3,2022-03,2,Suspected and confirmed
SAMUT SAKHON,2022,4,2022-04,7,Suspected and confirmed
SAMUT SAKHON,2022,5,2022-05,23,Suspected and confirmed
SAMUT SAKHON,2022,6,2022-06,26,Suspected and confirmed
SAMUT SAKHON,2022,7,2022-07,33,Suspected and confirmed
SAMUT SAKHON,2022,8,2022-08,62,Suspected and confirmed
SAMUT SAKHON,2022,9,2022-09,87,Suspected and confirmed
SAMUT SAKHON,2022,10,2022-10,146,Suspected and confirmed
SAMUT SAKHON,2022,11,2022-11,162,Suspected and confirmed
SAMUT SAKHON,2022,12,2022-12,140,Suspected and confirmed
SAMUT SONGKHAM,2015,1,2015-01,15,Suspected and confirmed
SAMUT SONGKHAM,2015,2,2015-02,26,Suspected and confirmed
SAMUT SONGKHAM,2015,3,2015-03,41,Suspected and confirmed
SAMUT SONGKHAM,2015,4,2015-04,31,Suspected and confirmed
SAMUT SONGKHAM,2015,5,2015-05,33,Suspected and confirmed
SAMUT SONGKHAM,2015,6,2015-06,19,Suspected and confirmed
SAMUT SONGKHAM,2015,7,2015-07,47,Suspected and confirmed
SAMUT SONGKHAM,2015,8,2015-08,80,Suspected and confirmed
SAMUT SONGKHAM,2015,9,2015-09,91,Suspected and confirmed
SAMUT SONGKHAM,2015,10,2015-10,65,Suspected and confirmed
SAMUT SONGKHAM,2015,11,2015-11,55,Suspected and confirmed
SAMUT SONGKHAM,2015,12,2015-12,37,Suspected and confirmed
SAMUT SONGKHAM,2016,1,2016-01,13,Suspected and confirmed
SAMUT SONGKHAM,2016,2,2016-02,4,Suspected and confirmed
SAMUT SONGKHAM,2016,3,2016-03,5,Suspected and confirmed
SAMUT SONGKHAM,2016,4,2016-04,4,Suspected and confirmed
SAMUT SONGKHAM,2016,5,2016-05,3,Suspected and confirmed
SAMUT SONGKHAM,2016,6,2016-06,2,Suspected and confirmed
SAMUT SONGKHAM,2016,7,2016-07,0,Suspected and confirmed
SAMUT SONGKHAM,2016,8,2016-08,3,Suspected and confirmed
SAMUT SONGKHAM,2016,9,2016-09,2,Suspected and confirmed
SAMUT SONGKHAM,2016,10,2016-10,1,Suspected and confirmed
SAMUT SONGKHAM,2016,11,2016-11,2,Suspected and confirmed
SAMUT SONGKHAM,2016,12,2016-12,3,Suspected and confirmed
SAMUT SONGKHAM,2017,1,2017-01,2,Suspected and confirmed
SAMUT SONGKHAM,2017,2,2017-02,0,Suspected and confirmed
SAMUT SONGKHAM,2017,3,2017-03,2,Suspected and confirmed
SAMUT SONGKHAM,2017,4,2017-04,5,Suspected and confirmed
SAMUT SONGKHAM,2017,5,2017-05,0,Suspected and confirmed
SAMUT SONGKHAM,2017,6,2017-06,3,Suspected and confirmed
SAMUT SONGKHAM,2017,7,2017-07,8,Suspected and confirmed
SAMUT SONGKHAM,2017,8,2017-08,17,Suspected and confirmed
SAMUT SONGKHAM,2017,9,2017-09,28,Suspected and confirmed
SAMUT SONGKHAM,2017,10,2017-10,17,Suspected and confirmed
SAMUT SONGKHAM,2017,11,2017-11,20,Suspected and confirmed
SAMUT SONGKHAM,2017,12,2017-12,16,Suspected and confirmed
SAMUT SONGKHAM,2018,1,2018-01,9,Suspected and confirmed
SAMUT SONGKHAM,2018,2,2018-02,12,Suspected and confirmed
SAMUT SONGKHAM,2018,3,2018-03,4,Suspected and confirmed
SAMUT SONGKHAM,2018,4,2018-04,6,Suspected and confirmed
SAMUT SONGKHAM,2018,5,2018-05,12,Suspected and confirmed
SAMUT SONGKHAM,2018,6,2018-06,19,Suspected and confirmed
SAMUT SONGKHAM,2018,7,2018-07,23,Suspected and confirmed
SAMUT SONGKHAM,2018,8,2018-08,33,Suspected and confirmed
SAMUT SONGKHAM,2018,9,2018-09,28,Suspected and confirmed
SAMUT SONGKHAM,2018,10,2018-10,9,Suspected and confirmed
SAMUT SONGKHAM,2018,11,2018-11,8,Suspected and confirmed
SAMUT SONGKHAM,2018,12,2018-12,8,Suspected and confirmed
SAMUT SONGKHAM,2019,1,2019-01,5,Suspected and confirmed
SAMUT SONGKHAM,2019,2,2019-02,4,Suspected and confirmed
SAMUT SONGKHAM,2019,3,2019-03,3,Suspected and confirmed
SAMUT SONGKHAM,2019,4,2019-04,0,Suspected and confirmed
SAMUT SONGKHAM,2019,5,2019-05,3,Suspected and confirmed
SAMUT SONGKHAM,2019,6,2019-06,2,Suspected and confirmed
SAMUT SONGKHAM,2019,7,2019-07,11,Suspected and confirmed
SAMUT SONGKHAM,2019,8,2019-08,29,Suspected and confirmed
SAMUT SONGKHAM,2019,9,2019-09,40,Suspected and confirmed
SAMUT SONGKHAM,2019,10,2019-10,39,Suspected and confirmed
SAMUT SONGKHAM,2019,11,2019-11,38,Suspected and confirmed
SAMUT SONGKHAM,2019,12,2019-12,22,Suspected and confirmed
SAMUT SONGKHAM,2020,1,2020-01,5,Suspected and confirmed
SAMUT SONGKHAM,2020,2,2020-02,6,Suspected and confirmed
SAMUT SONGKHAM,2020,3,2020-03,13,Suspected and confirmed
SAMUT SONGKHAM,2020,4,2020-04,6,Suspected and confirmed
SAMUT SONGKHAM,2020,5,2020-05,6,Suspected and confirmed
SAMUT SONGKHAM,2020,6,2020-06,0,Suspected and confirmed
SAMUT SONGKHAM,2020,7,2020-07,3,Suspected and confirmed
SAMUT SONGKHAM,2020,8,2020-08,5,Suspected and confirmed
SAMUT SONGKHAM,2020,9,2020-09,7,Suspected and confirmed
SAMUT SONGKHAM,2020,10,2020-10,4,Suspected and confirmed
SAMUT SONGKHAM,2020,11,2020-11,5,Suspected and confirmed
SAMUT SONGKHAM,2020,12,2020-12,3,Suspected and confirmed
SAMUT SONGKHAM,2021,1,2021-01,1,Suspected and confirmed
SAMUT SONGKHAM,2021,2,2021-02,2,Suspected and confirmed
SAMUT SONGKHAM,2021,3,2021-03,1,Suspected and confirmed
SAMUT SONGKHAM,2021,4,2021-04,0,Suspected and confirmed
SAMUT SONGKHAM,2021,5,2021-05,0,Suspected and confirmed
SAMUT SONGKHAM,2021,6,2021-06,0,Suspected and confirmed
SAMUT SONGKHAM,2021,7,2021-07,0,Suspected and confirmed
SAMUT SONGKHAM,2021,8,2021-08,1,Suspected and confirmed
SAMUT SONGKHAM,2021,9,2021-09,2,Suspected and confirmed
SAMUT SONGKHAM,2021,10,2021-10,3,Suspected and confirmed
SAMUT SONGKHAM,2021,11,2021-11,0,Suspected and confirmed
SAMUT SONGKHAM,2021,12,2021-12,1,Suspected and confirmed
SAMUT SONGKHAM,2022,1,2022-01,2,Suspected and confirmed
SAMUT SONGKHAM,2022,2,2022-02,0,Suspected and confirmed
SAMUT SONGKHAM,2022,3,2022-03,1,Suspected and confirmed
SAMUT SONGKHAM,2022,4,2022-04,0,Suspected and confirmed
SAMUT SONGKHAM,2022,5,2022-05,1,Suspected and confirmed
SAMUT SONGKHAM,2022,6,2022-06,19,Suspected and confirmed
SAMUT SONGKHAM,2022,7,2022-07,7,Suspected and confirmed
SAMUT SONGKHAM,2022,8,2022-08,17,Suspected and confirmed
SAMUT SONGKHAM,2022,9,2022-09,14,Suspected and confirmed
SAMUT SONGKHAM,2022,10,2022-10,3,Suspected and confirmed
SAMUT SONGKHAM,2022,11,2022-11,17,Suspected and confirmed
SAMUT SONGKHAM,2022,12,2022-12,12,Suspected and confirmed
SARABURI,2015,1,2015-01,18,Suspected and confirmed
SARABURI,2015,2,2015-02,6,Suspected and confirmed
SARABURI,2015,3,2015-03,10,Suspected and confirmed
SARABURI,2015,4,2015-04,36,Suspected and confirmed
SARABURI,2015,5,2015-05,66,Suspected and confirmed
SARABURI,2015,6,2015-06,44,Suspected and confirmed
SARABURI,2015,7,2015-07,72,Suspected and confirmed
SARABURI,2015,8,2015-08,100,Suspected and confirmed
SARABURI,2015,9,2015-09,96,Suspected and confirmed
SARABURI,2015,10,2015-10,67,Suspected and confirmed
SARABURI,2015,11,2015-11,59,Suspected and confirmed
SARABURI,2015,12,2015-12,43,Suspected and confirmed
SARABURI,2016,1,2016-01,22,Suspected and confirmed
SARABURI,2016,2,2016-02,24,Suspected and confirmed
SARABURI,2016,3,2016-03,16,Suspected and confirmed
SARABURI,2016,4,2016-04,6,Suspected and confirmed
SARABURI,2016,5,2016-05,5,Suspected and confirmed
SARABURI,2016,6,2016-06,6,Suspected and confirmed
SARABURI,2016,7,2016-07,7,Suspected and confirmed
SARABURI,2016,8,2016-08,28,Suspected and confirmed
SARABURI,2016,9,2016-09,20,Suspected and confirmed
SARABURI,2016,10,2016-10,9,Suspected and confirmed
SARABURI,2016,11,2016-11,11,Suspected and confirmed
SARABURI,2016,12,2016-12,2,Suspected and confirmed
SARABURI,2017,1,2017-01,10,Suspected and confirmed
SARABURI,2017,2,2017-02,5,Suspected and confirmed
SARABURI,2017,3,2017-03,2,Suspected and confirmed
SARABURI,2017,4,2017-04,4,Suspected and confirmed
SARABURI,2017,5,2017-05,8,Suspected and confirmed
SARABURI,2017,6,2017-06,21,Suspected and confirmed
SARABURI,2017,7,2017-07,42,Suspected and confirmed
SARABURI,2017,8,2017-08,46,Suspected and confirmed
SARABURI,2017,9,2017-09,11,Suspected and confirmed
SARABURI,2017,10,2017-10,3,Suspected and confirmed
SARABURI,2017,11,2017-11,4,Suspected and confirmed
SARABURI,2017,12,2017-12,0,Suspected and confirmed
SARABURI,2018,1,2018-01,0,Suspected and confirmed
SARABURI,2018,2,2018-02,5,Suspected and confirmed
SARABURI,2018,3,2018-03,6,Suspected and confirmed
SARABURI,2018,4,2018-04,7,Suspected and confirmed
SARABURI,2018,5,2018-05,28,Suspected and confirmed
SARABURI,2018,6,2018-06,51,Suspected and confirmed
SARABURI,2018,7,2018-07,55,Suspected and confirmed
SARABURI,2018,8,2018-08,48,Suspected and confirmed
SARABURI,2018,9,2018-09,47,Suspected and confirmed
SARABURI,2018,10,2018-10,33,Suspected and confirmed
SARABURI,2018,11,2018-11,26,Suspected and confirmed
SARABURI,2018,12,2018-12,12,Suspected and confirmed
SARABURI,2019,1,2019-01,13,Suspected and confirmed
SARABURI,2019,2,2019-02,21,Suspected and confirmed
SARABURI,2019,3,2019-03,36,Suspected and confirmed
SARABURI,2019,4,2019-04,16,Suspected and confirmed
SARABURI,2019,5,2019-05,12,Suspected and confirmed
SARABURI,2019,6,2019-06,22,Suspected and confirmed
SARABURI,2019,7,2019-07,71,Suspected and confirmed
SARABURI,2019,8,2019-08,107,Suspected and confirmed
SARABURI,2019,9,2019-09,87,Suspected and confirmed
SARABURI,2019,10,2019-10,59,Suspected and confirmed
SARABURI,2019,11,2019-11,56,Suspected and confirmed
SARABURI,2019,12,2019-12,19,Suspected and confirmed
SARABURI,2020,1,2020-01,13,Suspected and confirmed
SARABURI,2020,2,2020-02,6,Suspected and confirmed
SARABURI,2020,3,2020-03,3,Suspected and confirmed
SARABURI,2020,4,2020-04,12,Suspected and confirmed
SARABURI,2020,5,2020-05,25,Suspected and confirmed
SARABURI,2020,6,2020-06,29,Suspected and confirmed
SARABURI,2020,7,2020-07,65,Suspected and confirmed
SARABURI,2020,8,2020-08,49,Suspected and confirmed
SARABURI,2020,9,2020-09,46,Suspected and confirmed
SARABURI,2020,10,2020-10,27,Suspected and confirmed
SARABURI,2020,11,2020-11,11,Suspected and confirmed
SARABURI,2020,12,2020-12,5,Suspected and confirmed
SARABURI,2021,1,2021-01,4,Suspected and confirmed
SARABURI,2021,2,2021-02,4,Suspected and confirmed
SARABURI,2021,3,2021-03,12,Suspected and confirmed
SARABURI,2021,4,2021-04,1,Suspected and confirmed
SARABURI,2021,5,2021-05,5,Suspected and confirmed
SARABURI,2021,6,2021-06,12,Suspected and confirmed
SARABURI,2021,7,2021-07,1,Suspected and confirmed
SARABURI,2021,8,2021-08,1,Suspected and confirmed
SARABURI,2021,9,2021-09,2,Suspected and confirmed
SARABURI,2021,10,2021-10,1,Suspected and confirmed
SARABURI,2021,11,2021-11,0,Suspected and confirmed
SARABURI,2021,12,2021-12,0,Suspected and confirmed
SARABURI,2022,1,2022-01,3,Suspected and confirmed
SARABURI,2022,2,2022-02,5,Suspected and confirmed
SARABURI,2022,3,2022-03,5,Suspected and confirmed
SARABURI,2022,4,2022-04,5,Suspected and confirmed
SARABURI,2022,5,2022-05,2,Suspected and confirmed
SARABURI,2022,6,2022-06,16,Suspected and confirmed
SARABURI,2022,7,2022-07,11,Suspected and confirmed
SARABURI,2022,8,2022-08,14,Suspected and confirmed
SARABURI,2022,9,2022-09,20,Suspected and confirmed
SARABURI,2022,10,2022-10,14,Suspected and confirmed
SARABURI,2022,11,2022-11,9,Suspected and confirmed
SARABURI,2022,12,2022-12,2,Suspected and confirmed
SATUN,2015,1,2015-01,5,Suspected and confirmed
SATUN,2015,2,2015-02,3,Suspected and confirmed
SATUN,2015,3,2015-03,3,Suspected and confirmed
SATUN,2015,4,2015-04,3,Suspected and confirmed
SATUN,2015,5,2015-05,0,Suspected and confirmed
SATUN,2015,6,2015-06,14,Suspected and confirmed
SATUN,2015,7,2015-07,18,Suspected and confirmed
SATUN,2015,8,2015-08,5,Suspected and confirmed
SATUN,2015,9,2015-09,3,Suspected and confirmed
SATUN,2015,10,2015-10,13,Suspected and confirmed
SATUN,2015,11,2015-11,15,Suspected and confirmed
SATUN,2015,12,2015-12,7,Suspected and confirmed
SATUN,2016,1,2016-01,10,Suspected and confirmed
SATUN,2016,2,2016-02,20,Suspected and confirmed
SATUN,2016,3,2016-03,7,Suspected and confirmed
SATUN,2016,4,2016-04,6,Suspected and confirmed
SATUN,2016,5,2016-05,3,Suspected and confirmed
SATUN,2016,6,2016-06,20,Suspected and confirmed
SATUN,2016,7,2016-07,39,Suspected and confirmed
SATUN,2016,8,2016-08,34,Suspected and confirmed
SATUN,2016,9,2016-09,14,Suspected and confirmed
SATUN,2016,10,2016-10,14,Suspected and confirmed
SATUN,2016,11,2016-11,9,Suspected and confirmed
SATUN,2016,12,2016-12,2,Suspected and confirmed
SATUN,2017,1,2017-01,2,Suspected and confirmed
SATUN,2017,2,2017-02,3,Suspected and confirmed
SATUN,2017,3,2017-03,5,Suspected and confirmed
SATUN,2017,4,2017-04,2,Suspected and confirmed
SATUN,2017,5,2017-05,5,Suspected and confirmed
SATUN,2017,6,2017-06,3,Suspected and confirmed
SATUN,2017,7,2017-07,1,Suspected and confirmed
SATUN,2017,8,2017-08,2,Suspected and confirmed
SATUN,2017,9,2017-09,4,Suspected and confirmed
SATUN,2017,10,2017-10,5,Suspected and confirmed
SATUN,2017,11,2017-11,5,Suspected and confirmed
SATUN,2017,12,2017-12,3,Suspected and confirmed
SATUN,2018,1,2018-01,2,Suspected and confirmed
SATUN,2018,2,2018-02,6,Suspected and confirmed
SATUN,2018,3,2018-03,8,Suspected and confirmed
SATUN,2018,4,2018-04,1,Suspected and confirmed
SATUN,2018,5,2018-05,4,Suspected and confirmed
SATUN,2018,6,2018-06,16,Suspected and confirmed
SATUN,2018,7,2018-07,8,Suspected and confirmed
SATUN,2018,8,2018-08,6,Suspected and confirmed
SATUN,2018,9,2018-09,2,Suspected and confirmed
SATUN,2018,10,2018-10,7,Suspected and confirmed
SATUN,2018,11,2018-11,2,Suspected and confirmed
SATUN,2018,12,2018-12,2,Suspected and confirmed
SATUN,2019,1,2019-01,6,Suspected and confirmed
SATUN,2019,2,2019-02,6,Suspected and confirmed
SATUN,2019,3,2019-03,3,Suspected and confirmed
SATUN,2019,4,2019-04,3,Suspected and confirmed
SATUN,2019,5,2019-05,12,Suspected and confirmed
SATUN,2019,6,2019-06,7,Suspected and confirmed
SATUN,2019,7,2019-07,28,Suspected and confirmed
SATUN,2019,8,2019-08,11,Suspected and confirmed
SATUN,2019,9,2019-09,3,Suspected and confirmed
SATUN,2019,10,2019-10,2,Suspected and confirmed
SATUN,2019,11,2019-11,3,Suspected and confirmed
SATUN,2019,12,2019-12,0,Suspected and confirmed
SATUN,2020,1,2020-01,0,Suspected and confirmed
SATUN,2020,2,2020-02,1,Suspected and confirmed
SATUN,2020,3,2020-03,2,Suspected and confirmed
SATUN,2020,4,2020-04,3,Suspected and confirmed
SATUN,2020,5,2020-05,2,Suspected and confirmed
SATUN,2020,6,2020-06,5,Suspected and confirmed
SATUN,2020,7,2020-07,9,Suspected and confirmed
SATUN,2020,8,2020-08,3,Suspected and confirmed
SATUN,2020,9,2020-09,1,Suspected and confirmed
SATUN,2020,10,2020-10,0,Suspected and confirmed
SATUN,2020,11,2020-11,0,Suspected and confirmed
SATUN,2020,12,2020-12,1,Suspected and confirmed
SATUN,2021,1,2021-01,2,Suspected and confirmed
SATUN,2021,2,2021-02,0,Suspected and confirmed
SATUN,2021,3,2021-03,0,Suspected and confirmed
SATUN,2021,4,2021-04,0,Suspected and confirmed
SATUN,2021,5,2021-05,0,Suspected and confirmed
SATUN,2021,6,2021-06,1,Suspected and confirmed
SATUN,2021,7,2021-07,0,Suspected and confirmed
SATUN,2021,8,2021-08,4,Suspected and confirmed
SATUN,2021,9,2021-09,4,Suspected and confirmed
SATUN,2021,10,2021-10,5,Suspected and confirmed
SATUN,2021,11,2021-11,7,Suspected and confirmed
SATUN,2021,12,2021-12,2,Suspected and confirmed
SATUN,2022,1,2022-01,1,Suspected and confirmed
SATUN,2022,2,2022-02,0,Suspected and confirmed
SATUN,2022,3,2022-03,0,Suspected and confirmed
SATUN,2022,4,2022-04,1,Suspected and confirmed
SATUN,2022,5,2022-05,10,Suspected and confirmed
SATUN,2022,6,2022-06,11,Suspected and confirmed
SATUN,2022,7,2022-07,9,Suspected and confirmed
SATUN,2022,8,2022-08,8,Suspected and confirmed
SATUN,2022,9,2022-09,8,Suspected and confirmed
SATUN,2022,10,2022-10,5,Suspected and confirmed
SATUN,2022,11,2022-11,9,Suspected and confirmed
SATUN,2022,12,2022-12,12,Suspected and confirmed
SI SAKET,2015,1,2015-01,9,Suspected and confirmed
SI SAKET,2015,2,2015-02,5,Suspected and confirmed
SI SAKET,2015,3,2015-03,17,Suspected and confirmed
SI SAKET,2015,4,2015-04,34,Suspected and confirmed
SI SAKET,2015,5,2015-05,121,Suspected and confirmed
SI SAKET,2015,6,2015-06,247,Suspected and confirmed
SI SAKET,2015,7,2015-07,319,Suspected and confirmed
SI SAKET,2015,8,2015-08,488,Suspected and confirmed
SI SAKET,2015,9,2015-09,412,Suspected and confirmed
SI SAKET,2015,10,2015-10,284,Suspected and confirmed
SI SAKET,2015,11,2015-11,251,Suspected and confirmed
SI SAKET,2015,12,2015-12,281,Suspected and confirmed
SI SAKET,2016,1,2016-01,112,Suspected and confirmed
SI SAKET,2016,2,2016-02,69,Suspected and confirmed
SI SAKET,2016,3,2016-03,92,Suspected and confirmed
SI SAKET,2016,4,2016-04,47,Suspected and confirmed
SI SAKET,2016,5,2016-05,20,Suspected and confirmed
SI SAKET,2016,6,2016-06,60,Suspected and confirmed
SI SAKET,2016,7,2016-07,93,Suspected and confirmed
SI SAKET,2016,8,2016-08,157,Suspected and confirmed
SI SAKET,2016,9,2016-09,160,Suspected and confirmed
SI SAKET,2016,10,2016-10,105,Suspected and confirmed
SI SAKET,2016,11,2016-11,31,Suspected and confirmed
SI SAKET,2016,12,2016-12,13,Suspected and confirmed
SI SAKET,2017,1,2017-01,15,Suspected and confirmed
SI SAKET,2017,2,2017-02,9,Suspected and confirmed
SI SAKET,2017,3,2017-03,14,Suspected and confirmed
SI SAKET,2017,4,2017-04,5,Suspected and confirmed
SI SAKET,2017,5,2017-05,20,Suspected and confirmed
SI SAKET,2017,6,2017-06,106,Suspected and confirmed
SI SAKET,2017,7,2017-07,105,Suspected and confirmed
SI SAKET,2017,8,2017-08,101,Suspected and confirmed
SI SAKET,2017,9,2017-09,62,Suspected and confirmed
SI SAKET,2017,10,2017-10,43,Suspected and confirmed
SI SAKET,2017,11,2017-11,30,Suspected and confirmed
SI SAKET,2017,12,2017-12,15,Suspected and confirmed
SI SAKET,2018,1,2018-01,11,Suspected and confirmed
SI SAKET,2018,2,2018-02,8,Suspected and confirmed
SI SAKET,2018,3,2018-03,21,Suspected and confirmed
SI SAKET,2018,4,2018-04,20,Suspected and confirmed
SI SAKET,2018,5,2018-05,90,Suspected and confirmed
SI SAKET,2018,6,2018-06,283,Suspected and confirmed
SI SAKET,2018,7,2018-07,341,Suspected and confirmed
SI SAKET,2018,8,2018-08,242,Suspected and confirmed
SI SAKET,2018,9,2018-09,240,Suspected and confirmed
SI SAKET,2018,10,2018-10,106,Suspected and confirmed
SI SAKET,2018,11,2018-11,101,Suspected and confirmed
SI SAKET,2018,12,2018-12,70,Suspected and confirmed
SI SAKET,2019,1,2019-01,59,Suspected and confirmed
SI SAKET,2019,2,2019-02,39,Suspected and confirmed
SI SAKET,2019,3,2019-03,69,Suspected and confirmed
SI SAKET,2019,4,2019-04,51,Suspected and confirmed
SI SAKET,2019,5,2019-05,155,Suspected and confirmed
SI SAKET,2019,6,2019-06,451,Suspected and confirmed
SI SAKET,2019,7,2019-07,407,Suspected and confirmed
SI SAKET,2019,8,2019-08,265,Suspected and confirmed
SI SAKET,2019,9,2019-09,225,Suspected and confirmed
SI SAKET,2019,10,2019-10,154,Suspected and confirmed
SI SAKET,2019,11,2019-11,77,Suspected and confirmed
SI SAKET,2019,12,2019-12,22,Suspected and confirmed
SI SAKET,2020,1,2020-01,25,Suspected and confirmed
SI SAKET,2020,2,2020-02,15,Suspected and confirmed
SI SAKET,2020,3,2020-03,35,Suspected and confirmed
SI SAKET,2020,4,2020-04,20,Suspected and confirmed
SI SAKET,2020,5,2020-05,60,Suspected and confirmed
SI SAKET,2020,6,2020-06,111,Suspected and confirmed
SI SAKET,2020,7,2020-07,149,Suspected and confirmed
SI SAKET,2020,8,2020-08,102,Suspected and confirmed
SI SAKET,2020,9,2020-09,98,Suspected and confirmed
SI SAKET,2020,10,2020-10,36,Suspected and confirmed
SI SAKET,2020,11,2020-11,23,Suspected and confirmed
SI SAKET,2020,12,2020-12,10,Suspected and confirmed
SI SAKET,2021,1,2021-01,3,Suspected and confirmed
SI SAKET,2021,2,2021-02,5,Suspected and confirmed
SI SAKET,2021,3,2021-03,8,Suspected and confirmed
SI SAKET,2021,4,2021-04,4,Suspected and confirmed
SI SAKET,2021,5,2021-05,6,Suspected and confirmed
SI SAKET,2021,6,2021-06,9,Suspected and confirmed
SI SAKET,2021,7,2021-07,6,Suspected and confirmed
SI SAKET,2021,8,2021-08,34,Suspected and confirmed
SI SAKET,2021,9,2021-09,23,Suspected and confirmed
SI SAKET,2021,10,2021-10,25,Suspected and confirmed
SI SAKET,2021,11,2021-11,11,Suspected and confirmed
SI SAKET,2021,12,2021-12,8,Suspected and confirmed
SI SAKET,2022,1,2022-01,4,Suspected and confirmed
SI SAKET,2022,2,2022-02,5,Suspected and confirmed
SI SAKET,2022,3,2022-03,2,Suspected and confirmed
SI SAKET,2022,4,2022-04,9,Suspected and confirmed
SI SAKET,2022,5,2022-05,47,Suspected and confirmed
SI SAKET,2022,6,2022-06,197,Suspected and confirmed
SI SAKET,2022,7,2022-07,191,Suspected and confirmed
SI SAKET,2022,8,2022-08,122,Suspected and confirmed
SI SAKET,2022,9,2022-09,71,Suspected and confirmed
SI SAKET,2022,10,2022-10,37,Suspected and confirmed
SI SAKET,2022,11,2022-11,27,Suspected and confirmed
SI SAKET,2022,12,2022-12,6,Suspected and confirmed
SINGBURI,2015,1,2015-01,0,Suspected and confirmed
SINGBURI,2015,2,2015-02,0,Suspected and confirmed
SINGBURI,2015,3,2015-03,0,Suspected and confirmed
SINGBURI,2015,4,2015-04,6,Suspected and confirmed
SINGBURI,2015,5,2015-05,11,Suspected and confirmed
SINGBURI,2015,6,2015-06,3,Suspected and confirmed
SINGBURI,2015,7,2015-07,1,Suspected and confirmed
SINGBURI,2015,8,2015-08,0,Suspected and confirmed
SINGBURI,2015,9,2015-09,0,Suspected and confirmed
SINGBURI,2015,10,2015-10,0,Suspected and confirmed
SINGBURI,2015,11,2015-11,0,Suspected and confirmed
SINGBURI,2015,12,2015-12,0,Suspected and confirmed
SINGBURI,2016,1,2016-01,0,Suspected and confirmed
SINGBURI,2016,2,2016-02,0,Suspected and confirmed
SINGBURI,2016,3,2016-03,0,Suspected and confirmed
SINGBURI,2016,4,2016-04,0,Suspected and confirmed
SINGBURI,2016,5,2016-05,0,Suspected and confirmed
SINGBURI,2016,6,2016-06,0,Suspected and confirmed
SINGBURI,2016,7,2016-07,0,Suspected and confirmed
SINGBURI,2016,8,2016-08,0,Suspected and confirmed
SINGBURI,2016,9,2016-09,1,Suspected and confirmed
SINGBURI,2016,10,2016-10,0,Suspected and confirmed
SINGBURI,2016,11,2016-11,0,Suspected and confirmed
SINGBURI,2016,12,2016-12,0,Suspected and confirmed
SINGBURI,2017,1,2017-01,0,Suspected and confirmed
SINGBURI,2017,2,2017-02,1,Suspected and confirmed
SINGBURI,2017,3,2017-03,0,Suspected and confirmed
SINGBURI,2017,4,2017-04,0,Suspected and confirmed
SINGBURI,2017,5,2017-05,1,Suspected and confirmed
SINGBURI,2017,6,2017-06,2,Suspected and confirmed
SINGBURI,2017,7,2017-07,2,Suspected and confirmed
SINGBURI,2017,8,2017-08,1,Suspected and confirmed
SINGBURI,2017,9,2017-09,0,Suspected and confirmed
SINGBURI,2017,10,2017-10,0,Suspected and confirmed
SINGBURI,2017,11,2017-11,0,Suspected and confirmed
SINGBURI,2017,12,2017-12,0,Suspected and confirmed
SINGBURI,2018,1,2018-01,0,Suspected and confirmed
SINGBURI,2018,2,2018-02,0,Suspected and confirmed
SINGBURI,2018,3,2018-03,1,Suspected and confirmed
SINGBURI,2018,4,2018-04,1,Suspected and confirmed
SINGBURI,2018,5,2018-05,0,Suspected and confirmed
SINGBURI,2018,6,2018-06,3,Suspected and confirmed
SINGBURI,2018,7,2018-07,8,Suspected and confirmed
SINGBURI,2018,8,2018-08,3,Suspected and confirmed
SINGBURI,2018,9,2018-09,4,Suspected and confirmed
SINGBURI,2018,10,2018-10,10,Suspected and confirmed
SINGBURI,2018,11,2018-11,4,Suspected and confirmed
SINGBURI,2018,12,2018-12,9,Suspected and confirmed
SINGBURI,2019,1,2019-01,4,Suspected and confirmed
SINGBURI,2019,2,2019-02,12,Suspected and confirmed
SINGBURI,2019,3,2019-03,23,Suspected and confirmed
SINGBURI,2019,4,2019-04,3,Suspected and confirmed
SINGBURI,2019,5,2019-05,4,Suspected and confirmed
SINGBURI,2019,6,2019-06,42,Suspected and confirmed
SINGBURI,2019,7,2019-07,21,Suspected and confirmed
SINGBURI,2019,8,2019-08,19,Suspected and confirmed
SINGBURI,2019,9,2019-09,7,Suspected and confirmed
SINGBURI,2019,10,2019-10,12,Suspected and confirmed
SINGBURI,2019,11,2019-11,0,Suspected and confirmed
SINGBURI,2019,12,2019-12,0,Suspected and confirmed
SINGBURI,2020,1,2020-01,9,Suspected and confirmed
SINGBURI,2020,2,2020-02,12,Suspected and confirmed
SINGBURI,2020,3,2020-03,8,Suspected and confirmed
SINGBURI,2020,4,2020-04,9,Suspected and confirmed
SINGBURI,2020,5,2020-05,10,Suspected and confirmed
SINGBURI,2020,6,2020-06,23,Suspected and confirmed
SINGBURI,2020,7,2020-07,75,Suspected and confirmed
SINGBURI,2020,8,2020-08,101,Suspected and confirmed
SINGBURI,2020,9,2020-09,7,Suspected and confirmed
SINGBURI,2020,10,2020-10,1,Suspected and confirmed
SINGBURI,2020,11,2020-11,1,Suspected and confirmed
SINGBURI,2020,12,2020-12,0,Suspected and confirmed
SINGBURI,2021,1,2021-01,0,Suspected and confirmed
SINGBURI,2021,2,2021-02,0,Suspected and confirmed
SINGBURI,2021,3,2021-03,0,Suspected and confirmed
SINGBURI,2021,4,2021-04,0,Suspected and confirmed
SINGBURI,2021,5,2021-05,0,Suspected and confirmed
SINGBURI,2021,6,2021-06,0,Suspected and confirmed
SINGBURI,2021,7,2021-07,0,Suspected and confirmed
SINGBURI,2021,8,2021-08,1,Suspected and confirmed
SINGBURI,2021,9,2021-09,1,Suspected and confirmed
SINGBURI,2021,10,2021-10,0,Suspected and confirmed
SINGBURI,2021,11,2021-11,1,Suspected and confirmed
SINGBURI,2021,12,2021-12,1,Suspected and confirmed
SINGBURI,2022,1,2022-01,0,Suspected and confirmed
SINGBURI,2022,2,2022-02,0,Suspected and confirmed
SINGBURI,2022,3,2022-03,0,Suspected and confirmed
SINGBURI,2022,4,2022-04,0,Suspected and confirmed
SINGBURI,2022,5,2022-05,3,Suspected and confirmed
SINGBURI,2022,6,2022-06,13,Suspected and confirmed
SINGBURI,2022,7,2022-07,0,Suspected and confirmed
SINGBURI,2022,8,2022-08,0,Suspected and confirmed
SINGBURI,2022,9,2022-09,0,Suspected and confirmed
SINGBURI,2022,10,2022-10,1,Suspected and confirmed
SINGBURI,2022,11,2022-11,1,Suspected and confirmed
SINGBURI,2022,12,2022-12,2,Suspected and confirmed
SONGKHLA,2015,1,2015-01,26,Suspected and confirmed
SONGKHLA,2015,2,2015-02,21,Suspected and confirmed
SONGKHLA,2015,3,2015-03,8,Suspected and confirmed
SONGKHLA,2015,4,2015-04,11,Suspected and confirmed
SONGKHLA,2015,5,2015-05,22,Suspected and confirmed
SONGKHLA,2015,6,2015-06,48,Suspected and confirmed
SONGKHLA,2015,7,2015-07,67,Suspected and confirmed
SONGKHLA,2015,8,2015-08,77,Suspected and confirmed
SONGKHLA,2015,9,2015-09,103,Suspected and confirmed
SONGKHLA,2015,10,2015-10,140,Suspected and confirmed
SONGKHLA,2015,11,2015-11,135,Suspected and confirmed
SONGKHLA,2015,12,2015-12,116,Suspected and confirmed
SONGKHLA,2016,1,2016-01,83,Suspected and confirmed
SONGKHLA,2016,2,2016-02,53,Suspected and confirmed
SONGKHLA,2016,3,2016-03,41,Suspected and confirmed
SONGKHLA,2016,4,2016-04,23,Suspected and confirmed
SONGKHLA,2016,5,2016-05,15,Suspected and confirmed
SONGKHLA,2016,6,2016-06,33,Suspected and confirmed
SONGKHLA,2016,7,2016-07,69,Suspected and confirmed
SONGKHLA,2016,8,2016-08,182,Suspected and confirmed
SONGKHLA,2016,9,2016-09,328,Suspected and confirmed
SONGKHLA,2016,10,2016-10,311,Suspected and confirmed
SONGKHLA,2016,11,2016-11,286,Suspected and confirmed
SONGKHLA,2016,12,2016-12,332,Suspected and confirmed
SONGKHLA,2017,1,2017-01,317,Suspected and confirmed
SONGKHLA,2017,2,2017-02,175,Suspected and confirmed
SONGKHLA,2017,3,2017-03,104,Suspected and confirmed
SONGKHLA,2017,4,2017-04,63,Suspected and confirmed
SONGKHLA,2017,5,2017-05,77,Suspected and confirmed
SONGKHLA,2017,6,2017-06,97,Suspected and confirmed
SONGKHLA,2017,7,2017-07,57,Suspected and confirmed
SONGKHLA,2017,8,2017-08,48,Suspected and confirmed
SONGKHLA,2017,9,2017-09,38,Suspected and confirmed
SONGKHLA,2017,10,2017-10,39,Suspected and confirmed
SONGKHLA,2017,11,2017-11,45,Suspected and confirmed
SONGKHLA,2017,12,2017-12,52,Suspected and confirmed
SONGKHLA,2018,1,2018-01,40,Suspected and confirmed
SONGKHLA,2018,2,2018-02,28,Suspected and confirmed
SONGKHLA,2018,3,2018-03,38,Suspected and confirmed
SONGKHLA,2018,4,2018-04,25,Suspected and confirmed
SONGKHLA,2018,5,2018-05,55,Suspected and confirmed
SONGKHLA,2018,6,2018-06,91,Suspected and confirmed
SONGKHLA,2018,7,2018-07,116,Suspected and confirmed
SONGKHLA,2018,8,2018-08,141,Suspected and confirmed
SONGKHLA,2018,9,2018-09,106,Suspected and confirmed
SONGKHLA,2018,10,2018-10,156,Suspected and confirmed
SONGKHLA,2018,11,2018-11,218,Suspected and confirmed
SONGKHLA,2018,12,2018-12,185,Suspected and confirmed
SONGKHLA,2019,1,2019-01,114,Suspected and confirmed
SONGKHLA,2019,2,2019-02,76,Suspected and confirmed
SONGKHLA,2019,3,2019-03,50,Suspected and confirmed
SONGKHLA,2019,4,2019-04,48,Suspected and confirmed
SONGKHLA,2019,5,2019-05,109,Suspected and confirmed
SONGKHLA,2019,6,2019-06,209,Suspected and confirmed
SONGKHLA,2019,7,2019-07,222,Suspected and confirmed
SONGKHLA,2019,8,2019-08,215,Suspected and confirmed
SONGKHLA,2019,9,2019-09,188,Suspected and confirmed
SONGKHLA,2019,10,2019-10,181,Suspected and confirmed
SONGKHLA,2019,11,2019-11,180,Suspected and confirmed
SONGKHLA,2019,12,2019-12,99,Suspected and confirmed
SONGKHLA,2020,1,2020-01,70,Suspected and confirmed
SONGKHLA,2020,2,2020-02,54,Suspected and confirmed
SONGKHLA,2020,3,2020-03,24,Suspected and confirmed
SONGKHLA,2020,4,2020-04,17,Suspected and confirmed
SONGKHLA,2020,5,2020-05,38,Suspected and confirmed
SONGKHLA,2020,6,2020-06,116,Suspected and confirmed
SONGKHLA,2020,7,2020-07,108,Suspected and confirmed
SONGKHLA,2020,8,2020-08,81,Suspected and confirmed
SONGKHLA,2020,9,2020-09,36,Suspected and confirmed
SONGKHLA,2020,10,2020-10,45,Suspected and confirmed
SONGKHLA,2020,11,2020-11,24,Suspected and confirmed
SONGKHLA,2020,12,2020-12,15,Suspected and confirmed
SONGKHLA,2021,1,2021-01,10,Suspected and confirmed
SONGKHLA,2021,2,2021-02,4,Suspected and confirmed
SONGKHLA,2021,3,2021-03,8,Suspected and confirmed
SONGKHLA,2021,4,2021-04,2,Suspected and confirmed
SONGKHLA,2021,5,2021-05,7,Suspected and confirmed
SONGKHLA,2021,6,2021-06,13,Suspected and confirmed
SONGKHLA,2021,7,2021-07,9,Suspected and confirmed
SONGKHLA,2021,8,2021-08,8,Suspected and confirmed
SONGKHLA,2021,9,2021-09,8,Suspected and confirmed
SONGKHLA,2021,10,2021-10,6,Suspected and confirmed
SONGKHLA,2021,11,2021-11,9,Suspected and confirmed
SONGKHLA,2021,12,2021-12,7,Suspected and confirmed
SONGKHLA,2022,1,2022-01,5,Suspected and confirmed
SONGKHLA,2022,2,2022-02,5,Suspected and confirmed
SONGKHLA,2022,3,2022-03,1,Suspected and confirmed
SONGKHLA,2022,4,2022-04,4,Suspected and confirmed
SONGKHLA,2022,5,2022-05,9,Suspected and confirmed
SONGKHLA,2022,6,2022-06,23,Suspected and confirmed
SONGKHLA,2022,7,2022-07,22,Suspected and confirmed
SONGKHLA,2022,8,2022-08,40,Suspected and confirmed
SONGKHLA,2022,9,2022-09,36,Suspected and confirmed
SONGKHLA,2022,10,2022-10,64,Suspected and confirmed
SONGKHLA,2022,11,2022-11,112,Suspected and confirmed
SONGKHLA,2022,12,2022-12,93,Suspected and confirmed
SUKHOTHAI,2015,1,2015-01,2,Suspected and confirmed
SUKHOTHAI,2015,2,2015-02,8,Suspected and confirmed
SUKHOTHAI,2015,3,2015-03,20,Suspected and confirmed
SUKHOTHAI,2015,4,2015-04,23,Suspected and confirmed
SUKHOTHAI,2015,5,2015-05,40,Suspected and confirmed
SUKHOTHAI,2015,6,2015-06,43,Suspected and confirmed
SUKHOTHAI,2015,7,2015-07,30,Suspected and confirmed
SUKHOTHAI,2015,8,2015-08,39,Suspected and confirmed
SUKHOTHAI,2015,9,2015-09,33,Suspected and confirmed
SUKHOTHAI,2015,10,2015-10,31,Suspected and confirmed
SUKHOTHAI,2015,11,2015-11,55,Suspected and confirmed
SUKHOTHAI,2015,12,2015-12,25,Suspected and confirmed
SUKHOTHAI,2016,1,2016-01,30,Suspected and confirmed
SUKHOTHAI,2016,2,2016-02,17,Suspected and confirmed
SUKHOTHAI,2016,3,2016-03,31,Suspected and confirmed
SUKHOTHAI,2016,4,2016-04,7,Suspected and confirmed
SUKHOTHAI,2016,5,2016-05,2,Suspected and confirmed
SUKHOTHAI,2016,6,2016-06,1,Suspected and confirmed
SUKHOTHAI,2016,7,2016-07,14,Suspected and confirmed
SUKHOTHAI,2016,8,2016-08,46,Suspected and confirmed
SUKHOTHAI,2016,9,2016-09,50,Suspected and confirmed
SUKHOTHAI,2016,10,2016-10,22,Suspected and confirmed
SUKHOTHAI,2016,11,2016-11,6,Suspected and confirmed
SUKHOTHAI,2016,12,2016-12,5,Suspected and confirmed
SUKHOTHAI,2017,1,2017-01,1,Suspected and confirmed
SUKHOTHAI,2017,2,2017-02,4,Suspected and confirmed
SUKHOTHAI,2017,3,2017-03,0,Suspected and confirmed
SUKHOTHAI,2017,4,2017-04,2,Suspected and confirmed
SUKHOTHAI,2017,5,2017-05,2,Suspected and confirmed
SUKHOTHAI,2017,6,2017-06,18,Suspected and confirmed
SUKHOTHAI,2017,7,2017-07,26,Suspected and confirmed
SUKHOTHAI,2017,8,2017-08,43,Suspected and confirmed
SUKHOTHAI,2017,9,2017-09,24,Suspected and confirmed
SUKHOTHAI,2017,10,2017-10,12,Suspected and confirmed
SUKHOTHAI,2017,11,2017-11,13,Suspected and confirmed
SUKHOTHAI,2017,12,2017-12,3,Suspected and confirmed
SUKHOTHAI,2018,1,2018-01,4,Suspected and confirmed
SUKHOTHAI,2018,2,2018-02,2,Suspected and confirmed
SUKHOTHAI,2018,3,2018-03,7,Suspected and confirmed
SUKHOTHAI,2018,4,2018-04,11,Suspected and confirmed
SUKHOTHAI,2018,5,2018-05,33,Suspected and confirmed
SUKHOTHAI,2018,6,2018-06,95,Suspected and confirmed
SUKHOTHAI,2018,7,2018-07,93,Suspected and confirmed
SUKHOTHAI,2018,8,2018-08,83,Suspected and confirmed
SUKHOTHAI,2018,9,2018-09,57,Suspected and confirmed
SUKHOTHAI,2018,10,2018-10,40,Suspected and confirmed
SUKHOTHAI,2018,11,2018-11,23,Suspected and confirmed
SUKHOTHAI,2018,12,2018-12,29,Suspected and confirmed
SUKHOTHAI,2019,1,2019-01,28,Suspected and confirmed
SUKHOTHAI,2019,2,2019-02,27,Suspected and confirmed
SUKHOTHAI,2019,3,2019-03,42,Suspected and confirmed
SUKHOTHAI,2019,4,2019-04,34,Suspected and confirmed
SUKHOTHAI,2019,5,2019-05,15,Suspected and confirmed
SUKHOTHAI,2019,6,2019-06,30,Suspected and confirmed
SUKHOTHAI,2019,7,2019-07,69,Suspected and confirmed
SUKHOTHAI,2019,8,2019-08,71,Suspected and confirmed
SUKHOTHAI,2019,9,2019-09,63,Suspected and confirmed
SUKHOTHAI,2019,10,2019-10,37,Suspected and confirmed
SUKHOTHAI,2019,11,2019-11,15,Suspected and confirmed
SUKHOTHAI,2019,12,2019-12,4,Suspected and confirmed
SUKHOTHAI,2020,1,2020-01,6,Suspected and confirmed
SUKHOTHAI,2020,2,2020-02,8,Suspected and confirmed
SUKHOTHAI,2020,3,2020-03,9,Suspected and confirmed
SUKHOTHAI,2020,4,2020-04,4,Suspected and confirmed
SUKHOTHAI,2020,5,2020-05,30,Suspected and confirmed
SUKHOTHAI,2020,6,2020-06,40,Suspected and confirmed
SUKHOTHAI,2020,7,2020-07,126,Suspected and confirmed
SUKHOTHAI,2020,8,2020-08,154,Suspected and confirmed
SUKHOTHAI,2020,9,2020-09,102,Suspected and confirmed
SUKHOTHAI,2020,10,2020-10,33,Suspected and confirmed
SUKHOTHAI,2020,11,2020-11,20,Suspected and confirmed
SUKHOTHAI,2020,12,2020-12,22,Suspected and confirmed
SUKHOTHAI,2021,1,2021-01,5,Suspected and confirmed
SUKHOTHAI,2021,2,2021-02,10,Suspected and confirmed
SUKHOTHAI,2021,3,2021-03,12,Suspected and confirmed
SUKHOTHAI,2021,4,2021-04,5,Suspected and confirmed
SUKHOTHAI,2021,5,2021-05,30,Suspected and confirmed
SUKHOTHAI,2021,6,2021-06,17,Suspected and confirmed
SUKHOTHAI,2021,7,2021-07,14,Suspected and confirmed
SUKHOTHAI,2021,8,2021-08,16,Suspected and confirmed
SUKHOTHAI,2021,9,2021-09,22,Suspected and confirmed
SUKHOTHAI,2021,10,2021-10,7,Suspected and confirmed
SUKHOTHAI,2021,11,2021-11,10,Suspected and confirmed
SUKHOTHAI,2021,12,2021-12,1,Suspected and confirmed
SUKHOTHAI,2022,1,2022-01,0,Suspected and confirmed
SUKHOTHAI,2022,2,2022-02,0,Suspected and confirmed
SUKHOTHAI,2022,3,2022-03,1,Suspected and confirmed
SUKHOTHAI,2022,4,2022-04,2,Suspected and confirmed
SUKHOTHAI,2022,5,2022-05,9,Suspected and confirmed
SUKHOTHAI,2022,6,2022-06,30,Suspected and confirmed
SUKHOTHAI,2022,7,2022-07,62,Suspected and confirmed
SUKHOTHAI,2022,8,2022-08,53,Suspected and confirmed
SUKHOTHAI,2022,9,2022-09,35,Suspected and confirmed
SUKHOTHAI,2022,10,2022-10,21,Suspected and confirmed
SUKHOTHAI,2022,11,2022-11,23,Suspected and confirmed
SUKHOTHAI,2022,12,2022-12,11,Suspected and confirmed
SUPHANBURI,2015,1,2015-01,4,Suspected and confirmed
SUPHANBURI,2015,2,2015-02,5,Suspected and confirmed
SUPHANBURI,2015,3,2015-03,18,Suspected and confirmed
SUPHANBURI,2015,4,2015-04,9,Suspected and confirmed
SUPHANBURI,2015,5,2015-05,41,Suspected and confirmed
SUPHANBURI,2015,6,2015-06,37,Suspected and confirmed
SUPHANBURI,2015,7,2015-07,58,Suspected and confirmed
SUPHANBURI,2015,8,2015-08,50,Suspected and confirmed
SUPHANBURI,2015,9,2015-09,82,Suspected and confirmed
SUPHANBURI,2015,10,2015-10,73,Suspected and confirmed
SUPHANBURI,2015,11,2015-11,106,Suspected and confirmed
SUPHANBURI,2015,12,2015-12,37,Suspected and confirmed
SUPHANBURI,2016,1,2016-01,18,Suspected and confirmed
SUPHANBURI,2016,2,2016-02,10,Suspected and confirmed
SUPHANBURI,2016,3,2016-03,20,Suspected and confirmed
SUPHANBURI,2016,4,2016-04,8,Suspected and confirmed
SUPHANBURI,2016,5,2016-05,5,Suspected and confirmed
SUPHANBURI,2016,6,2016-06,3,Suspected and confirmed
SUPHANBURI,2016,7,2016-07,17,Suspected and confirmed
SUPHANBURI,2016,8,2016-08,25,Suspected and confirmed
SUPHANBURI,2016,9,2016-09,31,Suspected and confirmed
SUPHANBURI,2016,10,2016-10,9,Suspected and confirmed
SUPHANBURI,2016,11,2016-11,12,Suspected and confirmed
SUPHANBURI,2016,12,2016-12,8,Suspected and confirmed
SUPHANBURI,2017,1,2017-01,11,Suspected and confirmed
SUPHANBURI,2017,2,2017-02,12,Suspected and confirmed
SUPHANBURI,2017,3,2017-03,11,Suspected and confirmed
SUPHANBURI,2017,4,2017-04,7,Suspected and confirmed
SUPHANBURI,2017,5,2017-05,25,Suspected and confirmed
SUPHANBURI,2017,6,2017-06,31,Suspected and confirmed
SUPHANBURI,2017,7,2017-07,61,Suspected and confirmed
SUPHANBURI,2017,8,2017-08,42,Suspected and confirmed
SUPHANBURI,2017,9,2017-09,33,Suspected and confirmed
SUPHANBURI,2017,10,2017-10,29,Suspected and confirmed
SUPHANBURI,2017,11,2017-11,27,Suspected and confirmed
SUPHANBURI,2017,12,2017-12,26,Suspected and confirmed
SUPHANBURI,2018,1,2018-01,27,Suspected and confirmed
SUPHANBURI,2018,2,2018-02,9,Suspected and confirmed
SUPHANBURI,2018,3,2018-03,16,Suspected and confirmed
SUPHANBURI,2018,4,2018-04,22,Suspected and confirmed
SUPHANBURI,2018,5,2018-05,35,Suspected and confirmed
SUPHANBURI,2018,6,2018-06,71,Suspected and confirmed
SUPHANBURI,2018,7,2018-07,76,Suspected and confirmed
SUPHANBURI,2018,8,2018-08,67,Suspected and confirmed
SUPHANBURI,2018,9,2018-09,83,Suspected and confirmed
SUPHANBURI,2018,10,2018-10,100,Suspected and confirmed
SUPHANBURI,2018,11,2018-11,74,Suspected and confirmed
SUPHANBURI,2018,12,2018-12,53,Suspected and confirmed
SUPHANBURI,2019,1,2019-01,39,Suspected and confirmed
SUPHANBURI,2019,2,2019-02,22,Suspected and confirmed
SUPHANBURI,2019,3,2019-03,13,Suspected and confirmed
SUPHANBURI,2019,4,2019-04,3,Suspected and confirmed
SUPHANBURI,2019,5,2019-05,5,Suspected and confirmed
SUPHANBURI,2019,6,2019-06,24,Suspected and confirmed
SUPHANBURI,2019,7,2019-07,26,Suspected and confirmed
SUPHANBURI,2019,8,2019-08,35,Suspected and confirmed
SUPHANBURI,2019,9,2019-09,20,Suspected and confirmed
SUPHANBURI,2019,10,2019-10,46,Suspected and confirmed
SUPHANBURI,2019,11,2019-11,48,Suspected and confirmed
SUPHANBURI,2019,12,2019-12,27,Suspected and confirmed
SUPHANBURI,2020,1,2020-01,22,Suspected and confirmed
SUPHANBURI,2020,2,2020-02,17,Suspected and confirmed
SUPHANBURI,2020,3,2020-03,18,Suspected and confirmed
SUPHANBURI,2020,4,2020-04,21,Suspected and confirmed
SUPHANBURI,2020,5,2020-05,11,Suspected and confirmed
SUPHANBURI,2020,6,2020-06,12,Suspected and confirmed
SUPHANBURI,2020,7,2020-07,19,Suspected and confirmed
SUPHANBURI,2020,8,2020-08,50,Suspected and confirmed
SUPHANBURI,2020,9,2020-09,82,Suspected and confirmed
SUPHANBURI,2020,10,2020-10,60,Suspected and confirmed
SUPHANBURI,2020,11,2020-11,55,Suspected and confirmed
SUPHANBURI,2020,12,2020-12,51,Suspected and confirmed
SUPHANBURI,2021,1,2021-01,14,Suspected and confirmed
SUPHANBURI,2021,2,2021-02,19,Suspected and confirmed
SUPHANBURI,2021,3,2021-03,14,Suspected and confirmed
SUPHANBURI,2021,4,2021-04,5,Suspected and confirmed
SUPHANBURI,2021,5,2021-05,9,Suspected and confirmed
SUPHANBURI,2021,6,2021-06,11,Suspected and confirmed
SUPHANBURI,2021,7,2021-07,12,Suspected and confirmed
SUPHANBURI,2021,8,2021-08,16,Suspected and confirmed
SUPHANBURI,2021,9,2021-09,14,Suspected and confirmed
SUPHANBURI,2021,10,2021-10,28,Suspected and confirmed
SUPHANBURI,2021,11,2021-11,15,Suspected and confirmed
SUPHANBURI,2021,12,2021-12,7,Suspected and confirmed
SUPHANBURI,2022,1,2022-01,7,Suspected and confirmed
SUPHANBURI,2022,2,2022-02,7,Suspected and confirmed
SUPHANBURI,2022,3,2022-03,7,Suspected and confirmed
SUPHANBURI,2022,4,2022-04,3,Suspected and confirmed
SUPHANBURI,2022,5,2022-05,25,Suspected and confirmed
SUPHANBURI,2022,6,2022-06,31,Suspected and confirmed
SUPHANBURI,2022,7,2022-07,42,Suspected and confirmed
SUPHANBURI,2022,8,2022-08,33,Suspected and confirmed
SUPHANBURI,2022,9,2022-09,69,Suspected and confirmed
SUPHANBURI,2022,10,2022-10,79,Suspected and confirmed
SUPHANBURI,2022,11,2022-11,84,Suspected and confirmed
SUPHANBURI,2022,12,2022-12,59,Suspected and confirmed
SURAT THANI,2015,1,2015-01,29,Suspected and confirmed
SURAT THANI,2015,2,2015-02,19,Suspected and confirmed
SURAT THANI,2015,3,2015-03,22,Suspected and confirmed
SURAT THANI,2015,4,2015-04,14,Suspected and confirmed
SURAT THANI,2015,5,2015-05,16,Suspected and confirmed
SURAT THANI,2015,6,2015-06,42,Suspected and confirmed
SURAT THANI,2015,7,2015-07,51,Suspected and confirmed
SURAT THANI,2015,8,2015-08,67,Suspected and confirmed
SURAT THANI,2015,9,2015-09,60,Suspected and confirmed
SURAT THANI,2015,10,2015-10,41,Suspected and confirmed
SURAT THANI,2015,11,2015-11,71,Suspected and confirmed
SURAT THANI,2015,12,2015-12,39,Suspected and confirmed
SURAT THANI,2016,1,2016-01,39,Suspected and confirmed
SURAT THANI,2016,2,2016-02,27,Suspected and confirmed
SURAT THANI,2016,3,2016-03,24,Suspected and confirmed
SURAT THANI,2016,4,2016-04,12,Suspected and confirmed
SURAT THANI,2016,5,2016-05,7,Suspected and confirmed
SURAT THANI,2016,6,2016-06,14,Suspected and confirmed
SURAT THANI,2016,7,2016-07,30,Suspected and confirmed
SURAT THANI,2016,8,2016-08,54,Suspected and confirmed
SURAT THANI,2016,9,2016-09,88,Suspected and confirmed
SURAT THANI,2016,10,2016-10,58,Suspected and confirmed
SURAT THANI,2016,11,2016-11,53,Suspected and confirmed
SURAT THANI,2016,12,2016-12,50,Suspected and confirmed
SURAT THANI,2017,1,2017-01,71,Suspected and confirmed
SURAT THANI,2017,2,2017-02,72,Suspected and confirmed
SURAT THANI,2017,3,2017-03,76,Suspected and confirmed
SURAT THANI,2017,4,2017-04,79,Suspected and confirmed
SURAT THANI,2017,5,2017-05,74,Suspected and confirmed
SURAT THANI,2017,6,2017-06,117,Suspected and confirmed
SURAT THANI,2017,7,2017-07,63,Suspected and confirmed
SURAT THANI,2017,8,2017-08,81,Suspected and confirmed
SURAT THANI,2017,9,2017-09,75,Suspected and confirmed
SURAT THANI,2017,10,2017-10,64,Suspected and confirmed
SURAT THANI,2017,11,2017-11,70,Suspected and confirmed
SURAT THANI,2017,12,2017-12,70,Suspected and confirmed
SURAT THANI,2018,1,2018-01,57,Suspected and confirmed
SURAT THANI,2018,2,2018-02,66,Suspected and confirmed
SURAT THANI,2018,3,2018-03,55,Suspected and confirmed
SURAT THANI,2018,4,2018-04,66,Suspected and confirmed
SURAT THANI,2018,5,2018-05,160,Suspected and confirmed
SURAT THANI,2018,6,2018-06,212,Suspected and confirmed
SURAT THANI,2018,7,2018-07,119,Suspected and confirmed
SURAT THANI,2018,8,2018-08,89,Suspected and confirmed
SURAT THANI,2018,9,2018-09,58,Suspected and confirmed
SURAT THANI,2018,10,2018-10,56,Suspected and confirmed
SURAT THANI,2018,11,2018-11,53,Suspected and confirmed
SURAT THANI,2018,12,2018-12,74,Suspected and confirmed
SURAT THANI,2019,1,2019-01,41,Suspected and confirmed
SURAT THANI,2019,2,2019-02,36,Suspected and confirmed
SURAT THANI,2019,3,2019-03,37,Suspected and confirmed
SURAT THANI,2019,4,2019-04,19,Suspected and confirmed
SURAT THANI,2019,5,2019-05,16,Suspected and confirmed
SURAT THANI,2019,6,2019-06,41,Suspected and confirmed
SURAT THANI,2019,7,2019-07,57,Suspected and confirmed
SURAT THANI,2019,8,2019-08,62,Suspected and confirmed
SURAT THANI,2019,9,2019-09,65,Suspected and confirmed
SURAT THANI,2019,10,2019-10,39,Suspected and confirmed
SURAT THANI,2019,11,2019-11,28,Suspected and confirmed
SURAT THANI,2019,12,2019-12,45,Suspected and confirmed
SURAT THANI,2020,1,2020-01,45,Suspected and confirmed
SURAT THANI,2020,2,2020-02,20,Suspected and confirmed
SURAT THANI,2020,3,2020-03,8,Suspected and confirmed
SURAT THANI,2020,4,2020-04,19,Suspected and confirmed
SURAT THANI,2020,5,2020-05,26,Suspected and confirmed
SURAT THANI,2020,6,2020-06,59,Suspected and confirmed
SURAT THANI,2020,7,2020-07,78,Suspected and confirmed
SURAT THANI,2020,8,2020-08,42,Suspected and confirmed
SURAT THANI,2020,9,2020-09,24,Suspected and confirmed
SURAT THANI,2020,10,2020-10,16,Suspected and confirmed
SURAT THANI,2020,11,2020-11,12,Suspected and confirmed
SURAT THANI,2020,12,2020-12,1,Suspected and confirmed
SURAT THANI,2021,1,2021-01,4,Suspected and confirmed
SURAT THANI,2021,2,2021-02,2,Suspected and confirmed
SURAT THANI,2021,3,2021-03,0,Suspected and confirmed
SURAT THANI,2021,4,2021-04,0,Suspected and confirmed
SURAT THANI,2021,5,2021-05,1,Suspected and confirmed
SURAT THANI,2021,6,2021-06,4,Suspected and confirmed
SURAT THANI,2021,7,2021-07,1,Suspected and confirmed
SURAT THANI,2021,8,2021-08,2,Suspected and confirmed
SURAT THANI,2021,9,2021-09,0,Suspected and confirmed
SURAT THANI,2021,10,2021-10,0,Suspected and confirmed
SURAT THANI,2021,11,2021-11,2,Suspected and confirmed
SURAT THANI,2021,12,2021-12,1,Suspected and confirmed
SURAT THANI,2022,1,2022-01,0,Suspected and confirmed
SURAT THANI,2022,2,2022-02,1,Suspected and confirmed
SURAT THANI,2022,3,2022-03,2,Suspected and confirmed
SURAT THANI,2022,4,2022-04,0,Suspected and confirmed
SURAT THANI,2022,5,2022-05,5,Suspected and confirmed
SURAT THANI,2022,6,2022-06,17,Suspected and confirmed
SURAT THANI,2022,7,2022-07,8,Suspected and confirmed
SURAT THANI,2022,8,2022-08,11,Suspected and confirmed
SURAT THANI,2022,9,2022-09,19,Suspected and confirmed
SURAT THANI,2022,10,2022-10,30,Suspected and confirmed
SURAT THANI,2022,11,2022-11,36,Suspected and confirmed
SURAT THANI,2022,12,2022-12,33,Suspected and confirmed
SURIN,2015,1,2015-01,5,Suspected and confirmed
SURIN,2015,2,2015-02,2,Suspected and confirmed
SURIN,2015,3,2015-03,11,Suspected and confirmed
SURIN,2015,4,2015-04,21,Suspected and confirmed
SURIN,2015,5,2015-05,88,Suspected and confirmed
SURIN,2015,6,2015-06,142,Suspected and confirmed
SURIN,2015,7,2015-07,223,Suspected and confirmed
SURIN,2015,8,2015-08,512,Suspected and confirmed
SURIN,2015,9,2015-09,430,Suspected and confirmed
SURIN,2015,10,2015-10,240,Suspected and confirmed
SURIN,2015,11,2015-11,229,Suspected and confirmed
SURIN,2015,12,2015-12,107,Suspected and confirmed
SURIN,2016,1,2016-01,163,Suspected and confirmed
SURIN,2016,2,2016-02,109,Suspected and confirmed
SURIN,2016,3,2016-03,99,Suspected and confirmed
SURIN,2016,4,2016-04,73,Suspected and confirmed
SURIN,2016,5,2016-05,38,Suspected and confirmed
SURIN,2016,6,2016-06,133,Suspected and confirmed
SURIN,2016,7,2016-07,248,Suspected and confirmed
SURIN,2016,8,2016-08,356,Suspected and confirmed
SURIN,2016,9,2016-09,212,Suspected and confirmed
SURIN,2016,10,2016-10,152,Suspected and confirmed
SURIN,2016,11,2016-11,67,Suspected and confirmed
SURIN,2016,12,2016-12,14,Suspected and confirmed
SURIN,2017,1,2017-01,22,Suspected and confirmed
SURIN,2017,2,2017-02,11,Suspected and confirmed
SURIN,2017,3,2017-03,30,Suspected and confirmed
SURIN,2017,4,2017-04,39,Suspected and confirmed
SURIN,2017,5,2017-05,101,Suspected and confirmed
SURIN,2017,6,2017-06,241,Suspected and confirmed
SURIN,2017,7,2017-07,216,Suspected and confirmed
SURIN,2017,8,2017-08,139,Suspected and confirmed
SURIN,2017,9,2017-09,64,Suspected and confirmed
SURIN,2017,10,2017-10,30,Suspected and confirmed
SURIN,2017,11,2017-11,10,Suspected and confirmed
SURIN,2017,12,2017-12,5,Suspected and confirmed
SURIN,2018,1,2018-01,10,Suspected and confirmed
SURIN,2018,2,2018-02,5,Suspected and confirmed
SURIN,2018,3,2018-03,19,Suspected and confirmed
SURIN,2018,4,2018-04,23,Suspected and confirmed
SURIN,2018,5,2018-05,145,Suspected and confirmed
SURIN,2018,6,2018-06,277,Suspected and confirmed
SURIN,2018,7,2018-07,380,Suspected and confirmed
SURIN,2018,8,2018-08,273,Suspected and confirmed
SURIN,2018,9,2018-09,257,Suspected and confirmed
SURIN,2018,10,2018-10,117,Suspected and confirmed
SURIN,2018,11,2018-11,49,Suspected and confirmed
SURIN,2018,12,2018-12,49,Suspected and confirmed
SURIN,2019,1,2019-01,63,Suspected and confirmed
SURIN,2019,2,2019-02,74,Suspected and confirmed
SURIN,2019,3,2019-03,67,Suspected and confirmed
SURIN,2019,4,2019-04,69,Suspected and confirmed
SURIN,2019,5,2019-05,141,Suspected and confirmed
SURIN,2019,6,2019-06,495,Suspected and confirmed
SURIN,2019,7,2019-07,533,Suspected and confirmed
SURIN,2019,8,2019-08,430,Suspected and confirmed
SURIN,2019,9,2019-09,394,Suspected and confirmed
SURIN,2019,10,2019-10,232,Suspected and confirmed
SURIN,2019,11,2019-11,107,Suspected and confirmed
SURIN,2019,12,2019-12,51,Suspected and confirmed
SURIN,2020,1,2020-01,55,Suspected and confirmed
SURIN,2020,2,2020-02,32,Suspected and confirmed
SURIN,2020,3,2020-03,23,Suspected and confirmed
SURIN,2020,4,2020-04,45,Suspected and confirmed
SURIN,2020,5,2020-05,71,Suspected and confirmed
SURIN,2020,6,2020-06,174,Suspected and confirmed
SURIN,2020,7,2020-07,420,Suspected and confirmed
SURIN,2020,8,2020-08,451,Suspected and confirmed
SURIN,2020,9,2020-09,345,Suspected and confirmed
SURIN,2020,10,2020-10,120,Suspected and confirmed
SURIN,2020,11,2020-11,50,Suspected and confirmed
SURIN,2020,12,2020-12,17,Suspected and confirmed
SURIN,2021,1,2021-01,23,Suspected and confirmed
SURIN,2021,2,2021-02,10,Suspected and confirmed
SURIN,2021,3,2021-03,14,Suspected and confirmed
SURIN,2021,4,2021-04,8,Suspected and confirmed
SURIN,2021,5,2021-05,45,Suspected and confirmed
SURIN,2021,6,2021-06,88,Suspected and confirmed
SURIN,2021,7,2021-07,63,Suspected and confirmed
SURIN,2021,8,2021-08,59,Suspected and confirmed
SURIN,2021,9,2021-09,60,Suspected and confirmed
SURIN,2021,10,2021-10,20,Suspected and confirmed
SURIN,2021,11,2021-11,6,Suspected and confirmed
SURIN,2021,12,2021-12,4,Suspected and confirmed
SURIN,2022,1,2022-01,3,Suspected and confirmed
SURIN,2022,2,2022-02,6,Suspected and confirmed
SURIN,2022,3,2022-03,8,Suspected and confirmed
SURIN,2022,4,2022-04,4,Suspected and confirmed
SURIN,2022,5,2022-05,40,Suspected and confirmed
SURIN,2022,6,2022-06,87,Suspected and confirmed
SURIN,2022,7,2022-07,147,Suspected and confirmed
SURIN,2022,8,2022-08,113,Suspected and confirmed
SURIN,2022,9,2022-09,52,Suspected and confirmed
SURIN,2022,10,2022-10,23,Suspected and confirmed
SURIN,2022,11,2022-11,35,Suspected and confirmed
SURIN,2022,12,2022-12,9,Suspected and confirmed
TAK,2015,1,2015-01,12,Suspected and confirmed
TAK,2015,2,2015-02,8,Suspected and confirmed
TAK,2015,3,2015-03,16,Suspected and confirmed
TAK,2015,4,2015-04,29,Suspected and confirmed
TAK,2015,5,2015-05,114,Suspected and confirmed
TAK,2015,6,2015-06,246,Suspected and confirmed
TAK,2015,7,2015-07,296,Suspected and confirmed
TAK,2015,8,2015-08,205,Suspected and confirmed
TAK,2015,9,2015-09,157,Suspected and confirmed
TAK,2015,10,2015-10,124,Suspected and confirmed
TAK,2015,11,2015-11,136,Suspected and confirmed
TAK,2015,12,2015-12,66,Suspected and confirmed
TAK,2016,1,2016-01,26,Suspected and confirmed
TAK,2016,2,2016-02,18,Suspected and confirmed
TAK,2016,3,2016-03,20,Suspected and confirmed
TAK,2016,4,2016-04,19,Suspected and confirmed
TAK,2016,5,2016-05,19,Suspected and confirmed
TAK,2016,6,2016-06,31,Suspected and confirmed
TAK,2016,7,2016-07,58,Suspected and confirmed
TAK,2016,8,2016-08,63,Suspected and confirmed
TAK,2016,9,2016-09,43,Suspected and confirmed
TAK,2016,10,2016-10,49,Suspected and confirmed
TAK,2016,11,2016-11,39,Suspected and confirmed
TAK,2016,12,2016-12,17,Suspected and confirmed
TAK,2017,1,2017-01,4,Suspected and confirmed
TAK,2017,2,2017-02,2,Suspected and confirmed
TAK,2017,3,2017-03,7,Suspected and confirmed
TAK,2017,4,2017-04,5,Suspected and confirmed
TAK,2017,5,2017-05,50,Suspected and confirmed
TAK,2017,6,2017-06,175,Suspected and confirmed
TAK,2017,7,2017-07,213,Suspected and confirmed
TAK,2017,8,2017-08,192,Suspected and confirmed
TAK,2017,9,2017-09,104,Suspected and confirmed
TAK,2017,10,2017-10,72,Suspected and confirmed
TAK,2017,11,2017-11,44,Suspected and confirmed
TAK,2017,12,2017-12,31,Suspected and confirmed
TAK,2018,1,2018-01,14,Suspected and confirmed
TAK,2018,2,2018-02,11,Suspected and confirmed
TAK,2018,3,2018-03,16,Suspected and confirmed
TAK,2018,4,2018-04,20,Suspected and confirmed
TAK,2018,5,2018-05,73,Suspected and confirmed
TAK,2018,6,2018-06,139,Suspected and confirmed
TAK,2018,7,2018-07,192,Suspected and confirmed
TAK,2018,8,2018-08,100,Suspected and confirmed
TAK,2018,9,2018-09,75,Suspected and confirmed
TAK,2018,10,2018-10,48,Suspected and confirmed
TAK,2018,11,2018-11,48,Suspected and confirmed
TAK,2018,12,2018-12,35,Suspected and confirmed
TAK,2019,1,2019-01,11,Suspected and confirmed
TAK,2019,2,2019-02,24,Suspected and confirmed
TAK,2019,3,2019-03,21,Suspected and confirmed
TAK,2019,4,2019-04,47,Suspected and confirmed
TAK,2019,5,2019-05,65,Suspected and confirmed
TAK,2019,6,2019-06,113,Suspected and confirmed
TAK,2019,7,2019-07,268,Suspected and confirmed
TAK,2019,8,2019-08,177,Suspected and confirmed
TAK,2019,9,2019-09,78,Suspected and confirmed
TAK,2019,10,2019-10,68,Suspected and confirmed
TAK,2019,11,2019-11,48,Suspected and confirmed
TAK,2019,12,2019-12,16,Suspected and confirmed
TAK,2020,1,2020-01,17,Suspected and confirmed
TAK,2020,2,2020-02,13,Suspected and confirmed
TAK,2020,3,2020-03,7,Suspected and confirmed
TAK,2020,4,2020-04,12,Suspected and confirmed
TAK,2020,5,2020-05,42,Suspected and confirmed
TAK,2020,6,2020-06,48,Suspected and confirmed
TAK,2020,7,2020-07,135,Suspected and confirmed
TAK,2020,8,2020-08,91,Suspected and confirmed
TAK,2020,9,2020-09,70,Suspected and confirmed
TAK,2020,10,2020-10,35,Suspected and confirmed
TAK,2020,11,2020-11,27,Suspected and confirmed
TAK,2020,12,2020-12,17,Suspected and confirmed
TAK,2021,1,2021-01,6,Suspected and confirmed
TAK,2021,2,2021-02,8,Suspected and confirmed
TAK,2021,3,2021-03,13,Suspected and confirmed
TAK,2021,4,2021-04,13,Suspected and confirmed
TAK,2021,5,2021-05,51,Suspected and confirmed
TAK,2021,6,2021-06,100,Suspected and confirmed
TAK,2021,7,2021-07,56,Suspected and confirmed
TAK,2021,8,2021-08,24,Suspected and confirmed
TAK,2021,9,2021-09,10,Suspected and confirmed
TAK,2021,10,2021-10,5,Suspected and confirmed
TAK,2021,11,2021-11,14,Suspected and confirmed
TAK,2021,12,2021-12,5,Suspected and confirmed
TAK,2022,1,2022-01,9,Suspected and confirmed
TAK,2022,2,2022-02,6,Suspected and confirmed
TAK,2022,3,2022-03,10,Suspected and confirmed
TAK,2022,4,2022-04,21,Suspected and confirmed
TAK,2022,5,2022-05,75,Suspected and confirmed
TAK,2022,6,2022-06,258,Suspected and confirmed
TAK,2022,7,2022-07,218,Suspected and confirmed
TAK,2022,8,2022-08,172,Suspected and confirmed
TAK,2022,9,2022-09,163,Suspected and confirmed
TAK,2022,10,2022-10,85,Suspected and confirmed
TAK,2022,11,2022-11,67,Suspected and confirmed
TAK,2022,12,2022-12,56,Suspected and confirmed
TRAD,2015,1,2015-01,19,Suspected and confirmed
TRAD,2015,2,2015-02,13,Suspected and confirmed
TRAD,2015,3,2015-03,26,Suspected and confirmed
TRAD,2015,4,2015-04,53,Suspected and confirmed
TRAD,2015,5,2015-05,77,Suspected and confirmed
TRAD,2015,6,2015-06,146,Suspected and confirmed
TRAD,2015,7,2015-07,138,Suspected and confirmed
TRAD,2015,8,2015-08,60,Suspected and confirmed
TRAD,2015,9,2015-09,43,Suspected and confirmed
TRAD,2015,10,2015-10,31,Suspected and confirmed
TRAD,2015,11,2015-11,36,Suspected and confirmed
TRAD,2015,12,2015-12,33,Suspected and confirmed
TRAD,2016,1,2016-01,17,Suspected and confirmed
TRAD,2016,2,2016-02,19,Suspected and confirmed
TRAD,2016,3,2016-03,9,Suspected and confirmed
TRAD,2016,4,2016-04,14,Suspected and confirmed
TRAD,2016,5,2016-05,15,Suspected and confirmed
TRAD,2016,6,2016-06,18,Suspected and confirmed
TRAD,2016,7,2016-07,17,Suspected and confirmed
TRAD,2016,8,2016-08,20,Suspected and confirmed
TRAD,2016,9,2016-09,7,Suspected and confirmed
TRAD,2016,10,2016-10,4,Suspected and confirmed
TRAD,2016,11,2016-11,11,Suspected and confirmed
TRAD,2016,12,2016-12,3,Suspected and confirmed
TRAD,2017,1,2017-01,5,Suspected and confirmed
TRAD,2017,2,2017-02,2,Suspected and confirmed
TRAD,2017,3,2017-03,2,Suspected and confirmed
TRAD,2017,4,2017-04,2,Suspected and confirmed
TRAD,2017,5,2017-05,6,Suspected and confirmed
TRAD,2017,6,2017-06,13,Suspected and confirmed
TRAD,2017,7,2017-07,8,Suspected and confirmed
TRAD,2017,8,2017-08,10,Suspected and confirmed
TRAD,2017,9,2017-09,6,Suspected and confirmed
TRAD,2017,10,2017-10,7,Suspected and confirmed
TRAD,2017,11,2017-11,4,Suspected and confirmed
TRAD,2017,12,2017-12,4,Suspected and confirmed
TRAD,2018,1,2018-01,6,Suspected and confirmed
TRAD,2018,2,2018-02,9,Suspected and confirmed
TRAD,2018,3,2018-03,16,Suspected and confirmed
TRAD,2018,4,2018-04,15,Suspected and confirmed
TRAD,2018,5,2018-05,31,Suspected and confirmed
TRAD,2018,6,2018-06,56,Suspected and confirmed
TRAD,2018,7,2018-07,71,Suspected and confirmed
TRAD,2018,8,2018-08,34,Suspected and confirmed
TRAD,2018,9,2018-09,53,Suspected and confirmed
TRAD,2018,10,2018-10,38,Suspected and confirmed
TRAD,2018,11,2018-11,36,Suspected and confirmed
TRAD,2018,12,2018-12,21,Suspected and confirmed
TRAD,2019,1,2019-01,27,Suspected and confirmed
TRAD,2019,2,2019-02,19,Suspected and confirmed
TRAD,2019,3,2019-03,23,Suspected and confirmed
TRAD,2019,4,2019-04,49,Suspected and confirmed
TRAD,2019,5,2019-05,113,Suspected and confirmed
TRAD,2019,6,2019-06,120,Suspected and confirmed
TRAD,2019,7,2019-07,39,Suspected and confirmed
TRAD,2019,8,2019-08,49,Suspected and confirmed
TRAD,2019,9,2019-09,21,Suspected and confirmed
TRAD,2019,10,2019-10,16,Suspected and confirmed
TRAD,2019,11,2019-11,14,Suspected and confirmed
TRAD,2019,12,2019-12,5,Suspected and confirmed
TRAD,2020,1,2020-01,15,Suspected and confirmed
TRAD,2020,2,2020-02,11,Suspected and confirmed
TRAD,2020,3,2020-03,3,Suspected and confirmed
TRAD,2020,4,2020-04,3,Suspected and confirmed
TRAD,2020,5,2020-05,9,Suspected and confirmed
TRAD,2020,6,2020-06,23,Suspected and confirmed
TRAD,2020,7,2020-07,32,Suspected and confirmed
TRAD,2020,8,2020-08,37,Suspected and confirmed
TRAD,2020,9,2020-09,18,Suspected and confirmed
TRAD,2020,10,2020-10,5,Suspected and confirmed
TRAD,2020,11,2020-11,4,Suspected and confirmed
TRAD,2020,12,2020-12,2,Suspected and confirmed
TRAD,2021,1,2021-01,2,Suspected and confirmed
TRAD,2021,2,2021-02,0,Suspected and confirmed
TRAD,2021,3,2021-03,0,Suspected and confirmed
TRAD,2021,4,2021-04,0,Suspected and confirmed
TRAD,2021,5,2021-05,1,Suspected and confirmed
TRAD,2021,6,2021-06,0,Suspected and confirmed
TRAD,2021,7,2021-07,2,Suspected and confirmed
TRAD,2021,8,2021-08,2,Suspected and confirmed
TRAD,2021,9,2021-09,1,Suspected and confirmed
TRAD,2021,10,2021-10,1,Suspected and confirmed
TRAD,2021,11,2021-11,1,Suspected and confirmed
TRAD,2021,12,2021-12,0,Suspected and confirmed
TRAD,2022,1,2022-01,0,Suspected and confirmed
TRAD,2022,2,2022-02,0,Suspected and confirmed
TRAD,2022,3,2022-03,1,Suspected and confirmed
TRAD,2022,4,2022-04,0,Suspected and confirmed
TRAD,2022,5,2022-05,4,Suspected and confirmed
TRAD,2022,6,2022-06,4,Suspected and confirmed
TRAD,2022,7,2022-07,9,Suspected and confirmed
TRAD,2022,8,2022-08,6,Suspected and confirmed
TRAD,2022,9,2022-09,9,Suspected and confirmed
TRAD,2022,10,2022-10,13,Suspected and confirmed
TRAD,2022,11,2022-11,10,Suspected and confirmed
TRAD,2022,12,2022-12,12,Suspected and confirmed
TRANG,2015,1,2015-01,1,Suspected and confirmed
TRANG,2015,2,2015-02,3,Suspected and confirmed
TRANG,2015,3,2015-03,0,Suspected and confirmed
TRANG,2015,4,2015-04,2,Suspected and confirmed
TRANG,2015,5,2015-05,2,Suspected and confirmed
TRANG,2015,6,2015-06,7,Suspected and confirmed
TRANG,2015,7,2015-07,18,Suspected and confirmed
TRANG,2015,8,2015-08,8,Suspected and confirmed
TRANG,2015,9,2015-09,5,Suspected and confirmed
TRANG,2015,10,2015-10,5,Suspected and confirmed
TRANG,2015,11,2015-11,0,Suspected and confirmed
TRANG,2015,12,2015-12,6,Suspected and confirmed
TRANG,2016,1,2016-01,4,Suspected and confirmed
TRANG,2016,2,2016-02,6,Suspected and confirmed
TRANG,2016,3,2016-03,6,Suspected and confirmed
TRANG,2016,4,2016-04,3,Suspected and confirmed
TRANG,2016,5,2016-05,1,Suspected and confirmed
TRANG,2016,6,2016-06,10,Suspected and confirmed
TRANG,2016,7,2016-07,32,Suspected and confirmed
TRANG,2016,8,2016-08,18,Suspected and confirmed
TRANG,2016,9,2016-09,16,Suspected and confirmed
TRANG,2016,10,2016-10,7,Suspected and confirmed
TRANG,2016,11,2016-11,11,Suspected and confirmed
TRANG,2016,12,2016-12,7,Suspected and confirmed
TRANG,2017,1,2017-01,2,Suspected and confirmed
TRANG,2017,2,2017-02,2,Suspected and confirmed
TRANG,2017,3,2017-03,2,Suspected and confirmed
TRANG,2017,4,2017-04,5,Suspected and confirmed
TRANG,2017,5,2017-05,9,Suspected and confirmed
TRANG,2017,6,2017-06,17,Suspected and confirmed
TRANG,2017,7,2017-07,13,Suspected and confirmed
TRANG,2017,8,2017-08,13,Suspected and confirmed
TRANG,2017,9,2017-09,11,Suspected and confirmed
TRANG,2017,10,2017-10,12,Suspected and confirmed
TRANG,2017,11,2017-11,7,Suspected and confirmed
TRANG,2017,12,2017-12,9,Suspected and confirmed
TRANG,2018,1,2018-01,12,Suspected and confirmed
TRANG,2018,2,2018-02,5,Suspected and confirmed
TRANG,2018,3,2018-03,3,Suspected and confirmed
TRANG,2018,4,2018-04,10,Suspected and confirmed
TRANG,2018,5,2018-05,14,Suspected and confirmed
TRANG,2018,6,2018-06,17,Suspected and confirmed
TRANG,2018,7,2018-07,43,Suspected and confirmed
TRANG,2018,8,2018-08,29,Suspected and confirmed
TRANG,2018,9,2018-09,22,Suspected and confirmed
TRANG,2018,10,2018-10,21,Suspected and confirmed
TRANG,2018,11,2018-11,21,Suspected and confirmed
TRANG,2018,12,2018-12,10,Suspected and confirmed
TRANG,2019,1,2019-01,14,Suspected and confirmed
TRANG,2019,2,2019-02,19,Suspected and confirmed
TRANG,2019,3,2019-03,9,Suspected and confirmed
TRANG,2019,4,2019-04,8,Suspected and confirmed
TRANG,2019,5,2019-05,33,Suspected and confirmed
TRANG,2019,6,2019-06,47,Suspected and confirmed
TRANG,2019,7,2019-07,52,Suspected and confirmed
TRANG,2019,8,2019-08,49,Suspected and confirmed
TRANG,2019,9,2019-09,33,Suspected and confirmed
TRANG,2019,10,2019-10,11,Suspected and confirmed
TRANG,2019,11,2019-11,7,Suspected and confirmed
TRANG,2019,12,2019-12,8,Suspected and confirmed
TRANG,2020,1,2020-01,9,Suspected and confirmed
TRANG,2020,2,2020-02,6,Suspected and confirmed
TRANG,2020,3,2020-03,1,Suspected and confirmed
TRANG,2020,4,2020-04,9,Suspected and confirmed
TRANG,2020,5,2020-05,7,Suspected and confirmed
TRANG,2020,6,2020-06,19,Suspected and confirmed
TRANG,2020,7,2020-07,23,Suspected and confirmed
TRANG,2020,8,2020-08,21,Suspected and confirmed
TRANG,2020,9,2020-09,12,Suspected and confirmed
TRANG,2020,10,2020-10,6,Suspected and confirmed
TRANG,2020,11,2020-11,5,Suspected and confirmed
TRANG,2020,12,2020-12,2,Suspected and confirmed
TRANG,2021,1,2021-01,2,Suspected and confirmed
TRANG,2021,2,2021-02,1,Suspected and confirmed
TRANG,2021,3,2021-03,2,Suspected and confirmed
TRANG,2021,4,2021-04,0,Suspected and confirmed
TRANG,2021,5,2021-05,0,Suspected and confirmed
TRANG,2021,6,2021-06,5,Suspected and confirmed
TRANG,2021,7,2021-07,3,Suspected and confirmed
TRANG,2021,8,2021-08,2,Suspected and confirmed
TRANG,2021,9,2021-09,2,Suspected and confirmed
TRANG,2021,10,2021-10,6,Suspected and confirmed
TRANG,2021,11,2021-11,7,Suspected and confirmed
TRANG,2021,12,2021-12,2,Suspected and confirmed
TRANG,2022,1,2022-01,2,Suspected and confirmed
TRANG,2022,2,2022-02,1,Suspected and confirmed
TRANG,2022,3,2022-03,1,Suspected and confirmed
TRANG,2022,4,2022-04,13,Suspected and confirmed
TRANG,2022,5,2022-05,20,Suspected and confirmed
TRANG,2022,6,2022-06,16,Suspected and confirmed
TRANG,2022,7,2022-07,25,Suspected and confirmed
TRANG,2022,8,2022-08,32,Suspected and confirmed
TRANG,2022,9,2022-09,18,Suspected and confirmed
TRANG,2022,10,2022-10,13,Suspected and confirmed
TRANG,2022,11,2022-11,24,Suspected and confirmed
TRANG,2022,12,2022-12,22,Suspected and confirmed
UBON RATCHATHANI,2015,1,2015-01,6,Suspected and confirmed
UBON RATCHATHANI,2015,2,2015-02,7,Suspected and confirmed
UBON RATCHATHANI,2015,3,2015-03,27,Suspected and confirmed
UBON RATCHATHANI,2015,4,2015-04,54,Suspected and confirmed
UBON RATCHATHANI,2015,5,2015-05,134,Suspected and confirmed
UBON RATCHATHANI,2015,6,2015-06,340,Suspected and confirmed
UBON RATCHATHANI,2015,7,2015-07,548,Suspected and confirmed
UBON RATCHATHANI,2015,8,2015-08,699,Suspected and confirmed
UBON RATCHATHANI,2015,9,2015-09,463,Suspected and confirmed
UBON RATCHATHANI,2015,10,2015-10,307,Suspected and confirmed
UBON RATCHATHANI,2015,11,2015-11,238,Suspected and confirmed
UBON RATCHATHANI,2015,12,2015-12,99,Suspected and confirmed
UBON RATCHATHANI,2016,1,2016-01,136,Suspected and confirmed
UBON RATCHATHANI,2016,2,2016-02,102,Suspected and confirmed
UBON RATCHATHANI,2016,3,2016-03,131,Suspected and confirmed
UBON RATCHATHANI,2016,4,2016-04,81,Suspected and confirmed
UBON RATCHATHANI,2016,5,2016-05,60,Suspected and confirmed
UBON RATCHATHANI,2016,6,2016-06,132,Suspected and confirmed
UBON RATCHATHANI,2016,7,2016-07,203,Suspected and confirmed
UBON RATCHATHANI,2016,8,2016-08,221,Suspected and confirmed
UBON RATCHATHANI,2016,9,2016-09,120,Suspected and confirmed
UBON RATCHATHANI,2016,10,2016-10,82,Suspected and confirmed
UBON RATCHATHANI,2016,11,2016-11,38,Suspected and confirmed
UBON RATCHATHANI,2016,12,2016-12,10,Suspected and confirmed
UBON RATCHATHANI,2017,1,2017-01,7,Suspected and confirmed
UBON RATCHATHANI,2017,2,2017-02,15,Suspected and confirmed
UBON RATCHATHANI,2017,3,2017-03,18,Suspected and confirmed
UBON RATCHATHANI,2017,4,2017-04,12,Suspected and confirmed
UBON RATCHATHANI,2017,5,2017-05,55,Suspected and confirmed
UBON RATCHATHANI,2017,6,2017-06,106,Suspected and confirmed
UBON RATCHATHANI,2017,7,2017-07,138,Suspected and confirmed
UBON RATCHATHANI,2017,8,2017-08,81,Suspected and confirmed
UBON RATCHATHANI,2017,9,2017-09,55,Suspected and confirmed
UBON RATCHATHANI,2017,10,2017-10,29,Suspected and confirmed
UBON RATCHATHANI,2017,11,2017-11,7,Suspected and confirmed
UBON RATCHATHANI,2017,12,2017-12,5,Suspected and confirmed
UBON RATCHATHANI,2018,1,2018-01,6,Suspected and confirmed
UBON RATCHATHANI,2018,2,2018-02,16,Suspected and confirmed
UBON RATCHATHANI,2018,3,2018-03,29,Suspected and confirmed
UBON RATCHATHANI,2018,4,2018-04,51,Suspected and confirmed
UBON RATCHATHANI,2018,5,2018-05,282,Suspected and confirmed
UBON RATCHATHANI,2018,6,2018-06,406,Suspected and confirmed
UBON RATCHATHANI,2018,7,2018-07,333,Suspected and confirmed
UBON RATCHATHANI,2018,8,2018-08,161,Suspected and confirmed
UBON RATCHATHANI,2018,9,2018-09,75,Suspected and confirmed
UBON RATCHATHANI,2018,10,2018-10,38,Suspected and confirmed
UBON RATCHATHANI,2018,11,2018-11,36,Suspected and confirmed
UBON RATCHATHANI,2018,12,2018-12,44,Suspected and confirmed
UBON RATCHATHANI,2019,1,2019-01,85,Suspected and confirmed
UBON RATCHATHANI,2019,2,2019-02,100,Suspected and confirmed
UBON RATCHATHANI,2019,3,2019-03,208,Suspected and confirmed
UBON RATCHATHANI,2019,4,2019-04,223,Suspected and confirmed
UBON RATCHATHANI,2019,5,2019-05,817,Suspected and confirmed
UBON RATCHATHANI,2019,6,2019-06,1709,Suspected and confirmed
UBON RATCHATHANI,2019,7,2019-07,1215,Suspected and confirmed
UBON RATCHATHANI,2019,8,2019-08,870,Suspected and confirmed
UBON RATCHATHANI,2019,9,2019-09,477,Suspected and confirmed
UBON RATCHATHANI,2019,10,2019-10,209,Suspected and confirmed
UBON RATCHATHANI,2019,11,2019-11,112,Suspected and confirmed
UBON RATCHATHANI,2019,12,2019-12,48,Suspected and confirmed
UBON RATCHATHANI,2020,1,2020-01,66,Suspected and confirmed
UBON RATCHATHANI,2020,2,2020-02,119,Suspected and confirmed
UBON RATCHATHANI,2020,3,2020-03,75,Suspected and confirmed
UBON RATCHATHANI,2020,4,2020-04,137,Suspected and confirmed
UBON RATCHATHANI,2020,5,2020-05,235,Suspected and confirmed
UBON RATCHATHANI,2020,6,2020-06,401,Suspected and confirmed
UBON RATCHATHANI,2020,7,2020-07,455,Suspected and confirmed
UBON RATCHATHANI,2020,8,2020-08,301,Suspected and confirmed
UBON RATCHATHANI,2020,9,2020-09,163,Suspected and confirmed
UBON RATCHATHANI,2020,10,2020-10,65,Suspected and confirmed
UBON RATCHATHANI,2020,11,2020-11,21,Suspected and confirmed
UBON RATCHATHANI,2020,12,2020-12,23,Suspected and confirmed
UBON RATCHATHANI,2021,1,2021-01,10,Suspected and confirmed
UBON RATCHATHANI,2021,2,2021-02,13,Suspected and confirmed
UBON RATCHATHANI,2021,3,2021-03,13,Suspected and confirmed
UBON RATCHATHANI,2021,4,2021-04,11,Suspected and confirmed
UBON RATCHATHANI,2021,5,2021-05,18,Suspected and confirmed
UBON RATCHATHANI,2021,6,2021-06,38,Suspected and confirmed
UBON RATCHATHANI,2021,7,2021-07,28,Suspected and confirmed
UBON RATCHATHANI,2021,8,2021-08,18,Suspected and confirmed
UBON RATCHATHANI,2021,9,2021-09,25,Suspected and confirmed
UBON RATCHATHANI,2021,10,2021-10,8,Suspected and confirmed
UBON RATCHATHANI,2021,11,2021-11,4,Suspected and confirmed
UBON RATCHATHANI,2021,12,2021-12,2,Suspected and confirmed
UBON RATCHATHANI,2022,1,2022-01,4,Suspected and confirmed
UBON RATCHATHANI,2022,2,2022-02,2,Suspected and confirmed
UBON RATCHATHANI,2022,3,2022-03,9,Suspected and confirmed
UBON RATCHATHANI,2022,4,2022-04,10,Suspected and confirmed
UBON RATCHATHANI,2022,5,2022-05,62,Suspected and confirmed
UBON RATCHATHANI,2022,6,2022-06,170,Suspected and confirmed
UBON RATCHATHANI,2022,7,2022-07,272,Suspected and confirmed
UBON RATCHATHANI,2022,8,2022-08,184,Suspected and confirmed
UBON RATCHATHANI,2022,9,2022-09,92,Suspected and confirmed
UBON RATCHATHANI,2022,10,2022-10,64,Suspected and confirmed
UBON RATCHATHANI,2022,11,2022-11,53,Suspected and confirmed
UBON RATCHATHANI,2022,12,2022-12,28,Suspected and confirmed
UDON THANI,2015,1,2015-01,2,Suspected and confirmed
UDON THANI,2015,2,2015-02,0,Suspected and confirmed
UDON THANI,2015,3,2015-03,2,Suspected and confirmed
UDON THANI,2015,4,2015-04,1,Suspected and confirmed
UDON THANI,2015,5,2015-05,5,Suspected and confirmed
UDON THANI,2015,6,2015-06,11,Suspected and confirmed
UDON THANI,2015,7,2015-07,6,Suspected and confirmed
UDON THANI,2015,8,2015-08,18,Suspected and confirmed
UDON THANI,2015,9,2015-09,21,Suspected and confirmed
UDON THANI,2015,10,2015-10,11,Suspected and confirmed
UDON THANI,2015,11,2015-11,25,Suspected and confirmed
UDON THANI,2015,12,2015-12,4,Suspected and confirmed
UDON THANI,2016,1,2016-01,3,Suspected and confirmed
UDON THANI,2016,2,2016-02,5,Suspected and confirmed
UDON THANI,2016,3,2016-03,5,Suspected and confirmed
UDON THANI,2016,4,2016-04,2,Suspected and confirmed
UDON THANI,2016,5,2016-05,3,Suspected and confirmed
UDON THANI,2016,6,2016-06,6,Suspected and confirmed
UDON THANI,2016,7,2016-07,10,Suspected and confirmed
UDON THANI,2016,8,2016-08,13,Suspected and confirmed
UDON THANI,2016,9,2016-09,7,Suspected and confirmed
UDON THANI,2016,10,2016-10,8,Suspected and confirmed
UDON THANI,2016,11,2016-11,4,Suspected and confirmed
UDON THANI,2016,12,2016-12,1,Suspected and confirmed
UDON THANI,2017,1,2017-01,2,Suspected and confirmed
UDON THANI,2017,2,2017-02,0,Suspected and confirmed
UDON THANI,2017,3,2017-03,2,Suspected and confirmed
UDON THANI,2017,4,2017-04,4,Suspected and confirmed
UDON THANI,2017,5,2017-05,14,Suspected and confirmed
UDON THANI,2017,6,2017-06,27,Suspected and confirmed
UDON THANI,2017,7,2017-07,36,Suspected and confirmed
UDON THANI,2017,8,2017-08,22,Suspected and confirmed
UDON THANI,2017,9,2017-09,13,Suspected and confirmed
UDON THANI,2017,10,2017-10,2,Suspected and confirmed
UDON THANI,2017,11,2017-11,4,Suspected and confirmed
UDON THANI,2017,12,2017-12,1,Suspected and confirmed
UDON THANI,2018,1,2018-01,0,Suspected and confirmed
UDON THANI,2018,2,2018-02,1,Suspected and confirmed
UDON THANI,2018,3,2018-03,0,Suspected and confirmed
UDON THANI,2018,4,2018-04,3,Suspected and confirmed
UDON THANI,2018,5,2018-05,30,Suspected and confirmed
UDON THANI,2018,6,2018-06,84,Suspected and confirmed
UDON THANI,2018,7,2018-07,31,Suspected and confirmed
UDON THANI,2018,8,2018-08,22,Suspected and confirmed
UDON THANI,2018,9,2018-09,16,Suspected and confirmed
UDON THANI,2018,10,2018-10,11,Suspected and confirmed
UDON THANI,2018,11,2018-11,13,Suspected and confirmed
UDON THANI,2018,12,2018-12,9,Suspected and confirmed
UDON THANI,2019,1,2019-01,34,Suspected and confirmed
UDON THANI,2019,2,2019-02,42,Suspected and confirmed
UDON THANI,2019,3,2019-03,80,Suspected and confirmed
UDON THANI,2019,4,2019-04,67,Suspected and confirmed
UDON THANI,2019,5,2019-05,76,Suspected and confirmed
UDON THANI,2019,6,2019-06,261,Suspected and confirmed
UDON THANI,2019,7,2019-07,339,Suspected and confirmed
UDON THANI,2019,8,2019-08,161,Suspected and confirmed
UDON THANI,2019,9,2019-09,54,Suspected and confirmed
UDON THANI,2019,10,2019-10,32,Suspected and confirmed
UDON THANI,2019,11,2019-11,13,Suspected and confirmed
UDON THANI,2019,12,2019-12,8,Suspected and confirmed
UDON THANI,2020,1,2020-01,15,Suspected and confirmed
UDON THANI,2020,2,2020-02,7,Suspected and confirmed
UDON THANI,2020,3,2020-03,10,Suspected and confirmed
UDON THANI,2020,4,2020-04,22,Suspected and confirmed
UDON THANI,2020,5,2020-05,24,Suspected and confirmed
UDON THANI,2020,6,2020-06,28,Suspected and confirmed
UDON THANI,2020,7,2020-07,291,Suspected and confirmed
UDON THANI,2020,8,2020-08,177,Suspected and confirmed
UDON THANI,2020,9,2020-09,88,Suspected and confirmed
UDON THANI,2020,10,2020-10,16,Suspected and confirmed
UDON THANI,2020,11,2020-11,9,Suspected and confirmed
UDON THANI,2020,12,2020-12,1,Suspected and confirmed
UDON THANI,2021,1,2021-01,2,Suspected and confirmed
UDON THANI,2021,2,2021-02,0,Suspected and confirmed
UDON THANI,2021,3,2021-03,0,Suspected and confirmed
UDON THANI,2021,4,2021-04,1,Suspected and confirmed
UDON THANI,2021,5,2021-05,0,Suspected and confirmed
UDON THANI,2021,6,2021-06,0,Suspected and confirmed
UDON THANI,2021,7,2021-07,1,Suspected and confirmed
UDON THANI,2021,8,2021-08,0,Suspected and confirmed
UDON THANI,2021,9,2021-09,0,Suspected and confirmed
UDON THANI,2021,10,2021-10,2,Suspected and confirmed
UDON THANI,2021,11,2021-11,0,Suspected and confirmed
UDON THANI,2021,12,2021-12,0,Suspected and confirmed
UDON THANI,2022,1,2022-01,1,Suspected and confirmed
UDON THANI,2022,2,2022-02,0,Suspected and confirmed
UDON THANI,2022,3,2022-03,0,Suspected and confirmed
UDON THANI,2022,4,2022-04,0,Suspected and confirmed
UDON THANI,2022,5,2022-05,8,Suspected and confirmed
UDON THANI,2022,6,2022-06,49,Suspected and confirmed
UDON THANI,2022,7,2022-07,40,Suspected and confirmed
UDON THANI,2022,8,2022-08,101,Suspected and confirmed
UDON THANI,2022,9,2022-09,21,Suspected and confirmed
UDON THANI,2022,10,2022-10,0,Suspected and confirmed
UDON THANI,2022,11,2022-11,0,Suspected and confirmed
UDON THANI,2022,12,2022-12,1,Suspected and confirmed
UTHAI THANI,2015,1,2015-01,9,Suspected and confirmed
UTHAI THANI,2015,2,2015-02,5,Suspected and confirmed
UTHAI THANI,2015,3,2015-03,4,Suspected and confirmed
UTHAI THANI,2015,4,2015-04,27,Suspected and confirmed
UTHAI THANI,2015,5,2015-05,76,Suspected and confirmed
UTHAI THANI,2015,6,2015-06,101,Suspected and confirmed
UTHAI THANI,2015,7,2015-07,172,Suspected and confirmed
UTHAI THANI,2015,8,2015-08,230,Suspected and confirmed
UTHAI THANI,2015,9,2015-09,235,Suspected and confirmed
UTHAI THANI,2015,10,2015-10,165,Suspected and confirmed
UTHAI THANI,2015,11,2015-11,138,Suspected and confirmed
UTHAI THANI,2015,12,2015-12,46,Suspected and confirmed
UTHAI THANI,2016,1,2016-01,26,Suspected and confirmed
UTHAI THANI,2016,2,2016-02,14,Suspected and confirmed
UTHAI THANI,2016,3,2016-03,20,Suspected and confirmed
UTHAI THANI,2016,4,2016-04,8,Suspected and confirmed
UTHAI THANI,2016,5,2016-05,3,Suspected and confirmed
UTHAI THANI,2016,6,2016-06,5,Suspected and confirmed
UTHAI THANI,2016,7,2016-07,10,Suspected and confirmed
UTHAI THANI,2016,8,2016-08,7,Suspected and confirmed
UTHAI THANI,2016,9,2016-09,14,Suspected and confirmed
UTHAI THANI,2016,10,2016-10,11,Suspected and confirmed
UTHAI THANI,2016,11,2016-11,7,Suspected and confirmed
UTHAI THANI,2016,12,2016-12,4,Suspected and confirmed
UTHAI THANI,2017,1,2017-01,1,Suspected and confirmed
UTHAI THANI,2017,2,2017-02,0,Suspected and confirmed
UTHAI THANI,2017,3,2017-03,0,Suspected and confirmed
UTHAI THANI,2017,4,2017-04,0,Suspected and confirmed
UTHAI THANI,2017,5,2017-05,2,Suspected and confirmed
UTHAI THANI,2017,6,2017-06,9,Suspected and confirmed
UTHAI THANI,2017,7,2017-07,14,Suspected and confirmed
UTHAI THANI,2017,8,2017-08,13,Suspected and confirmed
UTHAI THANI,2017,9,2017-09,12,Suspected and confirmed
UTHAI THANI,2017,10,2017-10,13,Suspected and confirmed
UTHAI THANI,2017,11,2017-11,6,Suspected and confirmed
UTHAI THANI,2017,12,2017-12,11,Suspected and confirmed
UTHAI THANI,2018,1,2018-01,4,Suspected and confirmed
UTHAI THANI,2018,2,2018-02,4,Suspected and confirmed
UTHAI THANI,2018,3,2018-03,4,Suspected and confirmed
UTHAI THANI,2018,4,2018-04,13,Suspected and confirmed
UTHAI THANI,2018,5,2018-05,46,Suspected and confirmed
UTHAI THANI,2018,6,2018-06,101,Suspected and confirmed
UTHAI THANI,2018,7,2018-07,86,Suspected and confirmed
UTHAI THANI,2018,8,2018-08,29,Suspected and confirmed
UTHAI THANI,2018,9,2018-09,15,Suspected and confirmed
UTHAI THANI,2018,10,2018-10,31,Suspected and confirmed
UTHAI THANI,2018,11,2018-11,30,Suspected and confirmed
UTHAI THANI,2018,12,2018-12,17,Suspected and confirmed
UTHAI THANI,2019,1,2019-01,11,Suspected and confirmed
UTHAI THANI,2019,2,2019-02,23,Suspected and confirmed
UTHAI THANI,2019,3,2019-03,16,Suspected and confirmed
UTHAI THANI,2019,4,2019-04,14,Suspected and confirmed
UTHAI THANI,2019,5,2019-05,12,Suspected and confirmed
UTHAI THANI,2019,6,2019-06,41,Suspected and confirmed
UTHAI THANI,2019,7,2019-07,84,Suspected and confirmed
UTHAI THANI,2019,8,2019-08,46,Suspected and confirmed
UTHAI THANI,2019,9,2019-09,47,Suspected and confirmed
UTHAI THANI,2019,10,2019-10,45,Suspected and confirmed
UTHAI THANI,2019,11,2019-11,20,Suspected and confirmed
UTHAI THANI,2019,12,2019-12,16,Suspected and confirmed
UTHAI THANI,2020,1,2020-01,14,Suspected and confirmed
UTHAI THANI,2020,2,2020-02,7,Suspected and confirmed
UTHAI THANI,2020,3,2020-03,10,Suspected and confirmed
UTHAI THANI,2020,4,2020-04,0,Suspected and confirmed
UTHAI THANI,2020,5,2020-05,1,Suspected and confirmed
UTHAI THANI,2020,6,2020-06,17,Suspected and confirmed
UTHAI THANI,2020,7,2020-07,42,Suspected and confirmed
UTHAI THANI,2020,8,2020-08,39,Suspected and confirmed
UTHAI THANI,2020,9,2020-09,34,Suspected and confirmed
UTHAI THANI,2020,10,2020-10,12,Suspected and confirmed
UTHAI THANI,2020,11,2020-11,7,Suspected and confirmed
UTHAI THANI,2020,12,2020-12,5,Suspected and confirmed
UTHAI THANI,2021,1,2021-01,1,Suspected and confirmed
UTHAI THANI,2021,2,2021-02,0,Suspected and confirmed
UTHAI THANI,2021,3,2021-03,0,Suspected and confirmed
UTHAI THANI,2021,4,2021-04,3,Suspected and confirmed
UTHAI THANI,2021,5,2021-05,12,Suspected and confirmed
UTHAI THANI,2021,6,2021-06,7,Suspected and confirmed
UTHAI THANI,2021,7,2021-07,2,Suspected and confirmed
UTHAI THANI,2021,8,2021-08,5,Suspected and confirmed
UTHAI THANI,2021,9,2021-09,3,Suspected and confirmed
UTHAI THANI,2021,10,2021-10,5,Suspected and confirmed
UTHAI THANI,2021,11,2021-11,2,Suspected and confirmed
UTHAI THANI,2021,12,2021-12,0,Suspected and confirmed
UTHAI THANI,2022,1,2022-01,2,Suspected and confirmed
UTHAI THANI,2022,2,2022-02,0,Suspected and confirmed
UTHAI THANI,2022,3,2022-03,0,Suspected and confirmed
UTHAI THANI,2022,4,2022-04,1,Suspected and confirmed
UTHAI THANI,2022,5,2022-05,0,Suspected and confirmed
UTHAI THANI,2022,6,2022-06,7,Suspected and confirmed
UTHAI THANI,2022,7,2022-07,13,Suspected and confirmed
UTHAI THANI,2022,8,2022-08,24,Suspected and confirmed
UTHAI THANI,2022,9,2022-09,10,Suspected and confirmed
UTHAI THANI,2022,10,2022-10,9,Suspected and confirmed
UTHAI THANI,2022,11,2022-11,15,Suspected and confirmed
UTHAI THANI,2022,12,2022-12,9,Suspected and confirmed
UTTARADIT,2015,1,2015-01,2,Suspected and confirmed
UTTARADIT,2015,2,2015-02,0,Suspected and confirmed
UTTARADIT,2015,3,2015-03,0,Suspected and confirmed
UTTARADIT,2015,4,2015-04,3,Suspected and confirmed
UTTARADIT,2015,5,2015-05,5,Suspected and confirmed
UTTARADIT,2015,6,2015-06,14,Suspected and confirmed
UTTARADIT,2015,7,2015-07,33,Suspected and confirmed
UTTARADIT,2015,8,2015-08,59,Suspected and confirmed
UTTARADIT,2015,9,2015-09,73,Suspected and confirmed
UTTARADIT,2015,10,2015-10,30,Suspected and confirmed
UTTARADIT,2015,11,2015-11,30,Suspected and confirmed
UTTARADIT,2015,12,2015-12,14,Suspected and confirmed
UTTARADIT,2016,1,2016-01,13,Suspected and confirmed
UTTARADIT,2016,2,2016-02,6,Suspected and confirmed
UTTARADIT,2016,3,2016-03,22,Suspected and confirmed
UTTARADIT,2016,4,2016-04,11,Suspected and confirmed
UTTARADIT,2016,5,2016-05,12,Suspected and confirmed
UTTARADIT,2016,6,2016-06,12,Suspected and confirmed
UTTARADIT,2016,7,2016-07,37,Suspected and confirmed
UTTARADIT,2016,8,2016-08,46,Suspected and confirmed
UTTARADIT,2016,9,2016-09,36,Suspected and confirmed
UTTARADIT,2016,10,2016-10,7,Suspected and confirmed
UTTARADIT,2016,11,2016-11,6,Suspected and confirmed
UTTARADIT,2016,12,2016-12,1,Suspected and confirmed
UTTARADIT,2017,1,2017-01,2,Suspected and confirmed
UTTARADIT,2017,2,2017-02,7,Suspected and confirmed
UTTARADIT,2017,3,2017-03,4,Suspected and confirmed
UTTARADIT,2017,4,2017-04,2,Suspected and confirmed
UTTARADIT,2017,5,2017-05,27,Suspected and confirmed
UTTARADIT,2017,6,2017-06,30,Suspected and confirmed
UTTARADIT,2017,7,2017-07,47,Suspected and confirmed
UTTARADIT,2017,8,2017-08,52,Suspected and confirmed
UTTARADIT,2017,9,2017-09,22,Suspected and confirmed
UTTARADIT,2017,10,2017-10,11,Suspected and confirmed
UTTARADIT,2017,11,2017-11,3,Suspected and confirmed
UTTARADIT,2017,12,2017-12,3,Suspected and confirmed
UTTARADIT,2018,1,2018-01,0,Suspected and confirmed
UTTARADIT,2018,2,2018-02,3,Suspected and confirmed
UTTARADIT,2018,3,2018-03,3,Suspected and confirmed
UTTARADIT,2018,4,2018-04,9,Suspected and confirmed
UTTARADIT,2018,5,2018-05,35,Suspected and confirmed
UTTARADIT,2018,6,2018-06,38,Suspected and confirmed
UTTARADIT,2018,7,2018-07,53,Suspected and confirmed
UTTARADIT,2018,8,2018-08,42,Suspected and confirmed
UTTARADIT,2018,9,2018-09,20,Suspected and confirmed
UTTARADIT,2018,10,2018-10,14,Suspected and confirmed
UTTARADIT,2018,11,2018-11,9,Suspected and confirmed
UTTARADIT,2018,12,2018-12,5,Suspected and confirmed
UTTARADIT,2019,1,2019-01,10,Suspected and confirmed
UTTARADIT,2019,2,2019-02,7,Suspected and confirmed
UTTARADIT,2019,3,2019-03,10,Suspected and confirmed
UTTARADIT,2019,4,2019-04,46,Suspected and confirmed
UTTARADIT,2019,5,2019-05,25,Suspected and confirmed
UTTARADIT,2019,6,2019-06,74,Suspected and confirmed
UTTARADIT,2019,7,2019-07,171,Suspected and confirmed
UTTARADIT,2019,8,2019-08,67,Suspected and confirmed
UTTARADIT,2019,9,2019-09,54,Suspected and confirmed
UTTARADIT,2019,10,2019-10,36,Suspected and confirmed
UTTARADIT,2019,11,2019-11,22,Suspected and confirmed
UTTARADIT,2019,12,2019-12,17,Suspected and confirmed
UTTARADIT,2020,1,2020-01,6,Suspected and confirmed
UTTARADIT,2020,2,2020-02,9,Suspected and confirmed
UTTARADIT,2020,3,2020-03,13,Suspected and confirmed
UTTARADIT,2020,4,2020-04,22,Suspected and confirmed
UTTARADIT,2020,5,2020-05,47,Suspected and confirmed
UTTARADIT,2020,6,2020-06,54,Suspected and confirmed
UTTARADIT,2020,7,2020-07,124,Suspected and confirmed
UTTARADIT,2020,8,2020-08,136,Suspected and confirmed
UTTARADIT,2020,9,2020-09,69,Suspected and confirmed
UTTARADIT,2020,10,2020-10,34,Suspected and confirmed
UTTARADIT,2020,11,2020-11,24,Suspected and confirmed
UTTARADIT,2020,12,2020-12,15,Suspected and confirmed
UTTARADIT,2021,1,2021-01,8,Suspected and confirmed
UTTARADIT,2021,2,2021-02,5,Suspected and confirmed
UTTARADIT,2021,3,2021-03,6,Suspected and confirmed
UTTARADIT,2021,4,2021-04,8,Suspected and confirmed
UTTARADIT,2021,5,2021-05,29,Suspected and confirmed
UTTARADIT,2021,6,2021-06,42,Suspected and confirmed
UTTARADIT,2021,7,2021-07,18,Suspected and confirmed
UTTARADIT,2021,8,2021-08,24,Suspected and confirmed
UTTARADIT,2021,9,2021-09,20,Suspected and confirmed
UTTARADIT,2021,10,2021-10,7,Suspected and confirmed
UTTARADIT,2021,11,2021-11,3,Suspected and confirmed
UTTARADIT,2021,12,2021-12,0,Suspected and confirmed
UTTARADIT,2022,1,2022-01,0,Suspected and confirmed
UTTARADIT,2022,2,2022-02,0,Suspected and confirmed
UTTARADIT,2022,3,2022-03,0,Suspected and confirmed
UTTARADIT,2022,4,2022-04,2,Suspected and confirmed
UTTARADIT,2022,5,2022-05,2,Suspected and confirmed
UTTARADIT,2022,6,2022-06,43,Suspected and confirmed
UTTARADIT,2022,7,2022-07,53,Suspected and confirmed
UTTARADIT,2022,8,2022-08,49,Suspected and confirmed
UTTARADIT,2022,9,2022-09,23,Suspected and confirmed
UTTARADIT,2022,10,2022-10,3,Suspected and confirmed
UTTARADIT,2022,11,2022-11,3,Suspected and confirmed
UTTARADIT,2022,12,2022-12,6,Suspected and confirmed
YALA,2015,1,2015-01,3,Suspected and confirmed
YALA,2015,2,2015-02,3,Suspected and confirmed
YALA,2015,3,2015-03,7,Suspected and confirmed
YALA,2015,4,2015-04,4,Suspected and confirmed
YALA,2015,5,2015-05,5,Suspected and confirmed
YALA,2015,6,2015-06,9,Suspected and confirmed
YALA,2015,7,2015-07,13,Suspected and confirmed
YALA,2015,8,2015-08,7,Suspected and confirmed
YALA,2015,9,2015-09,10,Suspected and confirmed
YALA,2015,10,2015-10,6,Suspected and confirmed
YALA,2015,11,2015-11,15,Suspected and confirmed
YALA,2015,12,2015-12,15,Suspected and confirmed
YALA,2016,1,2016-01,18,Suspected and confirmed
YALA,2016,2,2016-02,9,Suspected and confirmed
YALA,2016,3,2016-03,6,Suspected and confirmed
YALA,2016,4,2016-04,5,Suspected and confirmed
YALA,2016,5,2016-05,11,Suspected and confirmed
YALA,2016,6,2016-06,11,Suspected and confirmed
YALA,2016,7,2016-07,24,Suspected and confirmed
YALA,2016,8,2016-08,56,Suspected and confirmed
YALA,2016,9,2016-09,77,Suspected and confirmed
YALA,2016,10,2016-10,100,Suspected and confirmed
YALA,2016,11,2016-11,75,Suspected and confirmed
YALA,2016,12,2016-12,103,Suspected and confirmed
YALA,2017,1,2017-01,43,Suspected and confirmed
YALA,2017,2,2017-02,13,Suspected and confirmed
YALA,2017,3,2017-03,13,Suspected and confirmed
YALA,2017,4,2017-04,9,Suspected and confirmed
YALA,2017,5,2017-05,8,Suspected and confirmed
YALA,2017,6,2017-06,13,Suspected and confirmed
YALA,2017,7,2017-07,4,Suspected and confirmed
YALA,2017,8,2017-08,4,Suspected and confirmed
YALA,2017,9,2017-09,7,Suspected and confirmed
YALA,2017,10,2017-10,15,Suspected and confirmed
YALA,2017,11,2017-11,14,Suspected and confirmed
YALA,2017,12,2017-12,17,Suspected and confirmed
YALA,2018,1,2018-01,20,Suspected and confirmed
YALA,2018,2,2018-02,10,Suspected and confirmed
YALA,2018,3,2018-03,7,Suspected and confirmed
YALA,2018,4,2018-04,6,Suspected and confirmed
YALA,2018,5,2018-05,9,Suspected and confirmed
YALA,2018,6,2018-06,12,Suspected and confirmed
YALA,2018,7,2018-07,32,Suspected and confirmed
YALA,2018,8,2018-08,43,Suspected and confirmed
YALA,2018,9,2018-09,35,Suspected and confirmed
YALA,2018,10,2018-10,54,Suspected and confirmed
YALA,2018,11,2018-11,52,Suspected and confirmed
YALA,2018,12,2018-12,52,Suspected and confirmed
YALA,2019,1,2019-01,63,Suspected and confirmed
YALA,2019,2,2019-02,38,Suspected and confirmed
YALA,2019,3,2019-03,30,Suspected and confirmed
YALA,2019,4,2019-04,28,Suspected and confirmed
YALA,2019,5,2019-05,68,Suspected and confirmed
YALA,2019,6,2019-06,175,Suspected and confirmed
YALA,2019,7,2019-07,189,Suspected and confirmed
YALA,2019,8,2019-08,100,Suspected and confirmed
YALA,2019,9,2019-09,88,Suspected and confirmed
YALA,2019,10,2019-10,59,Suspected and confirmed
YALA,2019,11,2019-11,47,Suspected and confirmed
YALA,2019,12,2019-12,29,Suspected and confirmed
YALA,2020,1,2020-01,28,Suspected and confirmed
YALA,2020,2,2020-02,18,Suspected and confirmed
YALA,2020,3,2020-03,10,Suspected and confirmed
YALA,2020,4,2020-04,5,Suspected and confirmed
YALA,2020,5,2020-05,18,Suspected and confirmed
YALA,2020,6,2020-06,40,Suspected and confirmed
YALA,2020,7,2020-07,49,Suspected and confirmed
YALA,2020,8,2020-08,45,Suspected and confirmed
YALA,2020,9,2020-09,28,Suspected and confirmed
YALA,2020,10,2020-10,15,Suspected and confirmed
YALA,2020,11,2020-11,12,Suspected and confirmed
YALA,2020,12,2020-12,9,Suspected and confirmed
YALA,2021,1,2021-01,8,Suspected and confirmed
YALA,2021,2,2021-02,1,Suspected and confirmed
YALA,2021,3,2021-03,1,Suspected and confirmed
YALA,2021,4,2021-04,0,Suspected and confirmed
YALA,2021,5,2021-05,1,Suspected and confirmed
YALA,2021,6,2021-06,3,Suspected and confirmed
YALA,2021,7,2021-07,0,Suspected and confirmed
YALA,2021,8,2021-08,1,Suspected and confirmed
YALA,2021,9,2021-09,0,Suspected and confirmed
YALA,2021,10,2021-10,2,Suspected and confirmed
YALA,2021,11,2021-11,1,Suspected and confirmed
YALA,2021,12,2021-12,7,Suspected and confirmed
YALA,2022,1,2022-01,3,Suspected and confirmed
YALA,2022,2,2022-02,0,Suspected and confirmed
YALA,2022,3,2022-03,0,Suspected and confirmed
YALA,2022,4,2022-04,0,Suspected and confirmed
YALA,2022,5,2022-05,2,Suspected and confirmed
YALA,2022,6,2022-06,11,Suspected and confirmed
YALA,2022,7,2022-07,8,Suspected and confirmed
YALA,2022,8,2022-08,8,Suspected and confirmed
YALA,2022,9,2022-09,17,Suspected and confirmed
YALA,2022,10,2022-10,17,Suspected and confirmed
YALA,2022,11,2022-11,23,Suspected and confirmed
YALA,2022,12,2022-12,33,Suspected and confirmed
YASOTHON,2015,1,2015-01,2,Suspected and confirmed
YASOTHON,2015,2,2015-02,3,Suspected and confirmed
YASOTHON,2015,3,2015-03,1,Suspected and confirmed
YASOTHON,2015,4,2015-04,6,Suspected and confirmed
YASOTHON,2015,5,2015-05,18,Suspected and confirmed
YASOTHON,2015,6,2015-06,57,Suspected and confirmed
YASOTHON,2015,7,2015-07,107,Suspected and confirmed
YASOTHON,2015,8,2015-08,226,Suspected and confirmed
YASOTHON,2015,9,2015-09,147,Suspected and confirmed
YASOTHON,2015,10,2015-10,55,Suspected and confirmed
YASOTHON,2015,11,2015-11,31,Suspected and confirmed
YASOTHON,2015,12,2015-12,13,Suspected and confirmed
YASOTHON,2016,1,2016-01,12,Suspected and confirmed
YASOTHON,2016,2,2016-02,18,Suspected and confirmed
YASOTHON,2016,3,2016-03,16,Suspected and confirmed
YASOTHON,2016,4,2016-04,16,Suspected and confirmed
YASOTHON,2016,5,2016-05,9,Suspected and confirmed
YASOTHON,2016,6,2016-06,22,Suspected and confirmed
YASOTHON,2016,7,2016-07,47,Suspected and confirmed
YASOTHON,2016,8,2016-08,51,Suspected and confirmed
YASOTHON,2016,9,2016-09,41,Suspected and confirmed
YASOTHON,2016,10,2016-10,9,Suspected and confirmed
YASOTHON,2016,11,2016-11,4,Suspected and confirmed
YASOTHON,2016,12,2016-12,0,Suspected and confirmed
YASOTHON,2017,1,2017-01,0,Suspected and confirmed
YASOTHON,2017,2,2017-02,5,Suspected and confirmed
YASOTHON,2017,3,2017-03,3,Suspected and confirmed
YASOTHON,2017,4,2017-04,26,Suspected and confirmed
YASOTHON,2017,5,2017-05,21,Suspected and confirmed
YASOTHON,2017,6,2017-06,27,Suspected and confirmed
YASOTHON,2017,7,2017-07,25,Suspected and confirmed
YASOTHON,2017,8,2017-08,17,Suspected and confirmed
YASOTHON,2017,9,2017-09,9,Suspected and confirmed
YASOTHON,2017,10,2017-10,6,Suspected and confirmed
YASOTHON,2017,11,2017-11,0,Suspected and confirmed
YASOTHON,2017,12,2017-12,2,Suspected and confirmed
YASOTHON,2018,1,2018-01,1,Suspected and confirmed
YASOTHON,2018,2,2018-02,0,Suspected and confirmed
YASOTHON,2018,3,2018-03,3,Suspected and confirmed
YASOTHON,2018,4,2018-04,5,Suspected and confirmed
YASOTHON,2018,5,2018-05,22,Suspected and confirmed
YASOTHON,2018,6,2018-06,55,Suspected and confirmed
YASOTHON,2018,7,2018-07,62,Suspected and confirmed
YASOTHON,2018,8,2018-08,50,Suspected and confirmed
YASOTHON,2018,9,2018-09,19,Suspected and confirmed
YASOTHON,2018,10,2018-10,6,Suspected and confirmed
YASOTHON,2018,11,2018-11,4,Suspected and confirmed
YASOTHON,2018,12,2018-12,5,Suspected and confirmed
YASOTHON,2019,1,2019-01,13,Suspected and confirmed
YASOTHON,2019,2,2019-02,18,Suspected and confirmed
YASOTHON,2019,3,2019-03,33,Suspected and confirmed
YASOTHON,2019,4,2019-04,21,Suspected and confirmed
YASOTHON,2019,5,2019-05,34,Suspected and confirmed
YASOTHON,2019,6,2019-06,127,Suspected and confirmed
YASOTHON,2019,7,2019-07,86,Suspected and confirmed
YASOTHON,2019,8,2019-08,63,Suspected and confirmed
YASOTHON,2019,9,2019-09,54,Suspected and confirmed
YASOTHON,2019,10,2019-10,44,Suspected and confirmed
YASOTHON,2019,11,2019-11,20,Suspected and confirmed
YASOTHON,2019,12,2019-12,11,Suspected and confirmed
YASOTHON,2020,1,2020-01,13,Suspected and confirmed
YASOTHON,2020,2,2020-02,8,Suspected and confirmed
YASOTHON,2020,3,2020-03,13,Suspected and confirmed
YASOTHON,2020,4,2020-04,6,Suspected and confirmed
YASOTHON,2020,5,2020-05,11,Suspected and confirmed
YASOTHON,2020,6,2020-06,38,Suspected and confirmed
YASOTHON,2020,7,2020-07,47,Suspected and confirmed
YASOTHON,2020,8,2020-08,50,Suspected and confirmed
YASOTHON,2020,9,2020-09,42,Suspected and confirmed
YASOTHON,2020,10,2020-10,11,Suspected and confirmed
YASOTHON,2020,11,2020-11,1,Suspected and confirmed
YASOTHON,2020,12,2020-12,2,Suspected and confirmed
YASOTHON,2021,1,2021-01,4,Suspected and confirmed
YASOTHON,2021,2,2021-02,2,Suspected and confirmed
YASOTHON,2021,3,2021-03,2,Suspected and confirmed
YASOTHON,2021,4,2021-04,0,Suspected and confirmed
YASOTHON,2021,5,2021-05,0,Suspected and confirmed
YASOTHON,2021,6,2021-06,2,Suspected and confirmed
YASOTHON,2021,7,2021-07,4,Suspected and confirmed
YASOTHON,2021,8,2021-08,7,Suspected and confirmed
YASOTHON,2021,9,2021-09,5,Suspected and confirmed
YASOTHON,2021,10,2021-10,2,Suspected and confirmed
YASOTHON,2021,11,2021-11,2,Suspected and confirmed
YASOTHON,2021,12,2021-12,0,Suspected and confirmed
YASOTHON,2022,1,2022-01,1,Suspected and confirmed
YASOTHON,2022,2,2022-02,2,Suspected and confirmed
YASOTHON,2022,3,2022-03,1,Suspected and confirmed
YASOTHON,2022,4,2022-04,2,Suspected and confirmed
YASOTHON,2022,5,2022-05,3,Suspected and confirmed
YASOTHON,2022,6,2022-06,12,Suspected and confirmed
YASOTHON,2022,7,2022-07,19,Suspected and confirmed
YASOTHON,2022,8,2022-08,21,Suspected and confirmed
YASOTHON,2022,9,2022-09,12,Suspected and confirmed
YASOTHON,2022,10,2022-10,8,Suspected and confirmed
YASOTHON,2022,11,2022-11,5,Suspected and confirmed
YASOTHON,2022,12,2022-12,9,Suspected and confirmed
