province,year_month,dengue_cases,temperature,humidity,rainfall
AMNAT CHAROEN,2015-01,1,22.64,57.93,0.01
AMNAT CHAROEN,2015-02,3,25.99,58.08,0.91
AMNAT CHAROEN,2015-03,4,30.41,50.11,0.45
AMNAT CHAROEN,2015-04,2,31.24,47.76,0.9
AMNAT CHAROEN,2015-05,11,30.24,64.45,3.06
AMNAT CHAROEN,2015-06,64,29.27,69.24,3.42
AMNAT CHAROEN,2015-07,91,26.85,82.46,6.92
AMNAT CHAROEN,2015-08,111,26.32,88.83,6.08
AMNAT CHAROEN,2015-09,80,26.66,87.2,4.99
AMNAT CHAROEN,2015-10,35,25.93,81.07,3.2
AMNAT CHAROEN,2015-11,23,27.09,73.3,0.57
AMNAT CHAROEN,2015-12,12,25.67,62.49,0.0
AMNAT CHAROEN,2016-01,11,25.37,60.98,0.55
AMNAT CHAROEN,2016-02,14,23.43,52.65,0.0
AMNAT CHAROEN,2016-03,18,29.83,45.39,0.02
AMNAT CHAROEN,2016-04,12,33.8,42.42,1.02
AMNAT CHAROEN,2016-05,9,30.08,68.84,4.39
AMNAT CHAROEN,2016-06,24,27.63,82.57,8.71
AMNAT CHAROEN,2016-07,55,26.38,88.67,7.93
AMNAT CHAROEN,2016-08,37,26.59,88.74,9.3
AMNAT CHAROEN,2016-09,17,26.48,89.17,15.72
AMNAT CHAROEN,2016-10,13,26.35,86.8,3.57
AMNAT CHAROEN,2016-11,5,24.22,86.94,1.18
AMNAT CHAROEN,2016-12,2,22.04,82.78,0.17
AMNAT CHAROEN,2017-01,1,23.69,72.29,0.06
AMNAT CHAROEN,2017-02,3,23.87,63.66,0.06
AMNAT CHAROEN,2017-03,2,27.59,64.5,2.88
AMNAT CHAROEN,2017-04,2,29.46,62.52,3.15
AMNAT CHAROEN,2017-05,4,27.97,80.79,10.09
AMNAT CHAROEN,2017-06,34,26.45,90.32,11.94
AMNAT CHAROEN,2017-07,29,25.69,92.61,21.32
AMNAT CHAROEN,2017-08,2,26.43,90.49,9.65
AMNAT CHAROEN,2017-09,5,27.05,87.91,9.25
AMNAT CHAROEN,2017-10,1,25.12,87.78,3.37
AMNAT CHAROEN,2017-11,0,23.67,85.69,0.32
AMNAT CHAROEN,2017-12,0,21.46,77.64,0.12
AMNAT CHAROEN,2018-01,0,23.49,68.77,0.01
AMNAT CHAROEN,2018-02,0,23.78,61.96,0.37
AMNAT CHAROEN,2018-03,2,27.13,62.97,2.81
AMNAT CHAROEN,2018-04,1,29.01,60.49,2.15
AMNAT CHAROEN,2018-05,9,28.53,75.07,5.82
AMNAT CHAROEN,2018-06,37,26.63,87.36,9.57
AMNAT CHAROEN,2018-07,20,25.79,91.39,20.7
AMNAT CHAROEN,2018-08,23,25.52,92.21,13.12
AMNAT CHAROEN,2018-09,16,26.78,87.09,7.97
AMNAT CHAROEN,2018-10,11,25.88,84.85,1.08
AMNAT CHAROEN,2018-11,1,24.85,82.01,0.26
AMNAT CHAROEN,2018-12,0,24.6,74.01,0.47
AMNAT CHAROEN,2019-01,9,24.06,66.51,0.0
AMNAT CHAROEN,2019-02,2,28.94,55.59,0.82
AMNAT CHAROEN,2019-03,6,30.83,51.07,0.73
AMNAT CHAROEN,2019-04,9,31.36,58.98,2.31
AMNAT CHAROEN,2019-05,58,28.81,77.59,7.02
AMNAT CHAROEN,2019-06,48,27.91,84.08,3.89
AMNAT CHAROEN,2019-07,28,26.49,86.78,9.86
AMNAT CHAROEN,2019-08,24,26.17,90.75,20.26
AMNAT CHAROEN,2019-09,66,25.98,88.64,14.53
AMNAT CHAROEN,2019-10,47,26.01,83.78,0.94
AMNAT CHAROEN,2019-11,21,24.19,80.97,0.24
AMNAT CHAROEN,2019-12,1,22.93,69.8,0.0
AMNAT CHAROEN,2020-01,0,24.99,63.8,0.09
AMNAT CHAROEN,2020-02,2,26.08,56.39,0.02
AMNAT CHAROEN,2020-03,4,30.55,54.32,1.33
AMNAT CHAROEN,2020-04,1,29.29,59.78,1.96
AMNAT CHAROEN,2020-05,13,30.25,69.26,4.55
AMNAT CHAROEN,2020-06,18,27.83,81.76,4.04
AMNAT CHAROEN,2020-07,27,27.26,85.83,9.33
AMNAT CHAROEN,2020-08,23,26.34,90.47,13.3
AMNAT CHAROEN,2020-09,9,27.02,88.2,7.96
AMNAT CHAROEN,2020-10,3,24.54,90.96,9.84
AMNAT CHAROEN,2020-11,0,23.3,87.06,0.25
AMNAT CHAROEN,2020-12,0,20.76,83.05,0.0
AMNAT CHAROEN,2021-01,0,20.13,72.53,0.0
AMNAT CHAROEN,2021-02,0,24.31,64.33,0.68
AMNAT CHAROEN,2021-03,0,29.27,57.75,0.74
AMNAT CHAROEN,2021-04,2,29.69,64.96,5.2
AMNAT CHAROEN,2021-05,3,28.14,82.33,6.1
AMNAT CHAROEN,2021-06,0,26.83,88.15,8.58
AMNAT CHAROEN,2021-07,0,26.45,89.66,12.21
AMNAT CHAROEN,2021-08,5,26.72,88.81,7.54
AMNAT CHAROEN,2021-09,0,26.44,88.74,14.08
AMNAT CHAROEN,2021-10,0,25.41,89.33,6.07
AMNAT CHAROEN,2021-11,0,23.39,85.25,0.08
AMNAT CHAROEN,2021-12,0,20.62,81.82,0.05
AMNAT CHAROEN,2022-01,0,23.85,71.42,0.27
AMNAT CHAROEN,2022-02,0,23.67,67.85,1.19
AMNAT CHAROEN,2022-03,0,27.89,67.32,3.68
AMNAT CHAROEN,2022-04,0,26.92,70.33,3.32
AMNAT CHAROEN,2022-05,0,26.05,86.23,9.84
AMNAT CHAROEN,2022-06,1,26.7,88.16,3.77
AMNAT CHAROEN,2022-07,0,26.79,89.24,12.56
AMNAT CHAROEN,2022-08,0,26.44,89.43,12.97
AMNAT CHAROEN,2022-09,0,26.42,89.74,13.01
AMNAT CHAROEN,2022-10,0,24.29,87.65,3.11
AMNAT CHAROEN,2022-11,0,24.77,85.83,1.26
AMNAT CHAROEN,2022-12,0,20.49,80.27,0.46
ANG THONG,2015-01,9,25.14,53.28,0.2
ANG THONG,2015-02,9,28.49,53.31,0.4
ANG THONG,2015-03,15,30.47,61.87,2.73
ANG THONG,2015-04,36,30.63,61.3,2.53
ANG THONG,2015-05,108,31.09,64.49,1.23
ANG THONG,2015-06,126,30.04,67.57,3.73
ANG THONG,2015-07,107,29.42,67.43,3.43
ANG THONG,2015-08,108,28.12,76.82,5.65
ANG THONG,2015-09,107,27.44,83.23,9.56
ANG THONG,2015-10,87,27.14,83.13,5.91
ANG THONG,2015-11,57,27.32,79.73,2.13
ANG THONG,2015-12,12,26.86,66.03,0.51
ANG THONG,2016-01,6,26.87,62.04,1.42
ANG THONG,2016-02,3,27.5,50.05,0.0
ANG THONG,2016-03,11,31.71,50.38,0.44
ANG THONG,2016-04,7,33.9,50.38,0.54
ANG THONG,2016-05,1,31.57,62.81,3.98
ANG THONG,2016-06,1,28.65,77.61,6.98
ANG THONG,2016-07,5,27.56,81.9,4.6
ANG THONG,2016-08,10,27.91,80.11,6.36
ANG THONG,2016-09,24,26.72,87.02,8.84
ANG THONG,2016-10,14,27.11,87.03,7.32
ANG THONG,2016-11,1,25.86,84.05,1.67
ANG THONG,2016-12,1,23.92,76.97,0.17
ANG THONG,2017-01,6,25.78,70.56,0.85
ANG THONG,2017-02,3,27.65,53.89,0.04
ANG THONG,2017-03,2,30.4,58.54,2.43
ANG THONG,2017-04,2,30.86,62.11,1.58
ANG THONG,2017-05,7,28.99,80.41,10.78
ANG THONG,2017-06,12,27.59,85.52,6.29
ANG THONG,2017-07,31,26.41,88.3,12.92
ANG THONG,2017-08,27,26.8,87.48,8.25
ANG THONG,2017-09,27,27.64,86.57,6.15
ANG THONG,2017-10,16,26.77,87.12,7.6
ANG THONG,2017-11,14,25.05,85.69,1.03
ANG THONG,2017-12,8,23.32,78.93,0.65
ANG THONG,2018-01,2,25.34,74.62,1.18
ANG THONG,2018-02,2,26.35,67.16,1.69
ANG THONG,2018-03,10,29.3,66.31,1.43
ANG THONG,2018-04,10,29.52,68.9,4.73
ANG THONG,2018-05,15,28.55,79.93,4.89
ANG THONG,2018-06,18,27.92,79.84,4.88
ANG THONG,2018-07,21,27.2,82.23,6.0
ANG THONG,2018-08,12,26.74,83.31,6.8
ANG THONG,2018-09,20,27.09,85.57,8.73
ANG THONG,2018-10,17,27.34,84.18,4.58
ANG THONG,2018-11,15,26.22,79.11,0.6
ANG THONG,2018-12,6,26.38,70.31,1.16
ANG THONG,2019-01,12,26.46,60.26,0.02
ANG THONG,2019-02,10,30.1,60.62,0.15
ANG THONG,2019-03,7,31.55,55.13,0.22
ANG THONG,2019-04,3,32.7,57.64,1.49
ANG THONG,2019-05,5,30.69,67.94,4.79
ANG THONG,2019-06,10,29.25,76.79,4.52
ANG THONG,2019-07,20,28.37,74.45,4.07
ANG THONG,2019-08,18,27.8,80.16,6.55
ANG THONG,2019-09,11,27.17,84.2,9.16
ANG THONG,2019-10,11,27.88,81.0,3.2
ANG THONG,2019-11,4,26.97,69.98,0.49
ANG THONG,2019-12,3,26.25,56.67,0.0
ANG THONG,2020-01,11,29.32,53.34,0.09
ANG THONG,2020-02,14,29.87,48.14,0.06
ANG THONG,2020-03,15,32.0,55.42,0.83
ANG THONG,2020-04,9,31.65,59.29,1.69
ANG THONG,2020-05,8,31.42,66.03,2.78
ANG THONG,2020-06,6,28.64,79.18,7.35
ANG THONG,2020-07,27,27.95,82.82,7.24
ANG THONG,2020-08,48,27.46,84.28,6.61
ANG THONG,2020-09,81,27.37,87.31,10.18
ANG THONG,2020-10,25,25.58,87.87,11.59
ANG THONG,2020-11,6,25.44,84.58,0.69
ANG THONG,2020-12,5,23.52,78.2,0.04
ANG THONG,2021-01,0,23.7,64.57,0.0
ANG THONG,2021-02,0,27.77,57.63,0.53
ANG THONG,2021-03,0,31.24,57.59,0.58
ANG THONG,2021-04,0,29.16,73.48,5.71
ANG THONG,2021-05,3,28.81,80.65,3.94
ANG THONG,2021-06,4,28.23,79.11,4.02
ANG THONG,2021-07,8,27.48,83.27,8.33
ANG THONG,2021-08,1,27.49,85.01,6.28
ANG THONG,2021-09,0,26.6,88.85,11.87
ANG THONG,2021-10,3,26.61,88.33,6.91
ANG THONG,2021-11,11,25.59,84.76,1.1
ANG THONG,2021-12,0,22.85,78.8,0.17
ANG THONG,2022-01,0,26.12,69.08,0.44
ANG THONG,2022-02,0,27.0,68.95,1.95
ANG THONG,2022-03,2,29.65,69.21,2.27
ANG THONG,2022-04,1,29.79,64.09,3.4
ANG THONG,2022-05,1,27.58,82.05,7.98
ANG THONG,2022-06,3,27.79,83.2,4.0
ANG THONG,2022-07,1,27.6,84.97,7.59
ANG THONG,2022-08,3,26.97,86.6,10.27
ANG THONG,2022-09,4,26.6,88.65,14.36
ANG THONG,2022-10,4,25.58,87.14,5.88
ANG THONG,2022-11,10,25.97,85.36,2.77
ANG THONG,2022-12,9,23.1,79.56,0.16
BANGKOK,2015-01,286,25.73,63.07,0.2
BANGKOK,2015-02,209,27.9,63.64,0.45
BANGKOK,2015-03,178,29.42,70.96,2.43
BANGKOK,2015-04,192,29.9,69.05,2.11
BANGKOK,2015-05,441,30.42,71.83,1.39
BANGKOK,2015-06,471,29.66,72.88,5.25
BANGKOK,2015-07,705,29.35,72.12,3.08
BANGKOK,2015-08,1103,28.61,76.17,4.12
BANGKOK,2015-09,1270,27.99,80.84,9.38
BANGKOK,2015-10,1895,27.8,81.6,5.83
BANGKOK,2015-11,4273,28.04,78.81,1.64
BANGKOK,2015-12,1715,27.66,69.9,0.65
BANGKOK,2016-01,998,27.32,69.94,1.62
BANGKOK,2016-02,440,27.78,59.65,0.15
BANGKOK,2016-03,310,30.12,63.86,0.42
BANGKOK,2016-04,124,31.77,63.8,0.32
BANGKOK,2016-05,78,31.13,68.15,2.97
BANGKOK,2016-06,63,28.8,79.56,7.67
BANGKOK,2016-07,193,28.02,81.25,4.47
BANGKOK,2016-08,314,28.45,79.6,5.44
BANGKOK,2016-09,309,27.38,84.15,9.39
BANGKOK,2016-10,333,27.39,85.25,9.5
BANGKOK,2016-11,364,26.72,83.99,2.49
BANGKOK,2016-12,283,24.93,79.17,0.13
BANGKOK,2017-01,200,26.24,74.79,2.21
BANGKOK,2017-02,127,27.67,63.32,0.18
BANGKOK,2017-03,119,29.61,67.09,2.01
BANGKOK,2017-04,111,29.9,70.95,1.63
BANGKOK,2017-05,155,29.4,80.37,10.06
BANGKOK,2017-06,331,28.49,81.94,4.38
BANGKOK,2017-07,630,27.46,83.73,10.69
BANGKOK,2017-08,704,27.65,83.4,6.72
BANGKOK,2017-09,520,28.19,84.06,6.9
BANGKOK,2017-10,563,27.49,84.85,8.19
BANGKOK,2017-11,737,26.16,84.67,2.48
BANGKOK,2017-12,448,24.77,77.61,0.84
BANGKOK,2018-01,252,26.46,74.49,1.77
BANGKOK,2018-02,222,26.88,70.76,1.97
BANGKOK,2018-03,307,28.75,73.47,1.68
BANGKOK,2018-04,240,29.23,73.7,5.96
BANGKOK,2018-05,209,28.89,80.63,3.77
BANGKOK,2018-06,412,28.64,77.67,3.56
BANGKOK,2018-07,660,28.37,78.23,3.8
BANGKOK,2018-08,691,27.97,78.01,4.51
BANGKOK,2018-09,538,27.83,81.98,9.01
BANGKOK,2018-10,434,27.81,82.71,7.08
BANGKOK,2018-11,419,26.94,78.82,1.35
BANGKOK,2018-12,297,27.28,73.14,1.2
BANGKOK,2019-01,587,27.14,66.7,0.12
BANGKOK,2019-02,354,29.03,70.19,0.29
BANGKOK,2019-03,242,29.69,68.77,0.69
BANGKOK,2019-04,183,31.07,68.8,1.54
BANGKOK,2019-05,158,30.63,70.59,4.64
BANGKOK,2019-06,308,29.24,79.58,5.4
BANGKOK,2019-07,743,28.63,76.01,3.53
BANGKOK,2019-08,1224,28.4,78.8,4.04
BANGKOK,2019-09,1050,27.86,81.16,8.29
BANGKOK,2019-10,1479,28.39,80.22,4.14
BANGKOK,2019-11,1497,27.49,72.47,0.81
BANGKOK,2019-12,765,26.72,65.13,0.01
BANGKOK,2020-01,402,29.07,64.28,0.22
BANGKOK,2020-02,207,29.11,60.97,0.29
BANGKOK,2020-03,150,30.36,66.55,0.63
BANGKOK,2020-04,70,30.3,70.01,3.37
BANGKOK,2020-05,81,30.71,72.89,2.56
BANGKOK,2020-06,159,28.87,79.92,7.65
BANGKOK,2020-07,399,28.36,82.05,5.79
BANGKOK,2020-08,594,28.22,81.47,5.3
BANGKOK,2020-09,519,27.93,84.52,9.27
BANGKOK,2020-10,454,26.34,86.6,13.41
BANGKOK,2020-11,537,26.45,83.57,1.41
BANGKOK,2020-12,335,25.15,76.58,0.15
BANGKOK,2021-01,276,25.51,63.93,0.0
BANGKOK,2021-02,174,28.16,63.69,1.1
BANGKOK,2021-03,163,29.77,69.11,1.04
BANGKOK,2021-04,59,29.29,75.4,4.83
BANGKOK,2021-05,78,29.35,79.58,4.23
BANGKOK,2021-06,77,29.01,77.16,3.04
BANGKOK,2021-07,40,28.26,80.79,6.78
BANGKOK,2021-08,37,28.16,82.17,6.69
BANGKOK,2021-09,71,27.24,85.92,10.96
BANGKOK,2021-10,94,27.27,86.42,8.27
BANGKOK,2021-11,128,26.54,84.25,1.93
BANGKOK,2021-12,90,24.59,76.35,0.1
BANGKOK,2022-01,62,27.38,69.33,0.71
BANGKOK,2022-02,52,27.53,73.44,3.54
BANGKOK,2022-03,77,29.19,74.83,2.46
BANGKOK,2022-04,95,29.64,69.65,2.24
BANGKOK,2022-05,116,28.53,78.97,6.09
BANGKOK,2022-06,222,28.56,80.37,4.77
BANGKOK,2022-07,346,28.14,83.19,7.13
BANGKOK,2022-08,522,27.75,83.17,8.22
BANGKOK,2022-09,807,27.29,85.24,12.19
BANGKOK,2022-10,1114,26.53,85.05,7.7
BANGKOK,2022-11,1246,26.75,82.88,3.08
BANGKOK,2022-12,873,24.96,75.83,0.14
BUNGKAN,2015-01,0,18.9,70.54,0.25
BUNGKAN,2015-02,1,23.23,65.58,1.25
BUNGKAN,2015-03,2,28.33,59.82,1.23
BUNGKAN,2015-04,0,29.74,51.83,1.42
BUNGKAN,2015-05,1,30.73,64.5,3.75
BUNGKAN,2015-06,11,29.23,70.53,2.99
BUNGKAN,2015-07,19,27.61,80.04,11.27
BUNGKAN,2015-08,31,26.8,87.62,7.86
BUNGKAN,2015-09,48,26.77,87.17,5.94
BUNGKAN,2015-10,60,25.29,82.35,3.04
BUNGKAN,2015-11,57,24.89,80.79,0.94
BUNGKAN,2015-12,6,21.04,74.67,0.27
BUNGKAN,2016-01,15,21.24,70.09,1.25
BUNGKAN,2016-02,22,20.48,53.9,0.05
BUNGKAN,2016-03,21,27.77,47.72,0.09
BUNGKAN,2016-04,18,32.87,47.71,1.77
BUNGKAN,2016-05,45,30.48,67.06,6.01
BUNGKAN,2016-06,86,28.5,78.71,7.07
BUNGKAN,2016-07,73,26.84,86.93,7.93
BUNGKAN,2016-08,59,26.8,87.46,14.75
BUNGKAN,2016-09,22,26.73,87.75,11.89
BUNGKAN,2016-10,12,26.04,85.33,4.34
BUNGKAN,2016-11,7,22.51,83.18,2.49
BUNGKAN,2016-12,0,19.53,80.56,0.16
BUNGKAN,2017-01,0,20.69,81.35,0.25
BUNGKAN,2017-02,0,21.08,71.88,0.46
BUNGKAN,2017-03,0,25.57,72.9,3.83
BUNGKAN,2017-04,0,27.54,70.07,3.04
BUNGKAN,2017-05,0,27.58,79.28,8.56
BUNGKAN,2017-06,0,26.79,88.63,10.16
BUNGKAN,2017-07,1,26.34,90.27,22.0
BUNGKAN,2017-08,0,26.48,90.53,11.6
BUNGKAN,2017-09,1,27.4,86.34,10.53
BUNGKAN,2017-10,0,24.79,86.57,6.81
BUNGKAN,2017-11,0,21.88,82.06,0.22
BUNGKAN,2017-12,0,18.44,79.17,0.46
BUNGKAN,2018-01,2,20.19,77.31,0.2
BUNGKAN,2018-02,1,20.68,73.18,1.67
BUNGKAN,2018-03,2,25.09,68.52,1.6
BUNGKAN,2018-04,2,27.21,67.99,4.54
BUNGKAN,2018-05,25,27.68,81.15,7.72
BUNGKAN,2018-06,19,26.88,86.79,10.08
BUNGKAN,2018-07,18,26.14,90.82,21.05
BUNGKAN,2018-08,2,25.98,91.5,12.66
BUNGKAN,2018-09,5,26.83,85.83,6.92
BUNGKAN,2018-10,4,25.23,83.81,1.51
BUNGKAN,2018-11,7,23.29,82.79,0.55
BUNGKAN,2018-12,11,20.43,80.8,1.07
BUNGKAN,2019-01,6,20.31,78.47,0.1
BUNGKAN,2019-02,14,25.3,70.7,1.23
BUNGKAN,2019-03,28,27.75,65.36,1.38
BUNGKAN,2019-04,7,30.92,62.86,2.73
BUNGKAN,2019-05,99,28.89,77.83,6.84
BUNGKAN,2019-06,394,27.9,85.28,8.94
BUNGKAN,2019-07,109,26.79,87.35,10.13
BUNGKAN,2019-08,20,26.44,89.94,18.76
BUNGKAN,2019-09,5,26.12,85.99,8.83
BUNGKAN,2019-10,0,25.75,82.81,2.62
BUNGKAN,2019-11,0,22.13,83.14,0.35
BUNGKAN,2019-12,0,19.31,78.39,0.11
BUNGKAN,2020-01,12,21.7,77.27,0.39
BUNGKAN,2020-02,4,22.99,67.37,0.19
BUNGKAN,2020-03,10,27.26,68.69,3.18
BUNGKAN,2020-04,39,26.82,67.27,2.18
BUNGKAN,2020-05,119,29.77,73.55,7.51
BUNGKAN,2020-06,133,27.62,85.54,4.66
BUNGKAN,2020-07,134,27.61,85.33,7.35
BUNGKAN,2020-08,56,26.63,88.95,14.45
BUNGKAN,2020-09,32,27.48,85.42,6.48
BUNGKAN,2020-10,6,23.7,85.65,7.76
BUNGKAN,2020-11,1,22.51,82.42,0.37
BUNGKAN,2020-12,0,18.37,78.65,0.11
BUNGKAN,2021-01,0,17.51,74.32,0.04
BUNGKAN,2021-02,0,22.42,73.33,1.3
BUNGKAN,2021-03,0,26.75,69.13,2.07
BUNGKAN,2021-04,5,28.06,72.66,5.25
BUNGKAN,2021-05,6,28.7,78.25,3.8
BUNGKAN,2021-06,1,27.19,87.11,11.12
BUNGKAN,2021-07,0,27.26,86.69,10.34
BUNGKAN,2021-08,0,27.08,87.26,6.74
BUNGKAN,2021-09,0,26.89,86.65,10.63
BUNGKAN,2021-10,0,24.38,85.53,5.63
BUNGKAN,2021-11,0,21.92,80.74,0.29
BUNGKAN,2021-12,0,18.25,79.09,0.11
BUNGKAN,2022-01,0,20.8,79.23,0.49
BUNGKAN,2022-02,0,19.6,77.74,2.82
BUNGKAN,2022-03,2,26.3,75.11,3.28
BUNGKAN,2022-04,0,26.36,70.6,3.29
BUNGKAN,2022-05,0,25.89,83.09,10.11
BUNGKAN,2022-06,0,26.94,87.45,6.13
BUNGKAN,2022-07,6,27.46,86.73,11.58
BUNGKAN,2022-08,2,26.83,88.08,11.5
BUNGKAN,2022-09,1,26.89,87.06,9.69
BUNGKAN,2022-10,0,23.72,84.35,2.43
BUNGKAN,2022-11,1,24.24,84.41,1.92
BUNGKAN,2022-12,1,17.99,77.97,0.1
BURIRAM,2015-01,5,24.27,47.48,0.01
BURIRAM,2015-02,7,27.45,51.11,0.71
BURIRAM,2015-03,13,30.81,51.48,1.29
BURIRAM,2015-04,22,31.46,49.4,2.0
BURIRAM,2015-05,49,30.61,63.14,2.67
BURIRAM,2015-06,75,29.47,67.74,3.41
BURIRAM,2015-07,78,27.39,78.04,7.92
BURIRAM,2015-08,223,26.23,87.95,7.29
BURIRAM,2015-09,166,26.25,87.87,7.78
BURIRAM,2015-10,68,25.65,84.89,3.06
BURIRAM,2015-11,96,26.62,77.52,0.62
BURIRAM,2015-12,74,26.74,58.25,0.04
BURIRAM,2016-01,60,26.76,54.27,0.99
BURIRAM,2016-02,65,25.54,45.8,0.02
BURIRAM,2016-03,61,31.34,41.11,0.02
BURIRAM,2016-04,13,33.88,43.46,1.59
BURIRAM,2016-05,9,30.52,66.26,3.92
BURIRAM,2016-06,23,28.33,76.4,6.85
BURIRAM,2016-07,49,26.48,86.16,6.55
BURIRAM,2016-08,72,26.82,85.09,6.25
BURIRAM,2016-09,61,26.28,88.89,9.07
BURIRAM,2016-10,24,26.39,86.76,3.96
BURIRAM,2016-11,14,24.53,86.42,1.6
BURIRAM,2016-12,4,23.49,74.37,0.02
BURIRAM,2017-01,6,25.83,61.52,0.21
BURIRAM,2017-02,7,26.61,49.34,0.2
BURIRAM,2017-03,3,29.11,59.73,3.46
BURIRAM,2017-04,14,29.91,62.61,1.79
BURIRAM,2017-05,21,27.9,81.47,8.89
BURIRAM,2017-06,47,26.76,87.24,6.44
BURIRAM,2017-07,36,25.89,89.02,8.64
BURIRAM,2017-08,39,26.45,88.7,7.67
BURIRAM,2017-09,28,26.63,89.03,7.47
BURIRAM,2017-10,21,25.34,88.48,3.75
BURIRAM,2017-11,8,24.11,84.3,0.7
BURIRAM,2017-12,2,23.2,70.27,0.16
BURIRAM,2018-01,3,25.67,59.64,0.59
BURIRAM,2018-02,1,26.2,51.7,0.37
BURIRAM,2018-03,4,29.2,55.83,1.62
BURIRAM,2018-04,12,29.56,61.25,2.81
BURIRAM,2018-05,65,28.45,76.26,5.69
BURIRAM,2018-06,129,26.94,83.48,4.8
BURIRAM,2018-07,160,26.21,86.17,5.64
BURIRAM,2018-08,155,26.01,86.24,5.14
BURIRAM,2018-09,135,26.42,87.0,6.71
BURIRAM,2018-10,100,26.24,83.91,2.24
BURIRAM,2018-11,73,26.23,72.37,0.41
BURIRAM,2018-12,63,26.78,60.05,0.24
BURIRAM,2019-01,46,26.58,51.4,0.0
BURIRAM,2019-02,79,30.87,42.61,0.24
BURIRAM,2019-03,116,31.69,47.0,0.81
BURIRAM,2019-04,69,31.45,60.02,1.99
BURIRAM,2019-05,136,29.8,69.75,4.46
BURIRAM,2019-06,330,28.82,76.07,3.98
BURIRAM,2019-07,663,27.52,76.47,4.58
BURIRAM,2019-08,343,27.11,81.89,9.66
BURIRAM,2019-09,308,26.01,88.21,9.33
BURIRAM,2019-10,187,26.36,83.28,1.04
BURIRAM,2019-11,107,25.99,70.04,0.26
BURIRAM,2019-12,37,25.18,56.59,0.0
BURIRAM,2020-01,31,27.95,48.69,0.01
BURIRAM,2020-02,42,28.1,44.78,0.0
BURIRAM,2020-03,34,31.47,51.5,1.04
BURIRAM,2020-04,52,29.65,62.84,2.55
BURIRAM,2020-05,99,29.85,71.2,5.84
BURIRAM,2020-06,119,26.97,87.19,8.66
BURIRAM,2020-07,288,26.98,86.17,5.4
BURIRAM,2020-08,169,26.52,88.28,8.32
BURIRAM,2020-09,82,26.65,88.75,11.58
BURIRAM,2020-10,19,24.44,91.12,9.27
BURIRAM,2020-11,5,23.99,86.29,0.24
BURIRAM,2020-12,2,22.54,75.15,0.0
BURIRAM,2021-01,1,22.97,57.32,0.0
BURIRAM,2021-02,1,26.4,52.74,1.0
BURIRAM,2021-03,2,30.74,51.72,1.21
BURIRAM,2021-04,3,28.94,70.46,5.8
BURIRAM,2021-05,2,28.06,82.42,5.77
BURIRAM,2021-06,11,27.04,85.51,5.36
BURIRAM,2021-07,4,26.65,86.48,6.58
BURIRAM,2021-08,5,27.01,85.47,5.01
BURIRAM,2021-09,3,26.05,89.63,11.93
BURIRAM,2021-10,1,25.39,90.04,7.64
BURIRAM,2021-11,1,23.94,85.79,0.44
BURIRAM,2021-12,0,21.96,76.46,0.26
BURIRAM,2022-01,0,25.94,60.85,0.19
BURIRAM,2022-02,0,25.6,63.61,1.76
BURIRAM,2022-03,0,28.96,65.42,4.03
BURIRAM,2022-04,1,27.39,70.71,3.52
BURIRAM,2022-05,1,26.57,83.6,8.61
BURIRAM,2022-06,13,26.75,86.64,4.86
BURIRAM,2022-07,11,26.74,87.72,9.01
BURIRAM,2022-08,14,26.33,88.72,8.86
BURIRAM,2022-09,9,25.87,90.61,18.77
BURIRAM,2022-10,6,24.43,88.52,3.69
BURIRAM,2022-11,7,25.1,84.38,1.83
BURIRAM,2022-12,0,22.37,72.57,0.05
CHACHOENGSAO,2015-01,6,23.9,65.72,0.1
CHACHOENGSAO,2015-02,8,26.67,63.91,0.91
CHACHOENGSAO,2015-03,13,29.29,66.74,2.1
CHACHOENGSAO,2015-04,16,29.73,65.58,1.51
CHACHOENGSAO,2015-05,37,29.71,71.38,2.43
CHACHOENGSAO,2015-06,80,28.19,78.0,7.4
CHACHOENGSAO,2015-07,169,27.46,80.82,5.44
CHACHOENGSAO,2015-08,202,26.45,87.5,8.75
CHACHOENGSAO,2015-09,342,26.37,88.4,10.1
CHACHOENGSAO,2015-10,279,26.31,86.19,5.41
CHACHOENGSAO,2015-11,388,26.28,84.69,1.91
CHACHOENGSAO,2015-12,172,25.75,73.89,0.43
CHACHOENGSAO,2016-01,41,26.3,69.53,1.13
CHACHOENGSAO,2016-02,22,27.07,54.35,0.09
CHACHOENGSAO,2016-03,32,30.63,57.03,0.36
CHACHOENGSAO,2016-04,7,32.04,57.81,1.02
CHACHOENGSAO,2016-05,5,30.34,68.55,3.53
CHACHOENGSAO,2016-06,9,27.44,83.69,9.79
CHACHOENGSAO,2016-07,24,26.38,88.01,7.71
CHACHOENGSAO,2016-08,46,26.7,88.16,7.13
CHACHOENGSAO,2016-09,51,26.03,90.3,8.7
CHACHOENGSAO,2016-10,32,26.38,89.08,6.53
CHACHOENGSAO,2016-11,25,25.51,87.13,2.2
CHACHOENGSAO,2016-12,11,23.63,82.05,0.05
CHACHOENGSAO,2017-01,13,25.11,75.47,1.51
CHACHOENGSAO,2017-02,6,26.45,63.5,0.85
CHACHOENGSAO,2017-03,5,28.19,70.53,2.96
CHACHOENGSAO,2017-04,11,28.92,72.37,2.65
CHACHOENGSAO,2017-05,13,27.95,84.41,12.26
CHACHOENGSAO,2017-06,35,26.83,88.82,6.76
CHACHOENGSAO,2017-07,48,25.87,90.69,10.78
CHACHOENGSAO,2017-08,53,26.24,90.26,8.5
CHACHOENGSAO,2017-09,68,26.67,90.34,7.44
CHACHOENGSAO,2017-10,29,26.18,88.92,7.43
CHACHOENGSAO,2017-11,24,24.88,87.93,1.8
CHACHOENGSAO,2017-12,27,23.22,80.89,0.31
CHACHOENGSAO,2018-01,15,25.06,76.4,2.33
CHACHOENGSAO,2018-02,12,25.7,68.94,1.09
CHACHOENGSAO,2018-03,18,28.07,71.21,2.34
CHACHOENGSAO,2018-04,19,28.35,74.02,5.4
CHACHOENGSAO,2018-05,84,28.04,81.01,4.29
CHACHOENGSAO,2018-06,237,26.77,86.26,6.15
CHACHOENGSAO,2018-07,227,26.43,87.87,7.25
CHACHOENGSAO,2018-08,228,25.92,88.06,7.3
CHACHOENGSAO,2018-09,113,26.26,88.61,10.64
CHACHOENGSAO,2018-10,48,26.45,87.14,5.04
CHACHOENGSAO,2018-11,80,25.59,82.64,0.77
CHACHOENGSAO,2018-12,62,25.96,74.98,0.69
CHACHOENGSAO,2019-01,43,26.22,63.31,0.03
CHACHOENGSAO,2019-02,46,28.95,65.21,0.27
CHACHOENGSAO,2019-03,53,29.59,64.92,1.93
CHACHOENGSAO,2019-04,52,29.75,71.4,2.31
CHACHOENGSAO,2019-05,64,29.0,77.36,5.14
CHACHOENGSAO,2019-06,72,27.82,84.81,8.64
CHACHOENGSAO,2019-07,118,26.59,86.09,5.8
CHACHOENGSAO,2019-08,90,26.5,87.74,6.03
CHACHOENGSAO,2019-09,67,26.34,88.09,12.43
CHACHOENGSAO,2019-10,55,26.83,85.33,2.5
CHACHOENGSAO,2019-11,37,25.46,79.48,0.62
CHACHOENGSAO,2019-12,13,25.08,66.58,0.01
CHACHOENGSAO,2020-01,10,27.82,63.49,0.2
CHACHOENGSAO,2020-02,8,28.7,53.74,0.26
CHACHOENGSAO,2020-03,2,30.02,65.52,2.09
CHACHOENGSAO,2020-04,7,29.29,71.11,4.68
CHACHOENGSAO,2020-05,11,29.09,78.37,4.36
CHACHOENGSAO,2020-06,24,27.03,88.16,10.43
CHACHOENGSAO,2020-07,31,26.73,88.51,6.76
CHACHOENGSAO,2020-08,20,26.56,89.15,7.82
CHACHOENGSAO,2020-09,11,26.49,90.58,12.6
CHACHOENGSAO,2020-10,11,25.04,91.15,15.1
CHACHOENGSAO,2020-11,1,24.93,87.65,1.26
CHACHOENGSAO,2020-12,1,23.3,81.67,0.17
CHACHOENGSAO,2021-01,2,23.67,67.07,0.0
CHACHOENGSAO,2021-02,1,27.1,61.81,0.85
CHACHOENGSAO,2021-03,0,29.13,68.85,2.2
CHACHOENGSAO,2021-04,2,28.03,79.4,9.43
CHACHOENGSAO,2021-05,0,27.81,85.58,4.87
CHACHOENGSAO,2021-06,2,26.85,87.77,7.35
CHACHOENGSAO,2021-07,0,26.46,89.31,10.65
CHACHOENGSAO,2021-08,0,26.58,89.29,9.26
CHACHOENGSAO,2021-09,0,25.95,91.07,14.3
CHACHOENGSAO,2021-10,0,25.93,91.06,9.32
CHACHOENGSAO,2021-11,0,25.06,87.82,1.4
CHACHOENGSAO,2021-12,3,22.67,82.14,0.11
CHACHOENGSAO,2022-01,0,25.9,71.35,0.42
CHACHOENGSAO,2022-02,0,26.2,74.63,4.15
CHACHOENGSAO,2022-03,0,28.12,77.11,3.09
CHACHOENGSAO,2022-04,0,28.18,72.47,3.39
CHACHOENGSAO,2022-05,1,27.04,84.24,7.2
CHACHOENGSAO,2022-06,2,26.96,87.11,4.37
CHACHOENGSAO,2022-07,19,26.8,88.31,9.84
CHACHOENGSAO,2022-08,11,26.14,90.14,16.22
CHACHOENGSAO,2022-09,6,25.85,91.38,16.36
CHACHOENGSAO,2022-10,5,25.23,88.64,5.67
CHACHOENGSAO,2022-11,17,25.38,86.77,3.48
CHACHOENGSAO,2022-12,4,22.92,80.69,0.01
CHAINAT,2015-01,7,24.62,51.03,0.44
CHAINAT,2015-02,4,28.4,49.23,0.32
CHAINAT,2015-03,5,31.14,54.13,1.85
CHAINAT,2015-04,7,31.34,54.44,2.42
CHAINAT,2015-05,18,32.14,57.29,1.12
CHAINAT,2015-06,74,30.57,63.41,3.22
CHAINAT,2015-07,47,29.21,67.31,3.49
CHAINAT,2015-08,56,28.45,73.88,4.18
CHAINAT,2015-09,46,27.64,81.33,9.08
CHAINAT,2015-10,49,26.92,83.34,5.32
CHAINAT,2015-11,53,27.26,77.3,1.99
CHAINAT,2015-12,29,26.8,62.11,0.37
CHAINAT,2016-01,18,26.35,56.2,1.1
CHAINAT,2016-02,5,27.12,45.68,0.0
CHAINAT,2016-03,10,31.96,42.39,0.51
CHAINAT,2016-04,4,34.92,42.46,0.31
CHAINAT,2016-05,4,32.15,58.89,3.97
CHAINAT,2016-06,3,29.08,74.11,5.61
CHAINAT,2016-07,5,27.79,79.45,4.75
CHAINAT,2016-08,13,27.8,79.51,6.82
CHAINAT,2016-09,23,26.76,86.24,7.55
CHAINAT,2016-10,5,27.06,86.22,7.54
CHAINAT,2016-11,3,25.18,84.28,1.53
CHAINAT,2016-12,1,23.49,76.25,0.14
CHAINAT,2017-01,2,25.58,69.0,0.93
CHAINAT,2017-02,0,27.59,50.6,0.08
CHAINAT,2017-03,1,30.93,51.66,1.83
CHAINAT,2017-04,8,31.48,56.68,1.39
CHAINAT,2017-05,3,29.37,76.51,9.55
CHAINAT,2017-06,19,27.76,83.7,5.03
CHAINAT,2017-07,24,26.56,86.82,12.02
CHAINAT,2017-08,22,27.09,85.18,7.58
CHAINAT,2017-09,18,27.68,85.15,5.44
CHAINAT,2017-10,4,26.49,87.14,7.54
CHAINAT,2017-11,11,24.46,86.42,1.33
CHAINAT,2017-12,4,22.69,78.66,0.83
CHAINAT,2018-01,2,24.82,73.54,0.43
CHAINAT,2018-02,2,26.64,62.68,1.39
CHAINAT,2018-03,0,29.93,57.43,0.88
CHAINAT,2018-04,0,30.3,62.36,3.98
CHAINAT,2018-05,4,29.23,74.19,4.77
CHAINAT,2018-06,9,28.31,76.27,3.87
CHAINAT,2018-07,16,27.29,80.38,4.68
CHAINAT,2018-08,11,26.63,83.29,5.97
CHAINAT,2018-09,7,27.1,84.81,5.57
CHAINAT,2018-10,12,27.11,83.7,3.86
CHAINAT,2018-11,29,26.52,74.42,0.74
CHAINAT,2018-12,14,26.85,63.43,0.92
CHAINAT,2019-01,17,27.16,53.72,0.05
CHAINAT,2019-02,15,30.61,52.31,0.35
CHAINAT,2019-03,16,32.39,44.56,0.16
CHAINAT,2019-04,10,34.43,47.03,1.11
CHAINAT,2019-05,4,31.55,62.57,4.28
CHAINAT,2019-06,15,29.52,74.44,4.87
CHAINAT,2019-07,39,28.71,71.0,2.55
CHAINAT,2019-08,24,27.65,80.17,7.12
CHAINAT,2019-09,44,27.05,83.92,7.23
CHAINAT,2019-10,25,27.58,81.13,3.01
CHAINAT,2019-11,20,27.14,66.76,0.59
CHAINAT,2019-12,12,25.95,53.22,0.0
CHAINAT,2020-01,19,29.17,48.16,0.02
CHAINAT,2020-02,13,29.89,42.76,0.02
CHAINAT,2020-03,17,32.61,47.45,0.77
CHAINAT,2020-04,17,32.49,52.16,1.45
CHAINAT,2020-05,14,31.99,60.96,2.54
CHAINAT,2020-06,42,29.3,74.29,5.24
CHAINAT,2020-07,103,28.66,77.42,5.79
CHAINAT,2020-08,125,27.61,82.02,5.58
CHAINAT,2020-09,114,27.51,85.93,8.87
CHAINAT,2020-10,29,25.35,88.11,11.36
CHAINAT,2020-11,12,25.0,85.1,0.73
CHAINAT,2020-12,0,23.25,76.28,0.04
CHAINAT,2021-01,0,23.78,60.22,0.0
CHAINAT,2021-02,0,28.02,52.26,0.45
CHAINAT,2021-03,4,31.53,53.09,0.65
CHAINAT,2021-04,0,29.4,70.92,6.25
CHAINAT,2021-05,1,29.21,77.02,3.73
CHAINAT,2021-06,9,28.31,77.93,3.73
CHAINAT,2021-07,10,27.41,82.82,9.13
CHAINAT,2021-08,9,27.48,84.52,5.88
CHAINAT,2021-09,5,26.64,88.1,12.16
CHAINAT,2021-10,8,26.48,87.95,6.97
CHAINAT,2021-11,7,24.96,85.85,1.12
CHAINAT,2021-12,10,22.17,78.8,0.13
CHAINAT,2022-01,6,25.52,69.12,0.52
CHAINAT,2022-02,1,26.38,67.87,2.17
CHAINAT,2022-03,0,30.12,64.54,2.22
CHAINAT,2022-04,4,30.16,60.42,3.75
CHAINAT,2022-05,16,27.68,80.52,6.96
CHAINAT,2022-06,18,27.81,82.23,5.21
CHAINAT,2022-07,23,27.7,83.94,7.14
CHAINAT,2022-08,15,26.94,86.24,9.26
CHAINAT,2022-09,20,26.8,87.22,11.47
CHAINAT,2022-10,5,25.29,87.62,6.55
CHAINAT,2022-11,16,25.68,86.31,2.93
CHAINAT,2022-12,6,22.65,79.71,0.17
CHAIYAPHUM,2015-01,12,21.53,55.16,0.02
CHAIYAPHUM,2015-02,15,25.18,56.5,0.74
CHAIYAPHUM,2015-03,24,29.03,54.84,1.02
CHAIYAPHUM,2015-04,43,29.66,51.44,1.81
CHAIYAPHUM,2015-05,142,29.85,61.56,1.4
CHAIYAPHUM,2015-06,193,28.44,67.66,2.93
CHAIYAPHUM,2015-07,245,26.76,74.65,5.54
CHAIYAPHUM,2015-08,407,25.55,85.09,5.9
CHAIYAPHUM,2015-09,333,25.52,85.76,6.38
CHAIYAPHUM,2015-10,182,24.47,84.45,3.99
CHAIYAPHUM,2015-11,134,25.2,77.23,0.4
CHAIYAPHUM,2015-12,43,23.99,64.46,0.33
CHAIYAPHUM,2016-01,33,23.34,61.57,1.85
CHAIYAPHUM,2016-02,29,22.72,50.94,0.0
CHAIYAPHUM,2016-03,28,28.97,43.61,0.02
CHAIYAPHUM,2016-04,15,32.17,45.68,2.12
CHAIYAPHUM,2016-05,11,29.41,66.6,3.16
CHAIYAPHUM,2016-06,33,27.36,76.39,6.04
CHAIYAPHUM,2016-07,60,25.8,82.99,4.59
CHAIYAPHUM,2016-08,84,26.09,81.97,4.31
CHAIYAPHUM,2016-09,62,25.29,88.11,9.15
CHAIYAPHUM,2016-10,34,25.27,86.81,3.91
CHAIYAPHUM,2016-11,11,22.81,85.02,2.1
CHAIYAPHUM,2016-12,0,20.85,76.38,0.01
CHAIYAPHUM,2017-01,13,22.9,71.55,0.32
CHAIYAPHUM,2017-02,3,23.93,58.12,0.07
CHAIYAPHUM,2017-03,7,27.43,62.03,2.65
CHAIYAPHUM,2017-04,5,29.1,59.46,1.37
CHAIYAPHUM,2017-05,13,27.04,79.77,8.3
CHAIYAPHUM,2017-06,80,25.87,86.0,6.8
CHAIYAPHUM,2017-07,53,24.97,88.49,8.13
CHAIYAPHUM,2017-08,44,25.49,87.5,6.87
CHAIYAPHUM,2017-09,24,25.92,87.19,5.12
CHAIYAPHUM,2017-10,11,24.22,88.97,4.97
CHAIYAPHUM,2017-11,10,22.0,85.2,0.38
CHAIYAPHUM,2017-12,0,19.92,79.33,0.36
CHAIYAPHUM,2018-01,6,21.94,74.06,0.32
CHAIYAPHUM,2018-02,1,23.31,65.15,0.49
CHAIYAPHUM,2018-03,10,26.98,61.25,0.93
CHAIYAPHUM,2018-04,16,27.44,66.35,3.95
CHAIYAPHUM,2018-05,67,26.81,80.39,6.44
CHAIYAPHUM,2018-06,150,26.02,82.64,4.25
CHAIYAPHUM,2018-07,140,25.09,86.48,5.53
CHAIYAPHUM,2018-08,96,24.9,86.85,4.19
CHAIYAPHUM,2018-09,72,25.43,87.26,5.39
CHAIYAPHUM,2018-10,68,25.06,84.05,2.59
CHAIYAPHUM,2018-11,45,23.79,78.17,0.33
CHAIYAPHUM,2018-12,35,23.33,68.33,0.28
CHAIYAPHUM,2019-01,61,23.19,62.82,0.0
CHAIYAPHUM,2019-02,42,28.13,52.69,0.47
CHAIYAPHUM,2019-03,90,29.88,48.87,0.75
CHAIYAPHUM,2019-04,137,31.27,55.19,2.1
CHAIYAPHUM,2019-05,159,28.28,73.81,5.1
CHAIYAPHUM,2019-06,389,27.83,76.65,3.01
CHAIYAPHUM,2019-07,416,26.38,77.37,3.43
CHAIYAPHUM,2019-08,265,25.9,82.93,7.3
CHAIYAPHUM,2019-09,179,25.29,85.91,7.49
CHAIYAPHUM,2019-10,186,25.37,82.24,1.18
CHAIYAPHUM,2019-11,147,24.11,72.62,0.29
CHAIYAPHUM,2019-12,54,22.12,63.57,0.0
CHAIYAPHUM,2020-01,51,25.37,56.64,0.0
CHAIYAPHUM,2020-02,63,26.18,47.51,0.0
CHAIYAPHUM,2020-03,59,29.39,56.24,1.74
CHAIYAPHUM,2020-04,185,28.01,65.23,3.96
CHAIYAPHUM,2020-05,345,28.87,71.93,5.01
CHAIYAPHUM,2020-06,509,26.37,84.94,7.29
CHAIYAPHUM,2020-07,513,26.15,85.56,4.01
CHAIYAPHUM,2020-08,135,25.58,86.98,8.13
CHAIYAPHUM,2020-09,49,25.82,88.07,7.97
CHAIYAPHUM,2020-10,5,23.08,88.9,6.53
CHAIYAPHUM,2020-11,4,22.53,85.44,0.16
CHAIYAPHUM,2020-12,0,19.88,79.42,0.0
CHAIYAPHUM,2021-01,0,19.7,67.98,0.0
CHAIYAPHUM,2021-02,1,23.97,61.2,0.66
CHAIYAPHUM,2021-03,0,27.84,61.36,1.63
CHAIYAPHUM,2021-04,2,27.32,74.28,6.28
CHAIYAPHUM,2021-05,11,27.56,79.03,3.19
CHAIYAPHUM,2021-06,5,26.43,81.1,2.36
CHAIYAPHUM,2021-07,1,25.9,84.5,7.02
CHAIYAPHUM,2021-08,1,26.07,84.93,5.34
CHAIYAPHUM,2021-09,4,25.37,88.51,13.84
CHAIYAPHUM,2021-10,0,24.3,88.48,6.62
CHAIYAPHUM,2021-11,0,22.45,84.72,0.26
CHAIYAPHUM,2021-12,0,19.43,79.92,0.18
CHAIYAPHUM,2022-01,1,22.35,74.56,0.54
CHAIYAPHUM,2022-02,2,22.41,73.23,1.16
CHAIYAPHUM,2022-03,2,27.03,71.53,4.41
CHAIYAPHUM,2022-04,3,26.39,69.93,3.07
CHAIYAPHUM,2022-05,13,25.41,83.09,5.07
CHAIYAPHUM,2022-06,30,25.77,85.11,4.34
CHAIYAPHUM,2022-07,39,25.88,87.13,11.76
CHAIYAPHUM,2022-08,47,25.36,87.96,8.24
CHAIYAPHUM,2022-09,49,25.0,90.18,16.59
CHAIYAPHUM,2022-10,27,22.97,88.46,3.44
CHAIYAPHUM,2022-11,21,23.57,86.58,2.27
CHAIYAPHUM,2022-12,11,19.54,80.69,0.17
CHANTHABURI,2015-01,26,23.25,71.92,0.17
CHANTHABURI,2015-02,28,25.73,70.66,1.11
CHANTHABURI,2015-03,43,27.79,74.31,1.47
CHANTHABURI,2015-04,48,28.71,71.26,1.9
CHANTHABURI,2015-05,122,28.57,77.93,4.76
CHANTHABURI,2015-06,178,26.9,85.16,11.51
CHANTHABURI,2015-07,283,26.41,87.09,6.32
CHANTHABURI,2015-08,271,26.04,89.23,9.12
CHANTHABURI,2015-09,207,25.91,90.36,13.48
CHANTHABURI,2015-10,165,25.99,87.84,7.36
CHANTHABURI,2015-11,182,25.79,86.47,2.71
CHANTHABURI,2015-12,57,24.98,79.47,0.74
CHANTHABURI,2016-01,43,25.22,77.69,1.61
CHANTHABURI,2016-02,31,25.88,63.99,0.21
CHANTHABURI,2016-03,37,28.47,69.8,0.61
CHANTHABURI,2016-04,16,30.26,66.25,0.7
CHANTHABURI,2016-05,38,29.32,73.5,4.98
CHANTHABURI,2016-06,62,26.68,87.97,13.6
CHANTHABURI,2016-07,108,25.95,89.7,10.36
CHANTHABURI,2016-08,72,26.28,90.02,8.95
CHANTHABURI,2016-09,41,25.76,91.65,12.28
CHANTHABURI,2016-10,45,25.94,90.98,8.73
CHANTHABURI,2016-11,40,25.33,88.37,3.27
CHANTHABURI,2016-12,9,23.52,83.42,0.14
CHANTHABURI,2017-01,5,24.54,79.54,2.19
CHANTHABURI,2017-02,13,25.46,71.14,0.76
CHANTHABURI,2017-03,8,27.15,76.77,3.26
CHANTHABURI,2017-04,18,27.7,78.98,3.36
CHANTHABURI,2017-05,28,27.25,87.87,15.65
CHANTHABURI,2017-06,41,26.4,90.7,9.19
CHANTHABURI,2017-07,48,25.53,91.85,14.36
CHANTHABURI,2017-08,47,25.94,91.16,8.81
CHANTHABURI,2017-09,29,26.33,91.38,10.45
CHANTHABURI,2017-10,17,25.85,90.34,6.82
CHANTHABURI,2017-11,8,24.73,88.86,2.7
CHANTHABURI,2017-12,4,23.23,81.68,0.42
CHANTHABURI,2018-01,5,24.53,80.44,2.18
CHANTHABURI,2018-02,5,24.93,74.59,0.87
CHANTHABURI,2018-03,6,26.98,77.64,3.64
CHANTHABURI,2018-04,15,27.2,80.37,5.71
CHANTHABURI,2018-05,16,27.11,85.84,4.92
CHANTHABURI,2018-06,49,26.3,88.34,9.03
CHANTHABURI,2018-07,50,26.02,89.34,5.87
CHANTHABURI,2018-08,37,25.61,88.72,8.97
CHANTHABURI,2018-09,27,25.87,90.08,10.56
CHANTHABURI,2018-10,22,25.99,89.12,6.28
CHANTHABURI,2018-11,39,25.25,84.75,1.42
CHANTHABURI,2018-12,28,25.44,78.92,0.69
CHANTHABURI,2019-01,24,25.25,71.34,0.08
CHANTHABURI,2019-02,32,27.24,75.01,0.36
CHANTHABURI,2019-03,35,27.8,73.78,2.51
CHANTHABURI,2019-04,82,28.47,78.0,2.92
CHANTHABURI,2019-05,160,28.01,83.46,6.72
CHANTHABURI,2019-06,336,27.08,88.37,10.91
CHANTHABURI,2019-07,330,26.22,88.33,9.44
CHANTHABURI,2019-08,241,26.0,90.05,7.42
CHANTHABURI,2019-09,113,25.82,90.36,12.39
CHANTHABURI,2019-10,78,26.3,87.17,3.34
CHANTHABURI,2019-11,47,25.07,81.89,0.94
CHANTHABURI,2019-12,30,24.02,74.43,0.03
CHANTHABURI,2020-01,26,26.51,72.61,0.5
CHANTHABURI,2020-02,19,26.99,65.51,0.57
CHANTHABURI,2020-03,26,28.62,72.42,2.28
CHANTHABURI,2020-04,51,28.24,76.51,4.96
CHANTHABURI,2020-05,98,28.16,83.71,7.36
CHANTHABURI,2020-06,182,26.53,90.67,13.48
CHANTHABURI,2020-07,119,26.24,90.46,8.18
CHANTHABURI,2020-08,63,26.18,90.59,9.19
CHANTHABURI,2020-09,26,26.17,91.74,15.27
CHANTHABURI,2020-10,20,24.92,91.74,16.54
CHANTHABURI,2020-11,8,24.82,87.98,1.71
CHANTHABURI,2020-12,8,23.21,82.81,0.41
CHANTHABURI,2021-01,2,23.19,71.9,0.01
CHANTHABURI,2021-02,0,26.1,69.58,1.77
CHANTHABURI,2021-03,0,27.6,77.15,3.27
CHANTHABURI,2021-04,0,27.05,84.81,8.01
CHANTHABURI,2021-05,2,27.18,88.1,6.76
CHANTHABURI,2021-06,4,26.43,89.61,8.94
CHANTHABURI,2021-07,4,26.01,91.19,14.09
CHANTHABURI,2021-08,1,26.13,90.83,12.88
CHANTHABURI,2021-09,3,25.5,92.49,18.62
CHANTHABURI,2021-10,3,25.66,91.81,13.33
CHANTHABURI,2021-11,1,24.92,88.78,2.27
CHANTHABURI,2021-12,1,22.56,83.12,0.16
CHANTHABURI,2022-01,1,24.9,77.84,0.67
CHANTHABURI,2022-02,0,25.46,79.94,4.53
CHANTHABURI,2022-03,2,27.21,81.82,3.29
CHANTHABURI,2022-04,12,27.4,77.3,3.32
CHANTHABURI,2022-05,18,26.52,86.68,8.37
CHANTHABURI,2022-06,18,26.59,88.68,5.98
CHANTHABURI,2022-07,25,26.41,89.79,12.35
CHANTHABURI,2022-08,35,25.79,91.35,16.75
CHANTHABURI,2022-09,26,25.5,92.86,21.37
CHANTHABURI,2022-10,17,25.02,89.2,7.93
CHANTHABURI,2022-11,32,24.94,88.67,5.17
CHANTHABURI,2022-12,23,22.86,81.87,0.07
CHIANG MAI,2015-01,15,19.76,64.65,2.14
CHIANG MAI,2015-02,11,22.68,49.59,0.03
CHIANG MAI,2015-03,7,26.78,46.71,1.1
CHIANG MAI,2015-04,20,28.18,54.17,1.77
CHIANG MAI,2015-05,140,28.56,62.56,2.74
CHIANG MAI,2015-06,340,27.45,67.64,2.41
CHIANG MAI,2015-07,530,25.88,76.03,4.94
CHIANG MAI,2015-08,715,24.98,83.0,5.25
CHIANG MAI,2015-09,925,25.08,83.64,4.73
CHIANG MAI,2015-10,806,24.39,77.42,2.77
CHIANG MAI,2015-11,797,24.71,68.72,1.15
CHIANG MAI,2015-12,316,22.16,67.23,1.02
CHIANG MAI,2016-01,73,19.76,55.89,1.7
CHIANG MAI,2016-02,24,22.02,51.87,0.47
CHIANG MAI,2016-03,41,27.45,43.76,0.03
CHIANG MAI,2016-04,57,31.19,40.92,0.87
CHIANG MAI,2016-05,96,29.24,58.66,3.52
CHIANG MAI,2016-06,260,25.47,80.92,6.25
CHIANG MAI,2016-07,903,25.18,82.18,5.92
CHIANG MAI,2016-08,1339,24.75,84.02,5.62
CHIANG MAI,2016-09,700,24.38,88.57,6.79
CHIANG MAI,2016-10,216,24.06,88.05,5.46
CHIANG MAI,2016-11,182,22.1,86.13,1.92
CHIANG MAI,2016-12,61,20.46,79.29,0.14
CHIANG MAI,2017-01,33,21.02,77.01,1.44
CHIANG MAI,2017-02,23,22.85,54.19,0.0
CHIANG MAI,2017-03,27,26.29,47.21,0.96
CHIANG MAI,2017-04,37,27.37,62.45,3.0
CHIANG MAI,2017-05,114,26.26,80.33,9.84
CHIANG MAI,2017-06,232,25.21,83.22,4.87
CHIANG MAI,2017-07,413,24.49,86.21,9.15
CHIANG MAI,2017-08,256,24.57,86.87,7.9
CHIANG MAI,2017-09,131,24.76,88.6,6.37
CHIANG MAI,2017-10,117,23.35,90.33,6.52
CHIANG MAI,2017-11,74,21.28,88.18,0.68
CHIANG MAI,2017-12,53,18.84,84.56,0.86
CHIANG MAI,2018-01,18,19.67,77.16,0.32
CHIANG MAI,2018-02,13,21.6,68.78,0.31
CHIANG MAI,2018-03,11,25.32,56.04,0.34
CHIANG MAI,2018-04,17,26.53,65.5,3.48
CHIANG MAI,2018-05,33,25.54,80.69,8.15
CHIANG MAI,2018-06,103,24.75,83.03,5.01
CHIANG MAI,2018-07,235,24.85,83.8,6.06
CHIANG MAI,2018-08,251,24.39,85.44,4.27
CHIANG MAI,2018-09,174,24.73,85.26,4.05
CHIANG MAI,2018-10,115,23.65,87.31,5.47
CHIANG MAI,2018-11,72,22.6,80.2,0.53
CHIANG MAI,2018-12,55,21.41,77.12,0.55
CHIANG MAI,2019-01,25,21.51,71.74,1.08
CHIANG MAI,2019-02,21,24.17,49.35,0.11
CHIANG MAI,2019-03,34,26.86,43.59,0.12
CHIANG MAI,2019-04,32,30.73,39.73,0.49
CHIANG MAI,2019-05,77,28.92,63.62,4.25
CHIANG MAI,2019-06,209,27.05,73.91,2.6
CHIANG MAI,2019-07,520,26.12,73.23,3.57
CHIANG MAI,2019-08,528,24.71,86.61,11.92
CHIANG MAI,2019-09,530,24.4,86.37,7.31
CHIANG MAI,2019-10,492,24.17,84.92,3.49
CHIANG MAI,2019-11,365,22.18,81.65,0.84
CHIANG MAI,2019-12,129,19.27,69.65,0.28
CHIANG MAI,2020-01,59,21.86,55.3,0.0
CHIANG MAI,2020-02,14,23.63,49.44,0.0
CHIANG MAI,2020-03,13,27.29,40.36,0.07
CHIANG MAI,2020-04,15,28.65,47.12,2.92
CHIANG MAI,2020-05,79,28.53,63.99,2.86
CHIANG MAI,2020-06,181,26.3,78.89,5.2
CHIANG MAI,2020-07,716,26.13,78.53,3.66
CHIANG MAI,2020-08,838,24.42,87.79,10.65
CHIANG MAI,2020-09,440,24.78,88.54,5.7
CHIANG MAI,2020-10,214,23.14,87.23,3.7
CHIANG MAI,2020-11,118,22.25,80.94,0.34
CHIANG MAI,2020-12,50,20.41,72.49,0.0
CHIANG MAI,2021-01,18,20.49,63.54,0.32
CHIANG MAI,2021-02,11,22.95,57.36,1.16
CHIANG MAI,2021-03,10,27.26,43.46,0.18
CHIANG MAI,2021-04,4,25.83,72.36,5.96
CHIANG MAI,2021-05,12,26.76,74.99,3.15
CHIANG MAI,2021-06,37,25.71,78.5,4.19
CHIANG MAI,2021-07,59,25.08,83.96,7.02
CHIANG MAI,2021-08,45,24.89,84.88,6.9
CHIANG MAI,2021-09,19,24.1,89.34,9.97
CHIANG MAI,2021-10,9,23.3,89.41,6.25
CHIANG MAI,2021-11,9,21.98,86.94,1.04
CHIANG MAI,2021-12,4,18.61,81.83,0.03
CHIANG MAI,2022-01,1,19.91,76.08,0.93
CHIANG MAI,2022-02,5,20.48,70.84,1.3
CHIANG MAI,2022-03,11,26.33,65.97,1.59
CHIANG MAI,2022-04,7,26.52,66.16,3.98
CHIANG MAI,2022-05,75,24.63,82.84,10.01
CHIANG MAI,2022-06,318,25.12,81.64,2.67
CHIANG MAI,2022-07,336,25.25,84.35,6.15
CHIANG MAI,2022-08,286,24.45,88.09,8.71
CHIANG MAI,2022-09,216,24.17,89.82,13.04
CHIANG MAI,2022-10,164,23.01,87.43,3.76
CHIANG MAI,2022-11,108,22.34,86.66,1.18
CHIANG MAI,2022-12,59,19.84,85.3,1.06
CHIANG RAI,2015-01,5,18.59,69.99,2.06
CHIANG RAI,2015-02,1,22.04,56.19,0.03
CHIANG RAI,2015-03,1,26.4,50.98,1.03
CHIANG RAI,2015-04,6,27.42,61.81,4.1
CHIANG RAI,2015-05,111,29.12,63.95,2.58
CHIANG RAI,2015-06,241,28.17,68.48,2.23
CHIANG RAI,2015-07,215,26.35,78.92,6.78
CHIANG RAI,2015-08,290,25.27,85.13,6.28
CHIANG RAI,2015-09,232,25.7,83.69,5.0
CHIANG RAI,2015-10,104,24.33,78.53,2.82
CHIANG RAI,2015-11,183,24.04,71.52,1.18
CHIANG RAI,2015-12,72,21.59,69.72,1.04
CHIANG RAI,2016-01,31,19.68,58.25,1.36
CHIANG RAI,2016-02,19,21.58,55.31,0.18
CHIANG RAI,2016-03,17,27.65,42.55,0.02
CHIANG RAI,2016-04,26,32.14,37.45,0.92
CHIANG RAI,2016-05,42,29.12,64.98,5.58
CHIANG RAI,2016-06,108,26.12,81.41,7.27
CHIANG RAI,2016-07,292,25.49,84.46,8.17
CHIANG RAI,2016-08,292,25.32,85.91,10.67
CHIANG RAI,2016-09,154,25.36,85.14,8.02
CHIANG RAI,2016-10,61,24.78,84.07,4.62
CHIANG RAI,2016-11,38,22.09,84.32,2.58
CHIANG RAI,2016-12,19,19.58,81.74,0.1
CHIANG RAI,2017-01,14,20.15,81.42,1.92
CHIANG RAI,2017-02,13,21.23,66.8,0.0
CHIANG RAI,2017-03,5,25.35,58.65,0.46
CHIANG RAI,2017-04,17,26.42,70.74,4.26
CHIANG RAI,2017-05,50,26.64,78.7,7.64
CHIANG RAI,2017-06,271,25.95,83.53,5.71
CHIANG RAI,2017-07,328,25.23,86.28,16.74
CHIANG RAI,2017-08,316,25.12,87.91,10.38
CHIANG RAI,2017-09,238,25.41,86.48,7.14
CHIANG RAI,2017-10,158,24.04,86.18,5.92
CHIANG RAI,2017-11,137,21.67,85.39,0.51
CHIANG RAI,2017-12,57,18.18,84.34,2.02
CHIANG RAI,2018-01,30,19.61,78.58,0.37
CHIANG RAI,2018-02,10,20.62,74.72,0.28
CHIANG RAI,2018-03,16,23.86,68.39,1.0
CHIANG RAI,2018-04,26,25.33,74.39,5.53
CHIANG RAI,2018-05,141,25.6,82.54,11.1
CHIANG RAI,2018-06,414,25.15,85.66,5.78
CHIANG RAI,2018-07,619,25.4,86.54,8.88
CHIANG RAI,2018-08,559,24.88,88.26,8.72
CHIANG RAI,2018-09,336,25.21,86.01,5.82
CHIANG RAI,2018-10,248,24.05,85.54,5.02
CHIANG RAI,2018-11,129,22.03,82.13,1.08
CHIANG RAI,2018-12,74,20.28,83.3,0.78
CHIANG RAI,2019-01,30,20.07,81.2,1.6
CHIANG RAI,2019-02,19,22.09,65.14,0.04
CHIANG RAI,2019-03,43,24.8,59.13,0.25
CHIANG RAI,2019-04,67,29.35,54.18,0.84
CHIANG RAI,2019-05,113,29.03,67.12,3.81
CHIANG RAI,2019-06,358,27.38,76.27,2.4
CHIANG RAI,2019-07,1173,26.61,76.42,6.04
CHIANG RAI,2019-08,1106,25.55,86.77,13.34
CHIANG RAI,2019-09,909,25.24,81.82,3.8
CHIANG RAI,2019-10,453,24.67,80.85,2.2
CHIANG RAI,2019-11,341,22.55,79.85,0.61
CHIANG RAI,2019-12,50,19.2,68.59,0.42
CHIANG RAI,2020-01,36,21.73,60.29,0.0
CHIANG RAI,2020-02,22,23.02,56.62,0.0
CHIANG RAI,2020-03,23,27.66,42.96,0.12
CHIANG RAI,2020-04,24,28.3,53.65,4.02
CHIANG RAI,2020-05,167,29.25,65.55,3.81
CHIANG RAI,2020-06,296,26.71,80.12,6.47
CHIANG RAI,2020-07,436,25.95,84.04,5.41
CHIANG RAI,2020-08,258,25.13,87.84,13.31
CHIANG RAI,2020-09,117,25.45,86.61,5.94
CHIANG RAI,2020-10,63,23.32,84.92,2.05
CHIANG RAI,2020-11,25,21.79,81.73,0.62
CHIANG RAI,2020-12,8,19.21,77.96,0.01
CHIANG RAI,2021-01,6,18.89,71.83,0.28
CHIANG RAI,2021-02,0,22.17,66.61,2.83
CHIANG RAI,2021-03,3,26.87,53.83,0.43
CHIANG RAI,2021-04,10,25.95,73.21,5.16
CHIANG RAI,2021-05,76,26.95,77.65,3.9
CHIANG RAI,2021-06,66,25.8,83.22,6.75
CHIANG RAI,2021-07,52,25.73,84.93,7.84
CHIANG RAI,2021-08,21,25.56,85.4,10.17
CHIANG RAI,2021-09,23,25.05,85.62,7.73
CHIANG RAI,2021-10,19,23.89,85.55,5.43
CHIANG RAI,2021-11,7,22.37,84.18,1.22
CHIANG RAI,2021-12,3,18.44,79.45,0.06
CHIANG RAI,2022-01,2,19.94,75.32,1.81
CHIANG RAI,2022-02,1,20.15,73.31,1.38
CHIANG RAI,2022-03,5,25.73,71.38,2.87
CHIANG RAI,2022-04,8,25.98,71.32,4.44
CHIANG RAI,2022-05,20,25.26,81.49,8.78
CHIANG RAI,2022-06,47,25.59,83.59,4.24
CHIANG RAI,2022-07,59,25.93,85.11,7.96
CHIANG RAI,2022-08,77,25.42,86.23,10.82
CHIANG RAI,2022-09,32,25.29,85.58,10.03
CHIANG RAI,2022-10,50,23.53,83.31,4.25
CHIANG RAI,2022-11,31,22.71,81.19,1.85
CHIANG RAI,2022-12,19,19.67,83.56,0.44
CHONBURI,2015-01,64,24.81,67.2,0.14
CHONBURI,2015-02,38,26.91,67.53,0.74
CHONBURI,2015-03,44,28.64,72.21,1.8
CHONBURI,2015-04,45,29.6,68.21,2.02
CHONBURI,2015-05,143,29.61,74.35,2.88
CHONBURI,2015-06,191,28.38,78.72,7.46
CHONBURI,2015-07,279,28.11,78.84,3.93
CHONBURI,2015-08,286,27.44,82.11,5.78
CHONBURI,2015-09,176,27.17,84.18,11.99
CHONBURI,2015-10,237,27.13,83.84,6.35
CHONBURI,2015-11,316,27.01,82.42,2.55
CHONBURI,2015-12,186,26.4,75.38,0.83
CHONBURI,2016-01,137,26.58,73.04,1.91
CHONBURI,2016-02,70,27.02,62.62,0.34
CHONBURI,2016-03,58,29.15,68.52,0.43
CHONBURI,2016-04,31,30.87,65.95,0.4
CHONBURI,2016-05,20,30.49,69.19,3.71
CHONBURI,2016-06,8,27.95,82.54,9.91
CHONBURI,2016-07,14,27.25,84.06,7.47
CHONBURI,2016-08,36,27.55,84.1,6.25
CHONBURI,2016-09,47,26.83,86.53,10.1
CHONBURI,2016-10,34,26.85,87.04,8.95
CHONBURI,2016-11,19,26.24,85.88,3.06
CHONBURI,2016-12,10,24.31,82.71,0.36
CHONBURI,2017-01,27,25.31,79.05,3.08
CHONBURI,2017-02,20,26.52,69.04,0.69
CHONBURI,2017-03,22,28.18,73.29,2.73
CHONBURI,2017-04,26,28.8,74.91,2.62
CHONBURI,2017-05,39,28.49,82.92,11.9
CHONBURI,2017-06,76,27.75,84.41,5.52
CHONBURI,2017-07,96,26.82,85.83,12.9
CHONBURI,2017-08,36,27.1,85.75,6.46
CHONBURI,2017-09,33,27.55,85.89,7.99
CHONBURI,2017-10,44,26.85,87.06,7.54
CHONBURI,2017-11,48,25.7,86.79,3.33
CHONBURI,2017-12,42,24.07,81.27,0.63
CHONBURI,2018-01,43,25.47,78.87,1.66
CHONBURI,2018-02,43,26.14,71.4,1.45
CHONBURI,2018-03,58,28.01,74.15,2.33
CHONBURI,2018-04,96,28.42,75.36,6.05
CHONBURI,2018-05,188,28.21,82.0,4.25
CHONBURI,2018-06,287,27.72,81.82,5.31
CHONBURI,2018-07,311,27.44,82.92,4.06
CHONBURI,2018-08,210,27.04,82.12,6.29
CHONBURI,2018-09,157,27.08,84.76,10.16
CHONBURI,2018-10,78,27.13,84.68,6.93
CHONBURI,2018-11,191,26.34,81.58,1.96
CHONBURI,2018-12,152,26.41,77.36,0.88
CHONBURI,2019-01,155,26.46,69.19,0.26
CHONBURI,2019-02,139,27.99,72.98,0.5
CHONBURI,2019-03,116,28.74,71.36,1.71
CHONBURI,2019-04,151,29.71,73.07,2.38
CHONBURI,2019-05,151,29.53,76.14,6.0
CHONBURI,2019-06,234,28.33,83.26,7.54
CHONBURI,2019-07,420,27.71,80.75,5.0
CHONBURI,2019-08,304,27.37,83.71,4.84
CHONBURI,2019-09,207,27.01,85.07,9.86
CHONBURI,2019-10,237,27.52,82.8,4.28
CHONBURI,2019-11,254,26.31,77.85,1.23
CHONBURI,2019-12,155,25.6,69.8,0.06
CHONBURI,2020-01,79,27.96,68.61,0.27
CHONBURI,2020-02,63,28.35,62.98,0.54
CHONBURI,2020-03,44,29.53,68.96,1.19
CHONBURI,2020-04,48,29.35,72.5,4.74
CHONBURI,2020-05,87,29.35,78.87,5.05
CHONBURI,2020-06,148,27.89,84.29,11.06
CHONBURI,2020-07,287,27.49,85.16,6.93
CHONBURI,2020-08,333,27.44,84.82,6.03
CHONBURI,2020-09,255,27.27,86.91,13.13
CHONBURI,2020-10,154,25.89,88.24,15.16
CHONBURI,2020-11,143,25.83,86.17,1.63
CHONBURI,2020-12,54,24.24,81.56,0.54
CHONBURI,2021-01,52,24.39,69.5,0.03
CHONBURI,2021-02,28,27.26,66.86,1.39
CHONBURI,2021-03,27,28.56,73.74,2.45
CHONBURI,2021-04,25,28.3,79.31,6.09
CHONBURI,2021-05,29,28.47,82.66,6.02
CHONBURI,2021-06,46,27.84,82.88,4.96
CHONBURI,2021-07,8,27.39,84.78,9.55
CHONBURI,2021-08,16,27.25,85.92,9.8
CHONBURI,2021-09,10,26.63,87.68,15.03
CHONBURI,2021-10,16,26.7,88.09,10.34
CHONBURI,2021-11,45,25.98,86.58,3.05
CHONBURI,2021-12,31,23.65,81.69,0.19
CHONBURI,2022-01,22,26.22,74.49,0.77
CHONBURI,2022-02,18,26.7,76.17,3.88
CHONBURI,2022-03,30,28.2,78.12,3.0
CHONBURI,2022-04,44,28.62,73.12,2.6
CHONBURI,2022-05,63,27.76,81.45,6.37
CHONBURI,2022-06,153,27.88,82.86,5.75
CHONBURI,2022-07,194,27.51,85.19,8.85
CHONBURI,2022-08,210,27.07,85.27,11.41
CHONBURI,2022-09,289,26.71,87.26,15.98
CHONBURI,2022-10,301,25.97,86.62,7.64
CHONBURI,2022-11,266,26.01,85.43,5.01
CHONBURI,2022-12,231,23.93,80.78,0.19
CHUMPHON,2015-01,26,24.5,79.61,1.33
CHUMPHON,2015-02,27,26.31,72.2,0.08
CHUMPHON,2015-03,22,29.15,64.49,1.08
CHUMPHON,2015-04,27,29.0,69.19,4.58
CHUMPHON,2015-05,43,27.72,82.12,5.14
CHUMPHON,2015-06,66,26.66,85.68,9.25
CHUMPHON,2015-07,61,26.25,87.95,10.55
CHUMPHON,2015-08,64,25.81,88.73,11.95
CHUMPHON,2015-09,53,25.59,89.59,14.94
CHUMPHON,2015-10,45,26.29,87.76,6.8
CHUMPHON,2015-11,44,26.12,88.85,8.5
CHUMPHON,2015-12,18,26.0,84.54,4.47
CHUMPHON,2016-01,25,26.01,82.85,3.47
CHUMPHON,2016-02,19,26.0,77.1,0.43
CHUMPHON,2016-03,5,29.06,66.19,1.97
CHUMPHON,2016-04,6,30.72,62.83,0.43
CHUMPHON,2016-05,7,29.8,70.19,8.16
CHUMPHON,2016-06,18,26.39,87.8,9.21
CHUMPHON,2016-07,28,25.97,89.03,10.89
CHUMPHON,2016-08,42,25.98,90.2,12.97
CHUMPHON,2016-09,34,25.28,90.55,11.55
CHUMPHON,2016-10,30,25.31,90.13,14.01
CHUMPHON,2016-11,14,26.06,88.33,4.97
CHUMPHON,2016-12,5,25.01,88.07,9.06
CHUMPHON,2017-01,11,24.89,87.65,19.32
CHUMPHON,2017-02,13,25.48,80.83,2.0
CHUMPHON,2017-03,19,27.41,77.35,2.6
CHUMPHON,2017-04,19,27.32,82.38,4.15
CHUMPHON,2017-05,43,27.36,86.31,11.82
CHUMPHON,2017-06,29,26.33,88.71,10.13
CHUMPHON,2017-07,29,25.69,89.18,13.82
CHUMPHON,2017-08,25,25.75,90.21,11.38
CHUMPHON,2017-09,28,26.07,89.31,9.67
CHUMPHON,2017-10,30,26.0,88.27,6.09
CHUMPHON,2017-11,40,25.61,89.11,7.27
CHUMPHON,2017-12,13,24.86,85.23,6.59
CHUMPHON,2018-01,15,25.49,83.19,2.08
CHUMPHON,2018-02,19,26.02,78.95,2.04
CHUMPHON,2018-03,9,28.18,72.92,2.26
CHUMPHON,2018-04,11,28.0,76.95,8.27
CHUMPHON,2018-05,21,27.32,84.29,7.73
CHUMPHON,2018-06,17,26.03,88.15,13.29
CHUMPHON,2018-07,57,25.88,89.48,15.31
CHUMPHON,2018-08,29,25.61,89.88,15.81
CHUMPHON,2018-09,19,25.72,88.58,8.42
CHUMPHON,2018-10,13,26.28,86.93,9.51
CHUMPHON,2018-11,24,26.18,85.93,8.67
CHUMPHON,2018-12,11,25.93,87.27,5.38
CHUMPHON,2019-01,30,25.3,84.61,5.38
CHUMPHON,2019-02,36,26.41,80.38,1.08
CHUMPHON,2019-03,33,28.54,69.39,0.55
CHUMPHON,2019-04,47,30.31,65.28,2.19
CHUMPHON,2019-05,64,27.32,84.33,9.12
CHUMPHON,2019-06,66,26.76,88.7,10.87
CHUMPHON,2019-07,76,26.34,87.41,8.51
CHUMPHON,2019-08,53,25.78,90.32,18.82
CHUMPHON,2019-09,44,25.59,89.73,12.31
CHUMPHON,2019-10,33,26.55,86.12,6.71
CHUMPHON,2019-11,8,26.08,83.95,6.18
CHUMPHON,2019-12,12,24.89,83.18,1.86
CHUMPHON,2020-01,5,26.19,78.8,0.72
CHUMPHON,2020-02,9,26.71,75.29,2.65
CHUMPHON,2020-03,13,29.81,61.34,0.0
CHUMPHON,2020-04,13,29.63,67.57,4.64
CHUMPHON,2020-05,16,28.73,78.06,5.91
CHUMPHON,2020-06,25,26.26,89.41,12.86
CHUMPHON,2020-07,36,26.1,88.02,10.26
CHUMPHON,2020-08,21,26.25,87.8,9.09
CHUMPHON,2020-09,31,26.06,89.12,13.55
CHUMPHON,2020-10,43,25.47,89.58,14.07
CHUMPHON,2020-11,32,26.08,86.57,4.66
CHUMPHON,2020-12,14,25.0,85.38,7.42
CHUMPHON,2021-01,7,24.64,80.11,0.58
CHUMPHON,2021-02,17,26.54,74.34,0.58
CHUMPHON,2021-03,7,28.78,66.63,0.61
CHUMPHON,2021-04,5,27.59,78.56,5.01
CHUMPHON,2021-05,17,27.42,84.3,9.48
CHUMPHON,2021-06,22,26.37,87.82,8.25
CHUMPHON,2021-07,27,26.13,89.56,17.85
CHUMPHON,2021-08,31,25.85,90.21,14.16
CHUMPHON,2021-09,11,25.72,89.09,11.35
CHUMPHON,2021-10,15,25.87,89.43,17.05
CHUMPHON,2021-11,9,25.74,90.59,18.71
CHUMPHON,2021-12,7,24.74,84.14,2.41
CHUMPHON,2022-01,11,25.86,79.26,0.68
CHUMPHON,2022-02,9,26.27,83.12,10.59
CHUMPHON,2022-03,6,26.94,83.67,5.45
CHUMPHON,2022-04,4,27.16,83.38,3.23
CHUMPHON,2022-05,23,26.5,88.67,19.71
CHUMPHON,2022-06,12,26.08,89.17,7.16
CHUMPHON,2022-07,8,26.12,89.65,15.22
CHUMPHON,2022-08,19,26.01,89.11,7.24
CHUMPHON,2022-09,19,25.62,88.53,13.07
CHUMPHON,2022-10,19,25.51,89.95,18.27
CHUMPHON,2022-11,22,25.59,88.15,13.0
CHUMPHON,2022-12,25,24.86,84.96,5.31
KALASIN,2015-01,3,22.22,55.18,0.03
KALASIN,2015-02,0,25.72,57.3,1.42
KALASIN,2015-03,9,29.9,52.54,1.21
KALASIN,2015-04,19,30.98,46.88,1.37
KALASIN,2015-05,44,30.24,64.94,3.49
KALASIN,2015-06,109,29.16,69.89,2.88
KALASIN,2015-07,126,27.34,79.38,8.0
KALASIN,2015-08,207,26.27,88.86,7.98
KALASIN,2015-09,196,26.41,88.03,4.75
KALASIN,2015-10,105,25.44,82.74,3.33
KALASIN,2015-11,158,26.26,75.41,0.78
KALASIN,2015-12,84,24.82,61.08,0.01
KALASIN,2016-01,42,24.82,57.09,0.66
KALASIN,2016-02,25,23.37,46.81,0.01
KALASIN,2016-03,39,30.11,40.3,0.04
KALASIN,2016-04,22,33.5,43.63,2.37
KALASIN,2016-05,18,30.34,66.89,4.3
KALASIN,2016-06,55,28.36,77.02,7.62
KALASIN,2016-07,95,26.42,87.3,7.33
KALASIN,2016-08,129,26.59,87.08,9.31
KALASIN,2016-09,77,26.31,89.34,11.02
KALASIN,2016-10,49,26.05,86.62,3.39
KALASIN,2016-11,6,23.55,85.19,1.51
KALASIN,2016-12,8,21.97,75.77,0.02
KALASIN,2017-01,15,23.87,66.96,0.05
KALASIN,2017-02,5,24.4,56.87,0.23
KALASIN,2017-03,6,27.66,62.65,3.52
KALASIN,2017-04,5,29.49,60.75,1.99
KALASIN,2017-05,25,27.86,79.15,8.78
KALASIN,2017-06,125,26.57,88.22,10.66
KALASIN,2017-07,112,25.72,91.8,18.04
KALASIN,2017-08,87,26.35,90.08,8.18
KALASIN,2017-09,31,26.96,88.35,9.33
KALASIN,2017-10,27,24.94,87.85,4.49
KALASIN,2017-11,5,22.91,83.49,0.07
KALASIN,2017-12,1,20.99,73.95,0.29
KALASIN,2018-01,1,23.36,65.0,0.03
KALASIN,2018-02,1,23.94,58.4,0.67
KALASIN,2018-03,3,27.66,57.54,1.89
KALASIN,2018-04,3,29.27,57.95,3.21
KALASIN,2018-05,36,28.25,76.84,6.12
KALASIN,2018-06,100,26.73,86.14,8.1
KALASIN,2018-07,132,25.77,90.45,15.21
KALASIN,2018-08,89,25.64,90.72,7.43
KALASIN,2018-09,52,26.52,87.65,6.74
KALASIN,2018-10,33,25.66,84.67,0.84
KALASIN,2018-11,14,24.87,77.08,0.19
KALASIN,2018-12,21,23.9,67.65,0.31
KALASIN,2019-01,13,23.87,62.01,0.0
KALASIN,2019-02,17,28.99,51.95,0.91
KALASIN,2019-03,32,31.09,47.78,0.78
KALASIN,2019-04,43,31.66,57.24,2.49
KALASIN,2019-05,50,29.25,73.27,5.68
KALASIN,2019-06,172,28.42,79.77,4.23
KALASIN,2019-07,203,27.08,81.53,6.69
KALASIN,2019-08,183,26.43,87.76,18.62
KALASIN,2019-09,98,25.88,88.27,10.5
KALASIN,2019-10,69,25.95,82.77,0.92
KALASIN,2019-11,56,24.38,75.45,0.13
KALASIN,2019-12,21,22.85,64.98,0.0
KALASIN,2020-01,24,25.5,58.99,0.2
KALASIN,2020-02,18,26.38,51.94,0.01
KALASIN,2020-03,29,29.73,57.84,2.71
KALASIN,2020-04,80,28.81,61.77,2.64
KALASIN,2020-05,64,30.37,67.83,4.66
KALASIN,2020-06,81,27.69,82.52,3.4
KALASIN,2020-07,155,27.22,85.57,7.58
KALASIN,2020-08,85,26.44,89.29,11.34
KALASIN,2020-09,46,26.92,87.76,6.78
KALASIN,2020-10,20,23.84,89.69,8.14
KALASIN,2020-11,9,23.12,85.31,0.09
KALASIN,2020-12,3,20.55,77.01,0.0
KALASIN,2021-01,2,20.49,64.23,0.0
KALASIN,2021-02,2,24.88,58.77,0.92
KALASIN,2021-03,3,29.06,57.3,2.5
KALASIN,2021-04,3,29.09,67.89,4.8
KALASIN,2021-05,8,28.67,78.12,4.65
KALASIN,2021-06,30,27.02,86.13,7.2
KALASIN,2021-07,10,26.64,87.53,8.0
KALASIN,2021-08,25,26.75,87.5,7.05
KALASIN,2021-09,20,26.3,88.83,11.18
KALASIN,2021-10,10,25.0,87.93,5.04
KALASIN,2021-11,4,22.96,83.23,0.01
KALASIN,2021-12,2,20.51,75.92,0.01
KALASIN,2022-01,3,24.11,66.02,0.19
KALASIN,2022-02,4,23.02,65.4,1.29
KALASIN,2022-03,2,28.25,64.77,3.39
KALASIN,2022-04,0,27.73,64.11,2.15
KALASIN,2022-05,7,26.11,83.78,9.56
KALASIN,2022-06,66,26.61,87.67,5.93
KALASIN,2022-07,65,26.82,88.6,9.7
KALASIN,2022-08,51,26.4,89.23,9.52
KALASIN,2022-09,15,26.4,89.15,10.72
KALASIN,2022-10,14,23.95,86.62,3.33
KALASIN,2022-11,17,24.63,84.01,1.44
KALASIN,2022-12,8,20.48,73.8,0.0
KAMPAENG PHET,2015-01,5,22.73,58.23,1.45
KAMPAENG PHET,2015-02,13,26.5,47.77,0.08
KAMPAENG PHET,2015-03,16,30.57,46.26,0.97
KAMPAENG PHET,2015-04,12,30.99,49.73,1.71
KAMPAENG PHET,2015-05,31,31.05,57.73,1.78
KAMPAENG PHET,2015-06,48,29.19,65.68,3.41
KAMPAENG PHET,2015-07,78,27.22,75.29,5.97
KAMPAENG PHET,2015-08,62,26.32,82.2,5.84
KAMPAENG PHET,2015-09,76,26.26,84.67,7.19
KAMPAENG PHET,2015-10,91,25.84,82.57,4.33
KAMPAENG PHET,2015-11,47,26.68,72.86,0.85
KAMPAENG PHET,2015-12,48,25.03,64.02,0.51
KAMPAENG PHET,2016-01,24,23.78,53.61,1.11
KAMPAENG PHET,2016-02,4,25.26,44.79,0.0
KAMPAENG PHET,2016-03,9,30.29,41.05,0.13
KAMPAENG PHET,2016-04,15,33.91,40.73,0.15
KAMPAENG PHET,2016-05,6,31.79,54.98,3.01
KAMPAENG PHET,2016-06,6,27.66,77.62,6.32
KAMPAENG PHET,2016-07,6,26.47,82.74,7.47
KAMPAENG PHET,2016-08,15,26.04,84.22,6.28
KAMPAENG PHET,2016-09,18,25.65,87.53,8.0
KAMPAENG PHET,2016-10,14,26.02,85.93,7.07
KAMPAENG PHET,2016-11,5,23.92,84.29,1.39
KAMPAENG PHET,2016-12,1,22.52,74.57,0.03
KAMPAENG PHET,2017-01,1,24.32,69.56,0.8
KAMPAENG PHET,2017-02,3,26.3,49.8,0.12
KAMPAENG PHET,2017-03,9,29.91,44.9,0.75
KAMPAENG PHET,2017-04,17,30.64,55.68,2.42
KAMPAENG PHET,2017-05,13,28.06,78.65,10.73
KAMPAENG PHET,2017-06,66,26.53,84.99,5.35
KAMPAENG PHET,2017-07,116,25.57,86.83,12.28
KAMPAENG PHET,2017-08,52,25.81,86.79,7.59
KAMPAENG PHET,2017-09,63,26.55,86.42,5.9
KAMPAENG PHET,2017-10,25,25.24,88.02,7.2
KAMPAENG PHET,2017-11,12,23.43,85.9,0.77
KAMPAENG PHET,2017-12,6,21.42,78.36,0.68
KAMPAENG PHET,2018-01,9,24.02,68.6,0.2
KAMPAENG PHET,2018-02,8,25.93,60.05,0.87
KAMPAENG PHET,2018-03,12,29.04,48.34,0.65
KAMPAENG PHET,2018-04,27,29.65,58.66,2.31
KAMPAENG PHET,2018-05,56,28.72,71.48,5.56
KAMPAENG PHET,2018-06,135,26.95,78.99,6.31
KAMPAENG PHET,2018-07,153,25.88,83.67,7.63
KAMPAENG PHET,2018-08,117,25.48,85.86,6.82
KAMPAENG PHET,2018-09,68,26.05,85.91,5.29
KAMPAENG PHET,2018-10,38,25.96,84.02,3.84
KAMPAENG PHET,2018-11,41,25.13,76.69,0.72
KAMPAENG PHET,2018-12,36,24.65,69.32,0.36
KAMPAENG PHET,2019-01,17,25.17,61.43,0.42
KAMPAENG PHET,2019-02,14,28.35,49.08,0.59
KAMPAENG PHET,2019-03,25,30.73,41.77,0.45
KAMPAENG PHET,2019-04,26,33.43,42.37,0.88
KAMPAENG PHET,2019-05,18,30.33,64.68,4.2
KAMPAENG PHET,2019-06,54,28.01,78.72,6.78
KAMPAENG PHET,2019-07,87,26.55,78.75,3.67
KAMPAENG PHET,2019-08,66,26.01,84.44,11.75
KAMPAENG PHET,2019-09,20,25.98,84.77,6.69
KAMPAENG PHET,2019-10,19,26.49,81.67,3.38
KAMPAENG PHET,2019-11,19,25.28,72.18,0.6
KAMPAENG PHET,2019-12,1,23.45,59.14,0.0
KAMPAENG PHET,2020-01,11,26.79,49.4,0.0
KAMPAENG PHET,2020-02,7,28.06,39.67,0.03
KAMPAENG PHET,2020-03,22,31.26,38.68,0.18
KAMPAENG PHET,2020-04,9,31.49,46.78,2.41
KAMPAENG PHET,2020-05,10,30.38,64.97,2.38
KAMPAENG PHET,2020-06,17,28.24,75.79,4.51
KAMPAENG PHET,2020-07,46,27.8,76.44,3.38
KAMPAENG PHET,2020-08,51,26.61,82.54,7.33
KAMPAENG PHET,2020-09,29,26.64,85.89,7.42
KAMPAENG PHET,2020-10,15,24.62,87.63,6.88
KAMPAENG PHET,2020-11,5,24.24,81.5,0.5
KAMPAENG PHET,2020-12,3,23.03,68.75,0.0
KAMPAENG PHET,2021-01,3,23.27,56.55,0.04
KAMPAENG PHET,2021-02,5,27.35,47.62,0.2
KAMPAENG PHET,2021-03,7,31.29,43.96,0.55
KAMPAENG PHET,2021-04,3,27.97,73.5,8.44
KAMPAENG PHET,2021-05,6,28.42,76.14,3.49
KAMPAENG PHET,2021-06,4,26.98,80.01,4.26
KAMPAENG PHET,2021-07,10,26.38,84.01,12.69
KAMPAENG PHET,2021-08,11,26.38,85.54,7.88
KAMPAENG PHET,2021-09,9,25.72,89.15,13.95
KAMPAENG PHET,2021-10,5,25.46,87.83,8.24
KAMPAENG PHET,2021-11,0,23.95,85.0,0.88
KAMPAENG PHET,2021-12,1,20.86,77.29,0.0
KAMPAENG PHET,2022-01,0,23.94,68.72,0.54
KAMPAENG PHET,2022-02,1,24.35,70.12,3.29
KAMPAENG PHET,2022-03,1,29.45,62.44,1.35
KAMPAENG PHET,2022-04,2,29.56,58.61,3.32
KAMPAENG PHET,2022-05,8,26.43,81.85,11.16
KAMPAENG PHET,2022-06,28,26.47,84.38,5.31
KAMPAENG PHET,2022-07,33,26.83,84.11,7.2
KAMPAENG PHET,2022-08,48,26.12,86.9,10.41
KAMPAENG PHET,2022-09,34,25.78,88.42,12.27
KAMPAENG PHET,2022-10,26,24.78,85.03,5.36
KAMPAENG PHET,2022-11,13,24.83,84.45,1.99
KAMPAENG PHET,2022-12,13,22.08,78.15,0.26
KANCHANABURI,2015-01,15,22.61,62.05,0.76
KANCHANABURI,2015-02,11,26.08,57.57,0.61
KANCHANABURI,2015-03,26,29.09,58.99,1.61
KANCHANABURI,2015-04,21,29.64,58.95,2.07
KANCHANABURI,2015-05,38,29.7,64.98,2.05
KANCHANABURI,2015-06,51,27.94,72.72,6.63
KANCHANABURI,2015-07,134,26.16,79.71,5.51
KANCHANABURI,2015-08,149,25.98,81.43,4.31
KANCHANABURI,2015-09,105,25.93,83.95,8.56
KANCHANABURI,2015-10,85,25.64,84.67,5.77
KANCHANABURI,2015-11,101,25.62,81.66,1.23
KANCHANABURI,2015-12,50,24.78,70.87,0.11
KANCHANABURI,2016-01,31,24.56,63.86,0.98
KANCHANABURI,2016-02,14,25.48,52.91,0.0
KANCHANABURI,2016-03,25,29.82,48.03,0.81
KANCHANABURI,2016-04,7,32.31,49.37,0.23
KANCHANABURI,2016-05,7,30.2,63.46,4.62
KANCHANABURI,2016-06,7,26.99,80.0,6.27
KANCHANABURI,2016-07,18,26.23,81.87,5.22
KANCHANABURI,2016-08,16,26.08,82.52,6.8
KANCHANABURI,2016-09,12,25.41,86.53,5.99
KANCHANABURI,2016-10,10,25.6,87.04,8.56
KANCHANABURI,2016-11,2,24.19,85.36,1.06
KANCHANABURI,2016-12,1,22.13,80.27,0.04
KANCHANABURI,2017-01,4,23.59,76.93,1.1
KANCHANABURI,2017-02,1,25.5,60.37,0.09
KANCHANABURI,2017-03,1,28.88,56.9,1.76
KANCHANABURI,2017-04,1,28.94,65.86,2.14
KANCHANABURI,2017-05,4,28.18,77.76,8.08
KANCHANABURI,2017-06,12,26.46,83.45,4.18
KANCHANABURI,2017-07,18,25.27,86.18,12.13
KANCHANABURI,2017-08,15,25.65,85.52,7.62
KANCHANABURI,2017-09,4,26.3,85.99,7.25
KANCHANABURI,2017-10,4,25.38,87.69,9.51
KANCHANABURI,2017-11,10,23.28,88.28,1.94
KANCHANABURI,2017-12,3,21.36,82.7,0.64
KANCHANABURI,2018-01,8,23.66,77.43,0.31
KANCHANABURI,2018-02,9,24.83,71.37,0.72
KANCHANABURI,2018-03,10,27.62,65.11,0.71
KANCHANABURI,2018-04,26,28.37,67.78,4.38
KANCHANABURI,2018-05,41,27.66,77.72,4.77
KANCHANABURI,2018-06,84,26.35,81.09,5.71
KANCHANABURI,2018-07,59,25.56,83.67,7.54
KANCHANABURI,2018-08,88,25.07,85.27,7.63
KANCHANABURI,2018-09,19,25.73,85.47,4.84
KANCHANABURI,2018-10,23,25.85,84.91,5.04
KANCHANABURI,2018-11,27,24.85,79.7,0.83
KANCHANABURI,2018-12,26,24.58,75.1,0.95
KANCHANABURI,2019-01,26,24.59,66.87,0.13
KANCHANABURI,2019-02,28,28.18,60.16,0.1
KANCHANABURI,2019-03,35,29.75,51.06,0.42
KANCHANABURI,2019-04,7,32.53,49.46,0.69
KANCHANABURI,2019-05,24,29.03,69.93,3.76
KANCHANABURI,2019-06,78,27.34,80.78,6.12
KANCHANABURI,2019-07,162,26.3,78.51,3.4
KANCHANABURI,2019-08,136,25.7,84.37,9.52
KANCHANABURI,2019-09,75,25.57,85.05,8.04
KANCHANABURI,2019-10,15,26.26,82.73,2.94
KANCHANABURI,2019-11,17,24.76,77.14,1.53
KANCHANABURI,2019-12,16,23.06,68.43,0.0
KANCHANABURI,2020-01,12,26.43,61.17,0.02
KANCHANABURI,2020-02,25,27.54,50.8,0.03
KANCHANABURI,2020-03,9,30.89,47.43,0.38
KANCHANABURI,2020-04,11,30.63,55.37,3.03
KANCHANABURI,2020-05,17,29.43,70.14,3.18
KANCHANABURI,2020-06,17,27.0,81.51,5.35
KANCHANABURI,2020-07,22,26.6,82.5,6.33
KANCHANABURI,2020-08,10,26.02,83.86,6.51
KANCHANABURI,2020-09,21,26.04,87.01,12.06
KANCHANABURI,2020-10,42,24.11,89.54,14.05
KANCHANABURI,2020-11,22,23.83,86.65,1.46
KANCHANABURI,2020-12,7,21.82,81.18,0.01
KANCHANABURI,2021-01,9,21.71,70.65,0.0
KANCHANABURI,2021-02,7,25.28,65.12,0.42
KANCHANABURI,2021-03,4,28.7,64.2,1.24
KANCHANABURI,2021-04,4,27.21,77.74,6.0
KANCHANABURI,2021-05,7,27.56,80.16,4.59
KANCHANABURI,2021-06,7,26.24,83.48,4.75
KANCHANABURI,2021-07,6,25.83,84.77,12.09
KANCHANABURI,2021-08,1,25.98,85.93,7.17
KANCHANABURI,2021-09,7,25.25,88.38,12.0
KANCHANABURI,2021-10,10,25.29,88.59,9.08
KANCHANABURI,2021-11,12,23.74,87.84,0.98
KANCHANABURI,2021-12,4,20.94,81.92,0.08
KANCHANABURI,2022-01,7,23.88,74.65,0.26
KANCHANABURI,2022-02,9,24.65,75.77,3.45
KANCHANABURI,2022-03,10,27.69,74.02,3.48
KANCHANABURI,2022-04,3,27.62,70.54,3.69
KANCHANABURI,2022-05,8,26.16,83.04,8.88
KANCHANABURI,2022-06,17,26.28,84.32,5.41
KANCHANABURI,2022-07,16,26.27,84.96,6.29
KANCHANABURI,2022-08,24,25.65,85.94,9.23
KANCHANABURI,2022-09,11,25.35,87.91,10.8
KANCHANABURI,2022-10,12,24.17,88.49,8.57
KANCHANABURI,2022-11,19,24.7,86.12,1.93
KANCHANABURI,2022-12,24,21.68,81.67,0.09
KHON KAEN,2015-01,1,22.6,50.48,0.07
KHON KAEN,2015-02,3,26.19,54.01,0.96
KHON KAEN,2015-03,10,30.58,48.6,0.98
KHON KAEN,2015-04,22,31.08,46.82,2.13
KHON KAEN,2015-05,47,31.26,58.26,1.68
KHON KAEN,2015-06,100,29.56,66.0,3.21
KHON KAEN,2015-07,162,28.01,73.14,5.59
KHON KAEN,2015-08,186,26.64,84.81,5.81
KHON KAEN,2015-09,209,26.5,85.65,5.87
KHON KAEN,2015-10,152,25.47,82.46,3.39
KHON KAEN,2015-11,161,26.58,71.65,0.61
KHON KAEN,2015-12,62,24.99,59.29,0.16
KHON KAEN,2016-01,42,24.65,54.6,1.47
KHON KAEN,2016-02,35,23.55,46.26,0.0
KHON KAEN,2016-03,27,30.38,38.05,0.05
KHON KAEN,2016-04,13,33.99,41.39,2.24
KHON KAEN,2016-05,20,30.77,63.89,4.4
KHON KAEN,2016-06,52,28.71,73.41,6.04
KHON KAEN,2016-07,79,26.8,82.62,4.85
KHON KAEN,2016-08,94,27.25,80.73,5.83
KHON KAEN,2016-09,66,26.3,87.33,7.81
KHON KAEN,2016-10,28,25.99,86.57,3.87
KHON KAEN,2016-11,12,23.41,83.76,2.68
KHON KAEN,2016-12,7,22.01,70.87,0.01
KHON KAEN,2017-01,6,24.19,64.84,0.38
KHON KAEN,2017-02,2,25.37,50.72,0.12
KHON KAEN,2017-03,3,28.74,57.36,2.32
KHON KAEN,2017-04,4,30.37,55.43,1.58
KHON KAEN,2017-05,16,28.15,77.32,8.94
KHON KAEN,2017-06,38,26.74,86.17,7.37
KHON KAEN,2017-07,45,25.93,88.66,9.34
KHON KAEN,2017-08,43,26.35,87.99,7.14
KHON KAEN,2017-09,25,26.85,87.03,5.08
KHON KAEN,2017-10,10,24.84,88.63,5.55
KHON KAEN,2017-11,7,22.73,82.92,0.24
KHON KAEN,2017-12,3,21.24,71.33,0.38
KHON KAEN,2018-01,5,23.77,62.74,0.25
KHON KAEN,2018-02,5,24.93,54.66,0.83
KHON KAEN,2018-03,6,28.76,51.35,1.24
KHON KAEN,2018-04,9,29.0,60.23,4.52
KHON KAEN,2018-05,64,27.94,78.7,6.48
KHON KAEN,2018-06,132,26.98,82.54,5.36
KHON KAEN,2018-07,138,26.05,86.26,6.08
KHON KAEN,2018-08,143,25.93,86.7,4.33
KHON KAEN,2018-09,120,26.49,86.3,5.9
KHON KAEN,2018-10,67,26.05,81.48,2.27
KHON KAEN,2018-11,83,25.17,73.03,0.45
KHON KAEN,2018-12,80,24.23,63.67,0.3
KHON KAEN,2019-01,98,24.45,57.08,0.0
KHON KAEN,2019-02,87,29.27,48.27,0.81
KHON KAEN,2019-03,122,31.53,44.19,0.86
KHON KAEN,2019-04,65,32.63,51.87,1.77
KHON KAEN,2019-05,128,29.66,69.89,5.09
KHON KAEN,2019-06,407,28.86,75.81,3.41
KHON KAEN,2019-07,307,27.82,74.01,3.44
KHON KAEN,2019-08,322,27.17,80.85,9.09
KHON KAEN,2019-09,315,26.05,86.17,7.53
KHON KAEN,2019-10,242,26.36,79.75,0.95
KHON KAEN,2019-11,192,25.27,68.53,0.25
KHON KAEN,2019-12,48,23.36,58.79,0.0
KHON KAEN,2020-01,76,26.57,52.67,0.01
KHON KAEN,2020-02,79,27.01,46.54,0.0
KHON KAEN,2020-03,128,30.03,55.24,2.53
KHON KAEN,2020-04,225,28.94,61.83,3.22
KHON KAEN,2020-05,453,30.3,67.62,4.99
KHON KAEN,2020-06,337,27.32,84.5,5.78
KHON KAEN,2020-07,538,27.13,84.9,4.45
KHON KAEN,2020-08,267,26.51,86.92,8.69
KHON KAEN,2020-09,95,26.85,87.36,7.65
KHON KAEN,2020-10,22,23.62,89.23,7.31
KHON KAEN,2020-11,12,22.98,85.41,0.13
KHON KAEN,2020-12,10,20.84,73.7,0.0
KHON KAEN,2021-01,5,21.06,59.55,0.0
KHON KAEN,2021-02,12,25.63,53.66,0.82
KHON KAEN,2021-03,11,29.39,54.91,2.09
KHON KAEN,2021-04,6,28.67,70.04,6.71
KHON KAEN,2021-05,19,28.71,76.34,3.09
KHON KAEN,2021-06,21,27.71,79.15,3.7
KHON KAEN,2021-07,9,26.96,83.39,6.17
KHON KAEN,2021-08,3,27.24,82.64,5.33
KHON KAEN,2021-09,5,26.17,88.47,12.86
KHON KAEN,2021-10,7,24.93,87.82,5.89
KHON KAEN,2021-11,3,23.0,83.09,0.18
KHON KAEN,2021-12,0,20.85,72.05,0.06
KHON KAEN,2022-01,1,24.59,62.81,0.37
KHON KAEN,2022-02,2,23.74,63.27,1.73
KHON KAEN,2022-03,0,28.62,64.24,3.41
KHON KAEN,2022-04,1,28.28,61.64,2.57
KHON KAEN,2022-05,26,26.72,78.87,5.8
KHON KAEN,2022-06,47,27.0,82.98,4.73
KHON KAEN,2022-07,75,26.95,86.49,11.61
KHON KAEN,2022-08,82,26.3,88.11,9.43
KHON KAEN,2022-09,40,26.12,89.55,13.92
KHON KAEN,2022-10,38,23.81,87.29,4.11
KHON KAEN,2022-11,21,24.51,84.27,1.71
KHON KAEN,2022-12,6,20.82,72.24,0.09
KRABI,2015-01,21,25.76,84.14,1.32
KRABI,2015-02,11,25.87,81.27,0.63
KRABI,2015-03,15,28.09,75.19,0.09
KRABI,2015-04,14,28.7,77.22,2.7
KRABI,2015-05,24,28.38,82.56,5.84
KRABI,2015-06,73,28.0,83.8,6.74
KRABI,2015-07,135,27.5,86.06,8.72
KRABI,2015-08,94,27.16,85.19,12.62
KRABI,2015-09,64,26.85,87.05,13.47
KRABI,2015-10,56,27.33,84.98,5.9
KRABI,2015-11,38,27.0,88.0,6.79
KRABI,2015-12,7,26.97,86.74,3.95
KRABI,2016-01,9,27.11,85.11,1.84
KRABI,2016-02,10,26.8,82.67,1.28
KRABI,2016-03,11,28.8,73.66,0.08
KRABI,2016-04,10,30.1,72.01,1.03
KRABI,2016-05,3,29.22,80.43,12.06
KRABI,2016-06,13,27.58,86.39,9.88
KRABI,2016-07,34,27.32,85.62,9.12
KRABI,2016-08,38,27.24,88.0,9.22
KRABI,2016-09,28,26.66,88.66,10.54
KRABI,2016-10,14,26.49,89.07,11.68
KRABI,2016-11,19,27.05,87.38,7.18
KRABI,2016-12,17,26.44,87.93,8.37
KRABI,2017-01,3,26.19,88.53,14.04
KRABI,2017-02,8,26.43,83.56,2.1
KRABI,2017-03,9,27.33,82.39,3.19
KRABI,2017-04,9,27.58,86.58,5.48
KRABI,2017-05,12,28.04,86.78,11.12
KRABI,2017-06,21,27.61,86.63,7.18
KRABI,2017-07,28,27.38,85.98,4.67
KRABI,2017-08,28,27.04,86.36,12.55
KRABI,2017-09,17,27.18,86.62,12.29
KRABI,2017-10,10,27.31,84.96,6.13
KRABI,2017-11,21,26.86,88.05,12.29
KRABI,2017-12,14,26.31,86.63,5.12
KRABI,2018-01,10,26.24,86.17,8.56
KRABI,2018-02,9,26.49,82.51,0.77
KRABI,2018-03,18,27.73,80.75,1.82
KRABI,2018-04,16,28.14,81.23,4.45
KRABI,2018-05,51,28.05,82.95,7.43
KRABI,2018-06,88,27.56,84.53,8.3
KRABI,2018-07,68,27.4,86.57,8.06
KRABI,2018-08,47,27.21,86.96,6.69
KRABI,2018-09,51,26.93,86.03,8.2
KRABI,2018-10,27,26.99,86.32,9.39
KRABI,2018-11,23,27.13,87.04,7.47
KRABI,2018-12,20,26.86,87.33,6.44
KRABI,2019-01,28,26.37,85.74,2.82
KRABI,2019-02,23,26.96,81.75,0.12
KRABI,2019-03,11,28.65,74.9,0.82
KRABI,2019-04,18,29.44,76.66,3.5
KRABI,2019-05,32,28.24,84.66,5.96
KRABI,2019-06,42,27.97,86.07,9.18
KRABI,2019-07,56,27.91,83.41,7.96
KRABI,2019-08,23,27.47,86.4,10.29
KRABI,2019-09,14,27.13,85.7,7.19
KRABI,2019-10,19,27.29,84.93,8.65
KRABI,2019-11,16,26.99,86.23,6.81
KRABI,2019-12,7,26.22,85.39,2.08
KRABI,2020-01,6,26.65,82.95,0.18
KRABI,2020-02,3,27.34,78.32,0.43
KRABI,2020-03,5,29.21,70.49,0.52
KRABI,2020-04,6,28.95,77.79,5.85
KRABI,2020-05,14,28.19,85.89,10.05
KRABI,2020-06,23,27.4,85.24,12.98
KRABI,2020-07,20,27.41,84.29,8.3
KRABI,2020-08,21,27.62,84.84,6.58
KRABI,2020-09,4,27.04,86.6,18.95
KRABI,2020-10,8,26.65,88.34,18.53
KRABI,2020-11,5,27.03,87.53,12.55
KRABI,2020-12,5,26.27,87.18,11.58
KRABI,2021-01,14,25.96,84.69,1.18
KRABI,2021-02,8,26.56,80.31,0.18
KRABI,2021-03,2,27.96,77.22,2.14
KRABI,2021-04,3,27.73,83.72,7.75
KRABI,2021-05,0,28.0,85.9,8.05
KRABI,2021-06,5,27.73,85.45,5.78
KRABI,2021-07,3,27.53,86.53,9.23
KRABI,2021-08,4,27.01,87.2,11.35
KRABI,2021-09,0,27.14,84.98,9.49
KRABI,2021-10,3,27.2,86.55,8.27
KRABI,2021-11,0,26.7,89.89,14.12
KRABI,2021-12,3,26.15,86.7,3.79
KRABI,2022-01,4,26.47,83.87,0.66
KRABI,2022-02,2,26.87,86.46,7.16
KRABI,2022-03,6,27.67,83.6,6.01
KRABI,2022-04,5,27.89,85.38,7.53
KRABI,2022-05,9,27.89,86.1,9.98
KRABI,2022-06,11,27.33,85.52,6.32
KRABI,2022-07,18,27.45,86.93,11.06
KRABI,2022-08,30,27.27,86.59,10.12
KRABI,2022-09,20,27.08,86.38,9.24
KRABI,2022-10,14,26.73,87.14,15.69
KRABI,2022-11,21,26.67,87.67,10.05
KRABI,2022-12,13,26.13,86.93,6.52
LAMPANG,2015-01,4,20.11,65.88,2.06
LAMPANG,2015-02,3,23.48,51.46,0.04
LAMPANG,2015-03,0,27.84,46.39,1.05
LAMPANG,2015-04,3,29.08,53.41,1.78
LAMPANG,2015-05,41,29.49,62.08,2.75
LAMPANG,2015-06,151,28.18,67.78,2.38
LAMPANG,2015-07,174,26.57,76.37,4.82
LAMPANG,2015-08,209,25.43,83.88,5.46
LAMPANG,2015-09,233,25.8,83.45,4.63
LAMPANG,2015-10,118,25.07,77.48,2.8
LAMPANG,2015-11,113,25.33,68.84,1.24
LAMPANG,2015-12,74,22.73,66.83,1.0
LAMPANG,2016-01,19,20.73,55.51,1.61
LAMPANG,2016-02,20,22.56,52.84,0.48
LAMPANG,2016-03,22,28.44,42.52,0.03
LAMPANG,2016-04,14,32.68,37.88,0.84
LAMPANG,2016-05,10,29.94,59.56,3.59
LAMPANG,2016-06,24,25.99,81.82,6.51
LAMPANG,2016-07,121,25.63,83.72,6.24
LAMPANG,2016-08,195,25.41,84.75,5.63
LAMPANG,2016-09,82,25.25,86.89,6.9
LAMPANG,2016-10,53,24.86,86.04,5.36
LAMPANG,2016-11,13,22.68,84.32,1.89
LAMPANG,2016-12,6,20.84,79.32,0.14
LAMPANG,2017-01,4,21.58,77.45,1.36
LAMPANG,2017-02,8,23.16,58.22,0.0
LAMPANG,2017-03,8,27.26,48.74,0.89
LAMPANG,2017-04,12,28.01,63.52,2.98
LAMPANG,2017-05,34,26.74,80.35,9.99
LAMPANG,2017-06,40,25.67,84.84,5.08
LAMPANG,2017-07,66,25.06,86.86,9.3
LAMPANG,2017-08,36,25.18,87.17,7.84
LAMPANG,2017-09,24,25.64,86.49,6.62
LAMPANG,2017-10,14,24.17,88.04,6.44
LAMPANG,2017-11,10,22.02,86.5,0.7
LAMPANG,2017-12,8,19.39,83.79,0.8
LAMPANG,2018-01,2,20.45,76.5,0.32
LAMPANG,2018-02,0,22.07,70.73,0.35
LAMPANG,2018-03,0,25.97,59.0,0.3
LAMPANG,2018-04,11,27.45,65.81,3.33
LAMPANG,2018-05,33,26.33,79.56,7.82
LAMPANG,2018-06,64,25.48,83.39,5.0
LAMPANG,2018-07,60,25.39,85.33,6.09
LAMPANG,2018-08,45,24.93,86.99,4.4
LAMPANG,2018-09,22,25.4,85.07,3.88
LAMPANG,2018-10,11,24.42,85.61,5.3
LAMPANG,2018-11,3,23.04,81.12,0.54
LAMPANG,2018-12,6,21.66,78.33,0.55
LAMPANG,2019-01,6,21.91,74.07,1.09
LAMPANG,2019-02,18,24.96,53.46,0.11
LAMPANG,2019-03,13,27.91,43.36,0.07
LAMPANG,2019-04,21,32.02,38.69,0.54
LAMPANG,2019-05,39,29.66,63.8,4.28
LAMPANG,2019-06,88,27.43,75.86,2.62
LAMPANG,2019-07,244,26.81,73.8,3.5
LAMPANG,2019-08,142,25.38,86.78,11.78
LAMPANG,2019-09,75,25.28,84.28,7.46
LAMPANG,2019-10,37,24.91,83.3,3.48
LAMPANG,2019-11,12,22.79,80.86,0.93
LAMPANG,2019-12,4,19.74,70.81,0.26
LAMPANG,2020-01,3,22.63,59.17,0.0
LAMPANG,2020-02,1,24.17,52.05,0.0
LAMPANG,2020-03,0,28.34,40.92,0.07
LAMPANG,2020-04,2,29.46,47.37,2.91
LAMPANG,2020-05,58,29.35,64.84,2.85
LAMPANG,2020-06,110,26.83,79.93,5.26
LAMPANG,2020-07,261,26.53,80.45,3.97
LAMPANG,2020-08,201,25.12,87.59,11.31
LAMPANG,2020-09,121,25.56,87.22,5.78
LAMPANG,2020-10,41,23.89,86.1,3.56
LAMPANG,2020-11,14,22.7,81.7,0.31
LAMPANG,2020-12,10,20.41,74.77,0.0
LAMPANG,2021-01,0,20.51,65.91,0.34
LAMPANG,2021-02,0,23.71,60.07,0.97
LAMPANG,2021-03,2,28.32,46.6,0.19
LAMPANG,2021-04,5,26.69,71.4,5.91
LAMPANG,2021-05,5,27.43,75.58,3.28
LAMPANG,2021-06,15,26.2,80.38,4.22
LAMPANG,2021-07,2,25.63,84.89,7.15
LAMPANG,2021-08,1,25.65,84.82,6.63
LAMPANG,2021-09,0,25.01,87.63,9.83
LAMPANG,2021-10,1,24.21,87.12,6.11
LAMPANG,2021-11,4,22.7,84.83,1.05
LAMPANG,2021-12,2,19.1,80.71,0.02
LAMPANG,2022-01,0,20.76,75.17,0.87
LAMPANG,2022-02,1,21.11,71.83,1.4
LAMPANG,2022-03,0,27.07,66.86,1.54
LAMPANG,2022-04,0,27.26,66.14,3.94
LAMPANG,2022-05,4,25.34,82.49,10.11
LAMPANG,2022-06,52,25.66,82.92,2.68
LAMPANG,2022-07,114,25.81,85.07,6.28
LAMPANG,2022-08,97,25.17,87.49,8.99
LAMPANG,2022-09,41,25.1,87.91,12.93
LAMPANG,2022-10,19,23.85,85.42,3.76
LAMPANG,2022-11,12,23.11,85.37,1.14
LAMPANG,2022-12,6,20.18,83.44,1.09
LAMPHUN,2015-01,0,20.26,64.01,2.06
LAMPHUN,2015-02,0,23.26,50.7,0.04
LAMPHUN,2015-03,1,27.29,48.83,1.12
LAMPHUN,2015-04,2,28.5,54.04,1.29
LAMPHUN,2015-05,8,28.85,62.08,2.43
LAMPHUN,2015-06,29,27.37,68.55,2.58
LAMPHUN,2015-07,29,25.77,76.15,4.95
LAMPHUN,2015-08,82,24.93,82.87,5.4
LAMPHUN,2015-09,146,25.0,83.96,4.81
LAMPHUN,2015-10,147,24.51,78.47,2.85
LAMPHUN,2015-11,118,25.37,67.48,0.73
LAMPHUN,2015-12,53,22.57,68.14,1.19
LAMPHUN,2016-01,29,20.27,56.37,1.73
LAMPHUN,2016-02,8,22.46,51.69,0.35
LAMPHUN,2016-03,17,27.66,45.96,0.01
LAMPHUN,2016-04,16,31.06,44.86,0.96
LAMPHUN,2016-05,16,29.37,59.01,2.98
LAMPHUN,2016-06,32,25.65,80.06,5.57
LAMPHUN,2016-07,72,25.22,81.95,6.33
LAMPHUN,2016-08,102,24.82,83.12,4.92
LAMPHUN,2016-09,47,24.47,87.73,6.96
LAMPHUN,2016-10,16,24.4,86.41,6.37
LAMPHUN,2016-11,7,22.46,85.07,1.79
LAMPHUN,2016-12,5,20.7,79.12,0.1
LAMPHUN,2017-01,3,21.46,76.15,1.39
LAMPHUN,2017-02,2,23.39,54.15,0.0
LAMPHUN,2017-03,6,26.61,49.09,1.1
LAMPHUN,2017-04,7,27.42,64.4,3.29
LAMPHUN,2017-05,17,26.39,80.42,9.38
LAMPHUN,2017-06,16,25.2,82.95,4.25
LAMPHUN,2017-07,50,24.51,85.16,8.05
LAMPHUN,2017-08,56,24.63,85.48,8.12
LAMPHUN,2017-09,12,25.03,86.75,7.06
LAMPHUN,2017-10,12,23.61,88.98,7.01
LAMPHUN,2017-11,11,21.59,87.63,0.69
LAMPHUN,2017-12,4,19.12,84.02,0.68
LAMPHUN,2018-01,0,20.07,77.51,0.37
LAMPHUN,2018-02,3,22.03,70.22,0.45
LAMPHUN,2018-03,10,25.77,56.49,0.34
LAMPHUN,2018-04,20,27.03,64.42,2.92
LAMPHUN,2018-05,36,25.76,80.36,7.92
LAMPHUN,2018-06,35,24.78,82.95,5.62
LAMPHUN,2018-07,33,24.7,83.32,5.74
LAMPHUN,2018-08,21,24.34,84.68,3.84
LAMPHUN,2018-09,20,24.9,84.06,4.68
LAMPHUN,2018-10,4,24.08,85.87,4.83
LAMPHUN,2018-11,16,23.12,79.21,0.6
LAMPHUN,2018-12,7,22.03,74.88,0.45
LAMPHUN,2019-01,2,22.21,69.68,0.82
LAMPHUN,2019-02,4,24.91,48.98,0.15
LAMPHUN,2019-03,6,27.39,44.83,0.12
LAMPHUN,2019-04,3,30.92,42.01,0.45
LAMPHUN,2019-05,3,28.57,67.41,4.63
LAMPHUN,2019-06,19,26.54,77.32,3.23
LAMPHUN,2019-07,31,25.88,74.11,3.2
LAMPHUN,2019-08,53,24.76,85.58,12.25
LAMPHUN,2019-09,97,24.65,84.38,6.73
LAMPHUN,2019-10,36,24.49,83.46,3.75
LAMPHUN,2019-11,14,22.55,80.0,0.68
LAMPHUN,2019-12,2,19.89,68.58,0.14
LAMPHUN,2020-01,6,22.82,55.01,0.0
LAMPHUN,2020-02,5,24.44,48.3,0.0
LAMPHUN,2020-03,2,27.65,42.39,0.05
LAMPHUN,2020-04,5,28.74,49.21,2.68
LAMPHUN,2020-05,8,28.39,66.48,2.81
LAMPHUN,2020-06,16,26.16,79.87,4.99
LAMPHUN,2020-07,25,26.24,77.87,3.19
LAMPHUN,2020-08,35,24.65,85.49,9.57
LAMPHUN,2020-09,14,25.04,86.73,6.5
LAMPHUN,2020-10,13,23.4,86.88,4.48
LAMPHUN,2020-11,10,22.63,80.78,0.2
LAMPHUN,2020-12,3,20.88,71.32,0.0
LAMPHUN,2021-01,2,20.99,62.55,0.17
LAMPHUN,2021-02,2,23.88,55.37,0.61
LAMPHUN,2021-03,0,28.06,43.39,0.18
LAMPHUN,2021-04,0,25.85,74.55,7.59
LAMPHUN,2021-05,0,26.78,76.38,2.86
LAMPHUN,2021-06,4,25.66,78.85,3.6
LAMPHUN,2021-07,1,25.08,83.8,9.28
LAMPHUN,2021-08,0,24.94,84.72,6.87
LAMPHUN,2021-09,0,24.41,88.01,11.96
LAMPHUN,2021-10,0,23.67,88.13,7.91
LAMPHUN,2021-11,0,22.39,85.78,1.08
LAMPHUN,2021-12,0,18.77,81.31,0.01
LAMPHUN,2022-01,0,20.1,77.88,0.68
LAMPHUN,2022-02,0,20.33,75.8,1.86
LAMPHUN,2022-03,0,25.94,71.19,1.3
LAMPHUN,2022-04,2,26.71,66.79,3.01
LAMPHUN,2022-05,3,24.68,83.33,9.15
LAMPHUN,2022-06,6,25.11,82.04,2.3
LAMPHUN,2022-07,9,25.44,83.28,6.58
LAMPHUN,2022-08,9,24.62,86.68,8.32
LAMPHUN,2022-09,5,24.4,87.96,12.73
LAMPHUN,2022-10,7,23.27,86.15,3.57
LAMPHUN,2022-11,4,22.83,85.24,1.28
LAMPHUN,2022-12,0,20.21,83.95,0.71
LOEI,2015-01,0,20.35,59.95,0.33
LOEI,2015-02,1,24.15,60.08,1.14
LOEI,2015-03,7,29.18,51.4,0.99
LOEI,2015-04,7,29.7,50.86,2.98
LOEI,2015-05,57,30.28,61.24,1.94
LOEI,2015-06,115,28.78,67.79,2.17
LOEI,2015-07,117,27.49,74.35,5.78
LOEI,2015-08,150,26.52,80.99,3.64
LOEI,2015-09,101,26.22,84.64,6.06
LOEI,2015-10,94,24.9,82.24,3.02
LOEI,2015-11,82,25.32,74.19,0.83
LOEI,2015-12,20,22.73,66.02,0.49
LOEI,2016-01,14,22.13,59.56,1.18
LOEI,2016-02,21,21.9,48.28,0.0
LOEI,2016-03,30,29.18,38.37,0.13
LOEI,2016-04,20,33.37,41.22,1.41
LOEI,2016-05,43,29.8,66.66,6.26
LOEI,2016-06,118,27.74,76.33,6.8
LOEI,2016-07,101,26.12,83.7,5.59
LOEI,2016-08,64,26.0,84.17,9.22
LOEI,2016-09,49,25.7,87.38,7.39
LOEI,2016-10,29,25.23,86.77,4.77
LOEI,2016-11,9,22.04,85.16,3.26
LOEI,2016-12,6,19.42,80.77,0.03
LOEI,2017-01,5,21.14,79.5,0.43
LOEI,2017-02,4,22.58,62.31,0.06
LOEI,2017-03,5,27.17,63.03,2.89
LOEI,2017-04,12,28.66,62.42,2.46
LOEI,2017-05,40,27.3,78.44,10.81
LOEI,2017-06,42,26.42,84.03,7.91
LOEI,2017-07,50,25.6,87.23,11.39
LOEI,2017-08,39,25.7,87.64,7.85
LOEI,2017-09,27,26.19,87.28,6.12
LOEI,2017-10,17,23.86,89.59,6.19
LOEI,2017-11,6,21.59,85.32,0.24
LOEI,2017-12,4,18.46,82.04,0.6
LOEI,2018-01,1,20.68,75.71,0.36
LOEI,2018-02,3,21.85,69.43,1.64
LOEI,2018-03,7,26.19,61.18,1.14
LOEI,2018-04,7,27.03,67.9,5.16
LOEI,2018-05,26,27.08,80.2,8.28
LOEI,2018-06,72,26.24,83.85,6.38
LOEI,2018-07,85,25.6,86.0,7.61
LOEI,2018-08,55,25.46,86.42,6.31
LOEI,2018-09,21,25.79,86.04,5.94
LOEI,2018-10,19,24.63,85.0,2.0
LOEI,2018-11,10,22.9,82.02,0.73
LOEI,2018-12,8,21.12,76.85,0.34
LOEI,2019-01,6,21.5,71.8,0.02
LOEI,2019-02,2,25.92,61.51,1.66
LOEI,2019-03,9,29.17,50.69,0.83
LOEI,2019-04,49,32.61,48.45,0.8
LOEI,2019-05,103,29.65,67.85,3.71
LOEI,2019-06,287,27.86,78.66,5.8
LOEI,2019-07,303,26.99,76.36,3.26
LOEI,2019-08,141,26.04,84.95,12.87
LOEI,2019-09,119,25.49,84.24,4.74
LOEI,2019-10,100,25.13,82.41,0.82
LOEI,2019-11,56,23.29,74.37,0.08
LOEI,2019-12,13,20.77,67.03,0.0
LOEI,2020-01,21,24.35,60.2,0.0
LOEI,2020-02,10,25.32,49.33,0.0
LOEI,2020-03,26,28.5,58.43,2.47
LOEI,2020-04,41,27.98,61.96,2.26
LOEI,2020-05,111,29.95,67.46,4.84
LOEI,2020-06,198,27.19,81.89,5.26
LOEI,2020-07,173,26.84,83.48,5.46
LOEI,2020-08,77,25.97,86.5,10.6
LOEI,2020-09,34,26.38,86.7,8.74
LOEI,2020-10,4,23.43,87.81,7.3
LOEI,2020-11,4,22.1,85.16,0.27
LOEI,2020-12,2,18.73,79.86,0.0
LOEI,2021-01,1,18.42,71.04,0.0
LOEI,2021-02,3,23.51,65.17,1.05
LOEI,2021-03,0,27.83,60.66,1.36
LOEI,2021-04,1,27.31,74.01,8.37
LOEI,2021-05,0,27.99,76.74,2.58
LOEI,2021-06,12,26.72,81.93,5.58
LOEI,2021-07,10,26.44,83.52,5.4
LOEI,2021-08,8,26.44,83.49,5.18
LOEI,2021-09,11,25.68,88.1,15.45
LOEI,2021-10,5,24.03,87.38,5.66
LOEI,2021-11,2,21.77,83.58,0.21
LOEI,2021-12,0,18.24,79.71,0.0
LOEI,2022-01,0,21.85,73.13,0.42
LOEI,2022-02,1,21.01,74.88,2.88
LOEI,2022-03,6,26.8,71.68,3.96
LOEI,2022-04,2,26.79,66.55,2.47
LOEI,2022-05,3,25.63,80.5,5.79
LOEI,2022-06,14,26.44,82.73,4.31
LOEI,2022-07,52,26.41,86.15,12.8
LOEI,2022-08,35,26.0,87.21,10.4
LOEI,2022-09,16,25.65,88.57,9.23
LOEI,2022-10,27,23.18,86.57,4.63
LOEI,2022-11,19,23.79,84.41,0.89
LOEI,2022-12,8,18.61,78.82,0.01
LOPBURI,2015-01,27,23.04,54.46,0.07
LOPBURI,2015-02,58,26.44,56.35,0.54
LOPBURI,2015-03,57,28.97,63.03,2.39
LOPBURI,2015-04,46,29.47,60.21,1.87
LOPBURI,2015-05,169,29.92,65.01,1.46
LOPBURI,2015-06,135,28.84,68.74,3.02
LOPBURI,2015-07,99,27.72,71.52,4.87
LOPBURI,2015-08,138,26.32,82.49,7.07
LOPBURI,2015-09,282,26.13,85.34,8.15
LOPBURI,2015-10,277,25.5,84.57,4.82
LOPBURI,2015-11,231,25.83,79.98,1.36
LOPBURI,2015-12,61,24.96,68.04,0.83
LOPBURI,2016-01,61,24.84,64.25,1.16
LOPBURI,2016-02,55,24.83,51.7,0.0
LOPBURI,2016-03,52,29.96,49.2,0.11
LOPBURI,2016-04,11,32.51,49.66,0.9
LOPBURI,2016-05,4,29.71,66.97,3.76
LOPBURI,2016-06,2,27.49,78.46,6.37
LOPBURI,2016-07,13,26.3,83.2,5.53
LOPBURI,2016-08,39,26.56,82.2,5.86
LOPBURI,2016-09,52,25.66,88.26,9.45
LOPBURI,2016-10,33,25.93,87.5,5.17
LOPBURI,2016-11,8,24.2,85.09,1.41
LOPBURI,2016-12,9,22.28,77.08,0.22
LOPBURI,2017-01,8,23.9,73.27,0.61
LOPBURI,2017-02,12,25.35,57.9,0.07
LOPBURI,2017-03,7,28.12,64.25,3.23
LOPBURI,2017-04,1,29.19,64.5,1.77
LOPBURI,2017-05,4,27.45,82.18,8.93
LOPBURI,2017-06,7,26.46,85.9,6.7
LOPBURI,2017-07,16,25.43,88.26,12.26
LOPBURI,2017-08,46,25.82,88.06,7.61
LOPBURI,2017-09,32,26.42,87.74,6.78
LOPBURI,2017-10,21,25.34,88.03,5.46
LOPBURI,2017-11,10,23.3,86.52,0.8
LOPBURI,2017-12,5,21.51,79.58,0.5
LOPBURI,2018-01,11,23.23,76.28,1.19
LOPBURI,2018-02,11,24.2,68.72,0.96
LOPBURI,2018-03,9,27.46,67.75,1.08
LOPBURI,2018-04,5,27.55,72.77,5.83
LOPBURI,2018-05,42,27.23,81.67,4.7
LOPBURI,2018-06,120,26.56,82.4,5.19
LOPBURI,2018-07,151,25.78,85.17,6.85
LOPBURI,2018-08,145,25.38,85.99,6.71
LOPBURI,2018-09,165,25.93,87.3,7.62
LOPBURI,2018-10,113,25.95,84.64,3.32
LOPBURI,2018-11,71,24.63,80.2,0.47
LOPBURI,2018-12,61,24.49,71.33,0.48
LOPBURI,2019-01,94,24.39,62.79,0.0
LOPBURI,2019-02,106,28.51,61.45,0.24
LOPBURI,2019-03,145,29.94,56.98,0.52
LOPBURI,2019-04,56,31.18,59.45,1.29
LOPBURI,2019-05,36,29.14,71.77,4.5
LOPBURI,2019-06,61,28.27,76.96,3.32
LOPBURI,2019-07,71,26.97,76.96,4.41
LOPBURI,2019-08,64,26.49,82.34,8.47
LOPBURI,2019-09,95,25.95,85.59,8.21
LOPBURI,2019-10,85,26.37,81.79,2.29
LOPBURI,2019-11,48,25.31,71.5,0.39
LOPBURI,2019-12,12,23.94,60.36,0.0
LOPBURI,2020-01,29,27.06,53.87,0.0
LOPBURI,2020-02,16,27.6,48.41,0.01
LOPBURI,2020-03,9,30.47,57.37,1.06
LOPBURI,2020-04,21,29.81,61.51,1.94
LOPBURI,2020-05,17,29.3,72.29,4.58
LOPBURI,2020-06,40,27.07,83.51,9.07
LOPBURI,2020-07,116,26.77,84.47,5.22
LOPBURI,2020-08,180,26.31,85.27,7.54
LOPBURI,2020-09,185,26.35,87.91,10.29
LOPBURI,2020-10,47,24.18,88.59,8.68
LOPBURI,2020-11,49,23.85,84.96,0.22
LOPBURI,2020-12,2,21.69,78.15,0.04
LOPBURI,2021-01,2,21.52,65.94,0.0
LOPBURI,2021-02,8,25.52,60.07,0.48
LOPBURI,2021-03,4,29.25,60.26,0.81
LOPBURI,2021-04,0,27.47,77.46,6.83
LOPBURI,2021-05,1,27.71,81.16,3.33
LOPBURI,2021-06,2,27.08,80.04,3.05
LOPBURI,2021-07,1,26.35,84.22,8.66
LOPBURI,2021-08,3,26.5,85.24,6.33
LOPBURI,2021-09,1,25.6,89.24,12.88
LOPBURI,2021-10,0,25.35,88.85,7.02
LOPBURI,2021-11,1,23.78,86.03,0.82
LOPBURI,2021-12,0,20.91,80.54,0.33
LOPBURI,2022-01,0,23.92,73.03,0.64
LOPBURI,2022-02,1,24.48,73.2,0.98
LOPBURI,2022-03,1,27.66,73.66,3.87
LOPBURI,2022-04,0,27.3,70.77,2.73
LOPBURI,2022-05,6,26.18,83.36,8.03
LOPBURI,2022-06,9,26.47,84.56,3.86
LOPBURI,2022-07,10,26.45,85.86,8.36
LOPBURI,2022-08,11,25.91,87.15,8.35
LOPBURI,2022-09,9,25.51,89.88,15.11
LOPBURI,2022-10,21,24.01,88.63,3.85
LOPBURI,2022-11,19,24.43,86.98,2.38
LOPBURI,2022-12,10,21.05,80.69,0.11
MAE HONG SON,2015-01,9,18.7,67.31,1.61
MAE HONG SON,2015-02,9,20.93,51.49,0.0
MAE HONG SON,2015-03,1,24.31,51.95,1.02
MAE HONG SON,2015-04,1,25.77,59.67,1.49
MAE HONG SON,2015-05,13,25.82,69.99,3.21
MAE HONG SON,2015-06,54,24.48,78.27,3.08
MAE HONG SON,2015-07,133,23.29,84.38,7.42
MAE HONG SON,2015-08,146,23.08,87.15,5.18
MAE HONG SON,2015-09,73,23.41,86.8,4.19
MAE HONG SON,2015-10,46,22.7,81.7,2.96
MAE HONG SON,2015-11,40,22.62,75.57,1.49
MAE HONG SON,2015-12,16,20.69,70.05,0.55
MAE HONG SON,2016-01,12,18.18,59.22,1.22
MAE HONG SON,2016-02,12,20.52,53.91,0.5
MAE HONG SON,2016-03,19,24.68,51.74,0.03
MAE HONG SON,2016-04,29,28.35,47.82,0.59
MAE HONG SON,2016-05,64,26.73,63.76,2.62
MAE HONG SON,2016-06,83,23.58,85.05,7.63
MAE HONG SON,2016-07,199,23.32,85.56,6.5
MAE HONG SON,2016-08,207,22.87,87.69,5.23
MAE HONG SON,2016-09,147,22.89,90.41,6.26
MAE HONG SON,2016-10,99,22.95,88.8,5.42
MAE HONG SON,2016-11,52,21.25,85.79,1.51
MAE HONG SON,2016-12,13,19.56,79.74,0.08
MAE HONG SON,2017-01,2,19.9,76.93,0.85
MAE HONG SON,2017-02,6,21.23,56.3,0.0
MAE HONG SON,2017-03,6,23.9,51.22,0.3
MAE HONG SON,2017-04,10,25.61,64.48,2.01
MAE HONG SON,2017-05,33,25.04,80.76,8.67
MAE HONG SON,2017-06,61,23.55,85.8,6.1
MAE HONG SON,2017-07,66,22.81,87.98,9.8
MAE HONG SON,2017-08,80,22.99,88.39,7.27
MAE HONG SON,2017-09,47,23.39,89.37,6.26
MAE HONG SON,2017-10,31,22.41,89.99,7.49
MAE HONG SON,2017-11,26,20.51,87.54,0.92
MAE HONG SON,2017-12,16,17.9,84.61,0.56
MAE HONG SON,2018-01,6,18.57,77.09,0.11
MAE HONG SON,2018-02,3,20.04,69.36,0.07
MAE HONG SON,2018-03,2,23.1,59.98,0.2
MAE HONG SON,2018-04,10,25.02,66.05,1.82
MAE HONG SON,2018-05,30,23.97,81.98,7.23
MAE HONG SON,2018-06,147,22.89,86.73,7.15
MAE HONG SON,2018-07,113,22.84,88.51,7.89
MAE HONG SON,2018-08,61,22.47,89.28,4.95
MAE HONG SON,2018-09,26,23.14,88.04,4.46
MAE HONG SON,2018-10,24,22.37,88.78,6.03
MAE HONG SON,2018-11,26,20.83,84.19,0.44
MAE HONG SON,2018-12,18,19.93,81.57,0.55
MAE HONG SON,2019-01,6,19.37,75.42,1.3
MAE HONG SON,2019-02,1,22.04,52.65,0.03
MAE HONG SON,2019-03,6,23.73,53.6,0.04
MAE HONG SON,2019-04,2,27.36,50.07,0.28
MAE HONG SON,2019-05,5,26.32,71.31,4.05
MAE HONG SON,2019-06,30,24.57,81.24,3.18
MAE HONG SON,2019-07,44,23.24,83.8,4.58
MAE HONG SON,2019-08,85,22.9,89.33,11.39
MAE HONG SON,2019-09,77,22.93,87.97,6.31
MAE HONG SON,2019-10,54,22.95,86.21,3.38
MAE HONG SON,2019-11,38,20.89,83.58,0.77
MAE HONG SON,2019-12,2,17.94,71.46,0.21
MAE HONG SON,2020-01,4,20.19,56.11,0.0
MAE HONG SON,2020-02,3,21.72,51.57,0.0
MAE HONG SON,2020-03,6,24.54,47.1,0.05
MAE HONG SON,2020-04,33,26.0,52.77,2.49
MAE HONG SON,2020-05,70,26.17,68.96,2.18
MAE HONG SON,2020-06,152,24.26,82.9,5.79
MAE HONG SON,2020-07,465,24.06,83.12,4.32
MAE HONG SON,2020-08,331,22.75,89.62,10.73
MAE HONG SON,2020-09,130,23.43,89.27,4.83
MAE HONG SON,2020-10,133,22.18,87.49,3.27
MAE HONG SON,2020-11,56,21.11,81.12,0.64
MAE HONG SON,2020-12,13,19.6,73.27,0.0
MAE HONG SON,2021-01,18,19.51,65.13,0.35
MAE HONG SON,2021-02,5,21.12,58.07,0.55
MAE HONG SON,2021-03,4,25.16,46.01,0.14
MAE HONG SON,2021-04,13,24.24,75.06,6.28
MAE HONG SON,2021-05,57,24.88,79.14,4.1
MAE HONG SON,2021-06,109,23.52,83.99,4.84
MAE HONG SON,2021-07,102,23.21,87.62,7.66
MAE HONG SON,2021-08,83,23.1,87.83,6.97
MAE HONG SON,2021-09,30,22.92,89.81,9.2
MAE HONG SON,2021-10,3,22.38,89.05,5.97
MAE HONG SON,2021-11,0,21.21,86.69,1.79
MAE HONG SON,2021-12,1,17.31,84.21,0.01
MAE HONG SON,2022-01,33,18.56,76.14,0.69
MAE HONG SON,2022-02,22,19.54,69.84,1.03
MAE HONG SON,2022-03,36,24.47,69.49,1.1
MAE HONG SON,2022-04,109,24.56,70.87,3.92
MAE HONG SON,2022-05,484,23.28,84.32,11.51
MAE HONG SON,2022-06,1681,23.16,85.82,3.38
MAE HONG SON,2022-07,1981,23.73,86.57,7.12
MAE HONG SON,2022-08,768,22.98,89.53,9.87
MAE HONG SON,2022-09,287,22.86,90.31,13.54
MAE HONG SON,2022-10,176,21.92,87.89,3.22
MAE HONG SON,2022-11,91,21.12,86.79,1.56
MAE HONG SON,2022-12,54,19.42,84.75,1.22
MAHA SARAKHAM,2015-01,2,23.28,49.72,0.01
MAHA SARAKHAM,2015-02,3,26.7,53.54,1.01
MAHA SARAKHAM,2015-03,14,30.62,49.89,1.17
MAHA SARAKHAM,2015-04,25,31.4,46.34,1.64
MAHA SARAKHAM,2015-05,50,31.05,60.67,2.26
MAHA SARAKHAM,2015-06,72,29.52,67.92,3.48
MAHA SARAKHAM,2015-07,74,27.75,76.17,6.28
MAHA SARAKHAM,2015-08,108,26.41,87.56,7.92
MAHA SARAKHAM,2015-09,114,26.36,87.68,5.67
MAHA SARAKHAM,2015-10,79,25.49,84.19,3.49
MAHA SARAKHAM,2015-11,121,26.36,76.36,0.76
MAHA SARAKHAM,2015-12,35,25.65,59.33,0.02
MAHA SARAKHAM,2016-01,26,25.64,54.35,1.16
MAHA SARAKHAM,2016-02,34,24.23,45.77,0.02
MAHA SARAKHAM,2016-03,50,30.75,39.21,0.02
MAHA SARAKHAM,2016-04,28,33.95,42.53,2.84
MAHA SARAKHAM,2016-05,12,30.53,66.25,3.99
MAHA SARAKHAM,2016-06,14,28.64,74.72,6.63
MAHA SARAKHAM,2016-07,40,26.61,85.35,6.59
MAHA SARAKHAM,2016-08,67,26.86,84.59,6.74
MAHA SARAKHAM,2016-09,63,26.28,89.1,9.91
MAHA SARAKHAM,2016-10,49,26.2,86.71,4.12
MAHA SARAKHAM,2016-11,23,23.87,85.77,2.29
MAHA SARAKHAM,2016-12,10,22.44,75.33,0.01
MAHA SARAKHAM,2017-01,9,24.82,63.57,0.09
MAHA SARAKHAM,2017-02,18,25.72,50.97,0.13
MAHA SARAKHAM,2017-03,8,28.67,58.61,2.75
MAHA SARAKHAM,2017-04,9,30.16,58.31,1.56
MAHA SARAKHAM,2017-05,14,28.04,78.96,7.74
MAHA SARAKHAM,2017-06,45,26.87,86.19,7.43
MAHA SARAKHAM,2017-07,48,25.93,89.52,11.3
MAHA SARAKHAM,2017-08,39,26.44,89.14,7.16
MAHA SARAKHAM,2017-09,30,26.92,88.15,7.04
MAHA SARAKHAM,2017-10,13,25.06,88.63,4.9
MAHA SARAKHAM,2017-11,13,23.31,83.86,0.21
MAHA SARAKHAM,2017-12,7,21.93,71.84,0.22
MAHA SARAKHAM,2018-01,6,24.48,61.47,0.09
MAHA SARAKHAM,2018-02,3,25.27,53.33,0.62
MAHA SARAKHAM,2018-03,5,28.76,54.04,1.4
MAHA SARAKHAM,2018-04,5,29.68,57.84,3.95
MAHA SARAKHAM,2018-05,46,28.19,78.39,6.2
MAHA SARAKHAM,2018-06,111,26.98,83.92,5.83
MAHA SARAKHAM,2018-07,90,26.03,87.69,7.56
MAHA SARAKHAM,2018-08,45,25.94,87.62,4.39
MAHA SARAKHAM,2018-09,25,26.56,87.14,6.85
MAHA SARAKHAM,2018-10,18,25.97,84.14,1.71
MAHA SARAKHAM,2018-11,15,25.5,74.14,0.33
MAHA SARAKHAM,2018-12,17,25.18,63.02,0.2
MAHA SARAKHAM,2019-01,20,25.21,55.84,0.0
MAHA SARAKHAM,2019-02,25,30.14,45.11,0.45
MAHA SARAKHAM,2019-03,32,31.85,43.87,0.88
MAHA SARAKHAM,2019-04,17,31.84,57.22,2.46
MAHA SARAKHAM,2019-05,14,29.52,71.7,5.37
MAHA SARAKHAM,2019-06,89,28.97,76.13,2.87
MAHA SARAKHAM,2019-07,145,27.92,74.82,4.23
MAHA SARAKHAM,2019-08,146,27.07,82.52,12.07
MAHA SARAKHAM,2019-09,152,26.02,87.98,10.42
MAHA SARAKHAM,2019-10,93,26.17,83.03,0.83
MAHA SARAKHAM,2019-11,35,25.25,71.91,0.3
MAHA SARAKHAM,2019-12,13,23.93,60.31,0.0
MAHA SARAKHAM,2020-01,27,26.88,52.53,0.05
MAHA SARAKHAM,2020-02,20,27.33,46.97,0.0
MAHA SARAKHAM,2020-03,21,30.55,54.19,2.26
MAHA SARAKHAM,2020-04,49,29.22,61.99,2.95
MAHA SARAKHAM,2020-05,116,30.15,69.2,4.92
MAHA SARAKHAM,2020-06,142,27.38,84.92,5.21
MAHA SARAKHAM,2020-07,230,27.25,85.01,5.52
MAHA SARAKHAM,2020-08,170,26.53,88.22,9.73
MAHA SARAKHAM,2020-09,101,26.9,88.19,8.98
MAHA SARAKHAM,2020-10,12,24.0,90.29,7.94
MAHA SARAKHAM,2020-11,4,23.44,85.87,0.16
MAHA SARAKHAM,2020-12,3,21.29,76.55,0.0
MAHA SARAKHAM,2021-01,0,21.55,60.7,0.0
MAHA SARAKHAM,2021-02,3,25.67,54.71,0.93
MAHA SARAKHAM,2021-03,2,29.7,54.97,2.68
MAHA SARAKHAM,2021-04,0,28.98,69.79,4.89
MAHA SARAKHAM,2021-05,3,28.59,78.42,3.86
MAHA SARAKHAM,2021-06,11,27.38,82.96,4.93
MAHA SARAKHAM,2021-07,11,26.87,85.18,5.96
MAHA SARAKHAM,2021-08,16,27.1,84.94,6.19
MAHA SARAKHAM,2021-09,5,26.24,89.25,12.33
MAHA SARAKHAM,2021-10,4,25.25,88.53,5.86
MAHA SARAKHAM,2021-11,3,23.43,84.13,0.07
MAHA SARAKHAM,2021-12,0,21.19,75.21,0.08
MAHA SARAKHAM,2022-01,0,24.98,62.99,0.28
MAHA SARAKHAM,2022-02,0,24.37,62.35,1.34
MAHA SARAKHAM,2022-03,2,28.83,64.01,3.4
MAHA SARAKHAM,2022-04,1,28.0,64.47,2.68
MAHA SARAKHAM,2022-05,26,26.5,81.98,7.79
MAHA SARAKHAM,2022-06,93,26.82,86.04,5.93
MAHA SARAKHAM,2022-07,83,26.89,87.71,10.19
MAHA SARAKHAM,2022-08,79,26.39,88.87,9.14
MAHA SARAKHAM,2022-09,29,26.18,90.13,15.05
MAHA SARAKHAM,2022-10,14,24.13,87.8,4.01
MAHA SARAKHAM,2022-11,29,24.8,84.35,1.76
MAHA SARAKHAM,2022-12,9,21.21,73.86,0.04
MUKDAHAN,2015-01,0,21.21,62.1,0.03
MUKDAHAN,2015-02,2,24.88,61.35,1.0
MUKDAHAN,2015-03,6,29.67,52.56,0.66
MUKDAHAN,2015-04,2,30.86,46.67,0.85
MUKDAHAN,2015-05,7,29.87,65.55,3.27
MUKDAHAN,2015-06,45,29.12,69.08,2.47
MUKDAHAN,2015-07,34,26.97,80.47,7.62
MUKDAHAN,2015-08,47,26.12,88.58,6.43
MUKDAHAN,2015-09,49,26.39,87.25,4.32
MUKDAHAN,2015-10,23,25.33,81.86,2.7
MUKDAHAN,2015-11,30,26.37,74.22,0.55
MUKDAHAN,2015-12,15,24.38,64.03,0.0
MUKDAHAN,2016-01,10,24.34,60.77,0.48
MUKDAHAN,2016-02,7,22.58,50.28,0.01
MUKDAHAN,2016-03,11,29.38,43.36,0.03
MUKDAHAN,2016-04,8,33.31,43.03,1.3
MUKDAHAN,2016-05,7,30.13,66.82,3.87
MUKDAHAN,2016-06,68,28.08,77.94,7.15
MUKDAHAN,2016-07,70,26.28,87.49,7.36
MUKDAHAN,2016-08,81,26.41,87.63,9.57
MUKDAHAN,2016-09,48,26.18,89.28,12.61
MUKDAHAN,2016-10,31,25.85,87.12,3.01
MUKDAHAN,2016-11,19,23.3,86.58,1.25
MUKDAHAN,2016-12,3,21.05,82.3,0.04
MUKDAHAN,2017-01,3,22.41,75.73,0.04
MUKDAHAN,2017-02,9,22.84,65.9,0.19
MUKDAHAN,2017-03,12,26.79,66.77,3.45
MUKDAHAN,2017-04,13,28.95,63.08,2.11
MUKDAHAN,2017-05,19,27.68,79.28,8.84
MUKDAHAN,2017-06,64,26.27,89.1,11.38
MUKDAHAN,2017-07,42,25.48,92.48,20.02
MUKDAHAN,2017-08,21,26.14,90.66,8.92
MUKDAHAN,2017-09,11,26.72,88.8,9.94
MUKDAHAN,2017-10,6,24.71,88.03,3.65
MUKDAHAN,2017-11,4,22.68,85.03,0.17
MUKDAHAN,2017-12,0,19.98,80.51,0.19
MUKDAHAN,2018-01,0,21.94,73.22,0.03
MUKDAHAN,2018-02,0,22.62,65.12,0.48
MUKDAHAN,2018-03,3,26.51,63.34,2.36
MUKDAHAN,2018-04,3,28.61,60.42,2.24
MUKDAHAN,2018-05,35,28.29,74.93,5.6
MUKDAHAN,2018-06,53,26.6,85.92,8.21
MUKDAHAN,2018-07,44,25.57,90.99,20.45
MUKDAHAN,2018-08,38,25.34,91.96,9.55
MUKDAHAN,2018-09,13,26.36,87.9,6.78
MUKDAHAN,2018-10,7,25.39,85.39,0.77
MUKDAHAN,2018-11,2,23.97,83.5,0.11
MUKDAHAN,2018-12,5,22.57,77.79,0.44
MUKDAHAN,2019-01,8,22.59,69.98,0.0
MUKDAHAN,2019-02,12,27.73,59.33,1.1
MUKDAHAN,2019-03,33,30.07,53.03,0.69
MUKDAHAN,2019-04,50,31.25,58.05,2.24
MUKDAHAN,2019-05,140,28.77,75.5,6.41
MUKDAHAN,2019-06,156,27.98,81.65,4.28
MUKDAHAN,2019-07,99,26.49,85.13,8.77
MUKDAHAN,2019-08,86,26.05,89.74,21.79
MUKDAHAN,2019-09,34,25.63,88.75,11.04
MUKDAHAN,2019-10,12,25.6,83.89,0.84
MUKDAHAN,2019-11,3,23.18,83.07,0.12
MUKDAHAN,2019-12,1,21.49,73.75,0.0
MUKDAHAN,2020-01,4,23.96,67.2,0.16
MUKDAHAN,2020-02,8,25.19,58.27,0.02
MUKDAHAN,2020-03,4,29.34,59.58,2.14
MUKDAHAN,2020-04,25,28.43,62.37,2.09
MUKDAHAN,2020-05,35,30.28,67.85,4.25
MUKDAHAN,2020-06,75,27.94,79.28,3.07
MUKDAHAN,2020-07,168,27.13,85.03,8.48
MUKDAHAN,2020-08,78,26.25,89.68,12.54
MUKDAHAN,2020-09,38,26.8,87.97,5.84
MUKDAHAN,2020-10,9,23.79,90.18,8.91
MUKDAHAN,2020-11,1,22.8,86.21,0.16
MUKDAHAN,2020-12,2,19.71,82.37,0.0
MUKDAHAN,2021-01,1,18.9,74.26,0.0
MUKDAHAN,2021-02,1,23.45,66.94,0.78
MUKDAHAN,2021-03,0,28.14,61.97,1.31
MUKDAHAN,2021-04,1,29.04,66.96,4.5
MUKDAHAN,2021-05,0,28.42,79.13,6.0
MUKDAHAN,2021-06,6,26.71,87.27,8.3
MUKDAHAN,2021-07,2,26.36,88.72,10.52
MUKDAHAN,2021-08,1,26.5,88.45,6.59
MUKDAHAN,2021-09,1,26.13,89.18,12.29
MUKDAHAN,2021-10,0,24.82,88.54,4.95
MUKDAHAN,2021-11,4,22.59,84.59,0.01
MUKDAHAN,2021-12,2,19.55,82.35,0.02
MUKDAHAN,2022-01,0,22.55,75.34,0.15
MUKDAHAN,2022-02,0,21.89,71.58,1.25
MUKDAHAN,2022-03,0,27.21,69.16,3.53
MUKDAHAN,2022-04,1,26.73,68.84,2.72
MUKDAHAN,2022-05,0,25.79,85.04,8.82
MUKDAHAN,2022-06,22,26.46,87.78,4.52
MUKDAHAN,2022-07,27,26.66,88.61,10.0
MUKDAHAN,2022-08,35,26.25,89.21,10.24
MUKDAHAN,2022-09,20,26.24,89.32,9.91
MUKDAHAN,2022-10,1,23.69,87.0,2.71
MUKDAHAN,2022-11,1,24.24,85.81,1.34
MUKDAHAN,2022-12,1,19.42,80.43,0.02
NAKHON NAYOK,2015-01,3,24.5,61.55,0.11
NAKHON NAYOK,2015-02,2,27.37,60.47,0.64
NAKHON NAYOK,2015-03,3,29.83,65.53,3.21
NAKHON NAYOK,2015-04,3,29.9,66.14,1.86
NAKHON NAYOK,2015-05,13,29.96,71.7,1.72
NAKHON NAYOK,2015-06,29,29.06,74.19,5.56
NAKHON NAYOK,2015-07,68,28.54,74.28,4.64
NAKHON NAYOK,2015-08,72,27.16,83.95,9.92
NAKHON NAYOK,2015-09,121,26.97,85.88,9.09
NAKHON NAYOK,2015-10,24,26.83,83.91,5.38
NAKHON NAYOK,2015-11,18,26.99,81.76,1.43
NAKHON NAYOK,2015-12,3,26.32,70.58,0.48
NAKHON NAYOK,2016-01,12,26.65,67.27,1.31
NAKHON NAYOK,2016-02,18,27.29,53.04,0.03
NAKHON NAYOK,2016-03,8,31.12,54.7,0.36
NAKHON NAYOK,2016-04,0,32.8,54.81,0.66
NAKHON NAYOK,2016-05,0,30.89,67.06,4.08
NAKHON NAYOK,2016-06,4,27.91,82.7,8.37
NAKHON NAYOK,2016-07,8,27.03,85.46,6.62
NAKHON NAYOK,2016-08,14,27.31,84.95,7.57
NAKHON NAYOK,2016-09,1,26.47,88.48,9.69
NAKHON NAYOK,2016-10,2,26.81,87.82,7.14
NAKHON NAYOK,2016-11,0,25.9,84.77,1.62
NAKHON NAYOK,2016-12,0,23.76,79.46,0.06
NAKHON NAYOK,2017-01,1,25.11,75.37,0.89
NAKHON NAYOK,2017-02,1,26.71,61.83,0.25
NAKHON NAYOK,2017-03,2,29.08,66.42,2.81
NAKHON NAYOK,2017-04,1,29.7,69.34,1.89
NAKHON NAYOK,2017-05,7,28.41,83.41,11.47
NAKHON NAYOK,2017-06,4,27.43,86.54,7.67
NAKHON NAYOK,2017-07,3,26.33,89.16,14.52
NAKHON NAYOK,2017-08,3,26.55,89.23,9.97
NAKHON NAYOK,2017-09,5,27.2,88.7,7.55
NAKHON NAYOK,2017-10,0,26.61,87.6,7.5
NAKHON NAYOK,2017-11,0,25.25,85.06,0.98
NAKHON NAYOK,2017-12,1,23.44,78.58,0.39
NAKHON NAYOK,2018-01,1,25.2,75.78,2.11
NAKHON NAYOK,2018-02,4,26.15,68.32,1.7
NAKHON NAYOK,2018-03,6,28.5,70.92,1.42
NAKHON NAYOK,2018-04,18,28.88,72.74,5.52
NAKHON NAYOK,2018-05,25,28.16,82.06,4.29
NAKHON NAYOK,2018-06,46,27.45,83.39,5.81
NAKHON NAYOK,2018-07,168,26.98,85.22,8.57
NAKHON NAYOK,2018-08,139,26.38,86.5,8.57
NAKHON NAYOK,2018-09,76,26.81,87.08,11.3
NAKHON NAYOK,2018-10,25,27.02,85.25,4.7
NAKHON NAYOK,2018-11,6,25.98,80.64,0.54
NAKHON NAYOK,2018-12,5,25.78,75.29,0.82
NAKHON NAYOK,2019-01,8,25.92,64.83,0.02
NAKHON NAYOK,2019-02,24,29.3,65.49,0.26
NAKHON NAYOK,2019-03,31,30.4,61.77,0.74
NAKHON NAYOK,2019-04,25,30.77,67.75,2.02
NAKHON NAYOK,2019-05,25,29.83,73.7,5.62
NAKHON NAYOK,2019-06,47,28.39,82.81,6.17
NAKHON NAYOK,2019-07,33,27.32,82.06,5.66
NAKHON NAYOK,2019-08,21,27.2,84.66,7.92
NAKHON NAYOK,2019-09,14,26.92,85.7,11.25
NAKHON NAYOK,2019-10,26,27.54,82.36,2.53
NAKHON NAYOK,2019-11,15,26.07,75.61,0.56
NAKHON NAYOK,2019-12,15,25.48,64.14,0.0
NAKHON NAYOK,2020-01,1,28.66,59.38,0.1
NAKHON NAYOK,2020-02,2,29.31,51.15,0.12
NAKHON NAYOK,2020-03,1,31.05,60.92,1.0
NAKHON NAYOK,2020-04,4,30.34,66.82,3.46
NAKHON NAYOK,2020-05,9,29.8,75.36,3.61
NAKHON NAYOK,2020-06,7,27.75,84.76,9.52
NAKHON NAYOK,2020-07,23,27.37,86.03,7.18
NAKHON NAYOK,2020-08,16,27.19,86.25,8.14
NAKHON NAYOK,2020-09,9,26.95,89.19,12.9
NAKHON NAYOK,2020-10,13,25.48,88.92,11.08
NAKHON NAYOK,2020-11,2,25.39,84.38,0.65
NAKHON NAYOK,2020-12,2,23.6,78.47,0.08
NAKHON NAYOK,2021-01,0,23.71,65.98,0.0
NAKHON NAYOK,2021-02,0,27.45,60.36,0.52
NAKHON NAYOK,2021-03,3,30.46,62.67,0.98
NAKHON NAYOK,2021-04,0,28.61,77.46,7.72
NAKHON NAYOK,2021-05,0,28.35,83.48,4.05
NAKHON NAYOK,2021-06,3,27.7,83.31,4.91
NAKHON NAYOK,2021-07,3,27.18,85.7,9.52
NAKHON NAYOK,2021-08,0,27.2,86.75,8.0
NAKHON NAYOK,2021-09,0,26.43,89.78,12.07
NAKHON NAYOK,2021-10,0,26.38,89.45,7.51
NAKHON NAYOK,2021-11,0,25.52,84.92,0.78
NAKHON NAYOK,2021-12,1,22.89,79.45,0.16
NAKHON NAYOK,2022-01,0,25.9,71.5,0.37
NAKHON NAYOK,2022-02,0,26.58,72.83,2.61
NAKHON NAYOK,2022-03,0,28.94,74.02,2.67
NAKHON NAYOK,2022-04,0,28.98,69.13,3.22
NAKHON NAYOK,2022-05,0,27.41,82.98,8.49
NAKHON NAYOK,2022-06,0,27.46,85.06,4.38
NAKHON NAYOK,2022-07,0,27.22,87.01,9.83
NAKHON NAYOK,2022-08,2,26.72,88.03,13.92
NAKHON NAYOK,2022-09,7,26.32,89.93,15.67
NAKHON NAYOK,2022-10,8,25.58,86.83,4.86
NAKHON NAYOK,2022-11,10,25.94,84.41,2.5
NAKHON NAYOK,2022-12,2,23.2,78.38,0.07
NAKHON PATHOM,2015-01,75,25.25,56.3,0.45
NAKHON PATHOM,2015-02,45,28.35,55.53,0.62
NAKHON PATHOM,2015-03,54,30.48,61.15,2.11
NAKHON PATHOM,2015-04,54,30.76,60.54,2.29
NAKHON PATHOM,2015-05,52,31.35,62.81,1.17
NAKHON PATHOM,2015-06,91,29.91,68.43,4.77
NAKHON PATHOM,2015-07,180,29.19,68.63,3.22
NAKHON PATHOM,2015-08,279,28.56,72.94,3.03
NAKHON PATHOM,2015-09,240,27.66,80.79,9.24
NAKHON PATHOM,2015-10,185,27.22,83.56,6.33
NAKHON PATHOM,2015-11,196,27.32,80.26,1.52
NAKHON PATHOM,2015-12,112,27.19,66.14,0.33
NAKHON PATHOM,2016-01,97,26.91,63.47,1.44
NAKHON PATHOM,2016-02,50,27.86,51.54,0.02
NAKHON PATHOM,2016-03,37,31.57,49.87,0.53
NAKHON PATHOM,2016-04,8,33.97,49.3,0.28
NAKHON PATHOM,2016-05,7,31.96,61.12,3.29
NAKHON PATHOM,2016-06,11,28.94,75.87,6.77
NAKHON PATHOM,2016-07,27,27.92,79.08,3.55
NAKHON PATHOM,2016-08,59,28.32,76.52,5.26
NAKHON PATHOM,2016-09,55,26.97,84.61,7.79
NAKHON PATHOM,2016-10,28,26.91,86.74,10.03
NAKHON PATHOM,2016-11,16,25.7,85.97,1.91
NAKHON PATHOM,2016-12,14,23.8,79.67,0.1
NAKHON PATHOM,2017-01,10,25.66,73.41,1.61
NAKHON PATHOM,2017-02,5,27.57,57.5,0.02
NAKHON PATHOM,2017-03,15,30.48,58.02,1.99
NAKHON PATHOM,2017-04,9,30.71,63.25,1.25
NAKHON PATHOM,2017-05,18,29.45,77.84,9.84
NAKHON PATHOM,2017-06,37,28.0,82.24,3.96
NAKHON PATHOM,2017-07,60,26.77,84.95,9.59
NAKHON PATHOM,2017-08,85,27.1,84.4,7.2
NAKHON PATHOM,2017-09,81,27.8,84.6,7.14
NAKHON PATHOM,2017-10,79,26.84,86.76,8.47
NAKHON PATHOM,2017-11,72,25.06,86.93,2.58
NAKHON PATHOM,2017-12,59,23.39,80.39,0.92
NAKHON PATHOM,2018-01,57,25.55,75.69,0.96
NAKHON PATHOM,2018-02,41,26.69,68.58,1.39
NAKHON PATHOM,2018-03,43,29.44,65.61,1.46
NAKHON PATHOM,2018-04,79,29.9,67.41,4.73
NAKHON PATHOM,2018-05,114,28.86,78.3,4.39
NAKHON PATHOM,2018-06,222,28.39,75.65,3.29
NAKHON PATHOM,2018-07,247,27.83,77.05,3.52
NAKHON PATHOM,2018-08,251,27.5,76.83,4.02
NAKHON PATHOM,2018-09,206,27.45,82.06,6.2
NAKHON PATHOM,2018-10,246,27.31,84.06,6.61
NAKHON PATHOM,2018-11,256,26.41,77.96,0.92
NAKHON PATHOM,2018-12,228,27.13,68.31,1.34
NAKHON PATHOM,2019-01,193,26.93,60.92,0.12
NAKHON PATHOM,2019-02,127,30.16,60.31,0.08
NAKHON PATHOM,2019-03,75,31.46,53.02,0.22
NAKHON PATHOM,2019-04,39,33.31,54.11,1.09
NAKHON PATHOM,2019-05,20,31.03,65.22,3.83
NAKHON PATHOM,2019-06,63,29.29,76.05,5.0
NAKHON PATHOM,2019-07,95,28.67,71.43,2.66
NAKHON PATHOM,2019-08,146,28.06,77.24,4.31
NAKHON PATHOM,2019-09,203,27.5,80.66,6.64
NAKHON PATHOM,2019-10,195,28.0,80.44,3.7
NAKHON PATHOM,2019-11,159,27.42,69.03,1.14
NAKHON PATHOM,2019-12,116,26.68,57.43,0.0
NAKHON PATHOM,2020-01,83,29.33,55.58,0.14
NAKHON PATHOM,2020-02,60,29.74,50.42,0.16
NAKHON PATHOM,2020-03,29,32.04,52.97,0.48
NAKHON PATHOM,2020-04,16,31.61,59.43,2.31
NAKHON PATHOM,2020-05,18,31.61,64.4,2.13
NAKHON PATHOM,2020-06,29,28.85,77.22,5.75
NAKHON PATHOM,2020-07,64,28.19,80.48,6.6
NAKHON PATHOM,2020-08,87,27.79,81.14,4.46
NAKHON PATHOM,2020-09,101,27.57,85.0,9.53
NAKHON PATHOM,2020-10,79,25.59,88.6,14.64
NAKHON PATHOM,2020-11,62,25.51,85.88,1.93
NAKHON PATHOM,2020-12,40,23.59,80.12,0.03
NAKHON PATHOM,2021-01,19,23.84,67.56,0.0
NAKHON PATHOM,2021-02,12,27.69,60.81,0.87
NAKHON PATHOM,2021-03,15,30.73,60.39,0.79
NAKHON PATHOM,2021-04,12,29.25,72.61,4.51
NAKHON PATHOM,2021-05,24,29.1,78.77,4.9
NAKHON PATHOM,2021-06,24,28.44,77.16,2.8
NAKHON PATHOM,2021-07,5,27.72,80.89,6.95
NAKHON PATHOM,2021-08,17,27.7,82.54,5.83
NAKHON PATHOM,2021-09,23,26.73,86.99,10.37
NAKHON PATHOM,2021-10,33,26.72,87.94,8.18
NAKHON PATHOM,2021-11,46,25.6,86.13,1.35
NAKHON PATHOM,2021-12,21,23.07,79.58,0.12
NAKHON PATHOM,2022-01,35,26.45,69.37,0.49
NAKHON PATHOM,2022-02,16,27.08,71.46,3.95
NAKHON PATHOM,2022-03,10,29.32,71.5,2.64
NAKHON PATHOM,2022-04,13,29.9,64.5,2.55
NAKHON PATHOM,2022-05,30,27.89,80.38,7.01
NAKHON PATHOM,2022-06,60,28.12,80.89,4.6
NAKHON PATHOM,2022-07,60,27.77,83.05,5.89
NAKHON PATHOM,2022-08,94,27.19,84.29,7.83
NAKHON PATHOM,2022-09,133,26.78,86.54,11.63
NAKHON PATHOM,2022-10,143,25.68,87.8,9.31
NAKHON PATHOM,2022-11,164,26.01,85.97,2.66
NAKHON PATHOM,2022-12,109,23.41,80.49,0.17
NAKHON PHANOM,2015-01,3,20.14,65.94,0.21
NAKHON PHANOM,2015-02,0,24.07,63.15,1.12
NAKHON PHANOM,2015-03,7,28.99,56.47,0.94
NAKHON PHANOM,2015-04,24,30.54,47.8,0.76
NAKHON PHANOM,2015-05,40,30.36,65.75,4.34
NAKHON PHANOM,2015-06,115,29.3,70.41,3.06
NAKHON PHANOM,2015-07,106,27.35,81.22,12.53
NAKHON PHANOM,2015-08,114,26.68,88.31,8.45
NAKHON PHANOM,2015-09,68,26.87,87.0,5.34
NAKHON PHANOM,2015-10,44,25.33,82.29,2.38
NAKHON PHANOM,2015-11,44,25.13,80.98,0.74
NAKHON PHANOM,2015-12,24,21.89,73.12,0.26
NAKHON PHANOM,2016-01,13,22.23,68.4,1.07
NAKHON PHANOM,2016-02,4,20.93,54.3,0.11
NAKHON PHANOM,2016-03,16,28.18,47.06,0.1
NAKHON PHANOM,2016-04,6,32.79,47.89,1.86
NAKHON PHANOM,2016-05,38,30.54,66.36,5.65
NAKHON PHANOM,2016-06,53,28.36,79.71,7.68
NAKHON PHANOM,2016-07,77,26.73,87.65,8.95
NAKHON PHANOM,2016-08,49,26.88,87.77,15.25
NAKHON PHANOM,2016-09,20,26.76,88.32,13.58
NAKHON PHANOM,2016-10,11,26.2,85.67,4.34
NAKHON PHANOM,2016-11,10,22.93,83.82,2.44
NAKHON PHANOM,2016-12,4,20.34,81.38,0.22
NAKHON PHANOM,2017-01,2,21.4,79.24,0.24
NAKHON PHANOM,2017-02,1,21.94,68.77,0.75
NAKHON PHANOM,2017-03,3,26.19,69.76,4.04
NAKHON PHANOM,2017-04,12,28.18,67.23,3.16
NAKHON PHANOM,2017-05,12,27.82,78.62,8.74
NAKHON PHANOM,2017-06,16,26.67,89.24,9.92
NAKHON PHANOM,2017-07,21,26.09,91.79,25.84
NAKHON PHANOM,2017-08,15,26.58,90.27,10.92
NAKHON PHANOM,2017-09,5,27.45,86.56,12.07
NAKHON PHANOM,2017-10,4,24.99,86.21,6.24
NAKHON PHANOM,2017-11,2,22.24,82.5,0.51
NAKHON PHANOM,2017-12,1,19.02,79.93,0.43
NAKHON PHANOM,2018-01,2,20.95,75.2,0.21
NAKHON PHANOM,2018-02,1,21.79,67.76,0.94
NAKHON PHANOM,2018-03,9,25.99,64.87,2.47
NAKHON PHANOM,2018-04,5,28.12,62.9,3.33
NAKHON PHANOM,2018-05,21,28.32,76.54,5.6
NAKHON PHANOM,2018-06,21,26.96,86.13,10.49
NAKHON PHANOM,2018-07,14,25.99,91.33,26.41
NAKHON PHANOM,2018-08,4,25.89,91.63,10.6
NAKHON PHANOM,2018-09,3,26.89,86.15,6.61
NAKHON PHANOM,2018-10,3,25.44,83.81,1.07
NAKHON PHANOM,2018-11,4,23.75,82.36,0.27
NAKHON PHANOM,2018-12,2,21.28,78.37,1.15
NAKHON PHANOM,2019-01,2,21.41,72.93,0.07
NAKHON PHANOM,2019-02,11,26.87,63.49,0.9
NAKHON PHANOM,2019-03,15,29.16,59.45,1.27
NAKHON PHANOM,2019-04,49,31.38,60.41,3.48
NAKHON PHANOM,2019-05,166,29.0,76.83,6.83
NAKHON PHANOM,2019-06,242,27.96,84.84,7.87
NAKHON PHANOM,2019-07,107,26.72,87.66,12.51
NAKHON PHANOM,2019-08,68,26.39,90.41,19.92
NAKHON PHANOM,2019-09,27,26.07,86.68,12.2
NAKHON PHANOM,2019-10,11,25.85,82.96,3.2
NAKHON PHANOM,2019-11,5,22.55,83.46,0.67
NAKHON PHANOM,2019-12,3,20.16,77.62,0.24
NAKHON PHANOM,2020-01,10,22.63,73.4,0.6
NAKHON PHANOM,2020-02,13,24.0,64.25,0.34
NAKHON PHANOM,2020-03,21,27.94,66.36,3.46
NAKHON PHANOM,2020-04,32,27.65,64.65,1.92
NAKHON PHANOM,2020-05,65,30.31,70.18,6.2
NAKHON PHANOM,2020-06,87,27.99,82.45,3.1
NAKHON PHANOM,2020-07,102,27.81,84.06,6.83
NAKHON PHANOM,2020-08,22,26.76,88.68,14.12
NAKHON PHANOM,2020-09,17,27.59,85.13,5.04
NAKHON PHANOM,2020-10,6,23.9,86.15,10.04
NAKHON PHANOM,2020-11,2,22.74,83.29,0.49
NAKHON PHANOM,2020-12,1,19.02,79.7,0.25
NAKHON PHANOM,2021-01,0,18.17,73.41,0.07
NAKHON PHANOM,2021-02,0,23.02,69.13,1.26
NAKHON PHANOM,2021-03,2,27.56,64.92,2.01
NAKHON PHANOM,2021-04,2,28.99,67.36,4.31
NAKHON PHANOM,2021-05,5,28.96,77.17,4.83
NAKHON PHANOM,2021-06,25,27.04,87.73,11.07
NAKHON PHANOM,2021-07,20,27.18,87.31,13.18
NAKHON PHANOM,2021-08,9,27.0,88.13,6.39
NAKHON PHANOM,2021-09,14,26.86,87.05,12.03
NAKHON PHANOM,2021-10,10,24.61,86.15,6.83
NAKHON PHANOM,2021-11,3,22.28,81.71,0.3
NAKHON PHANOM,2021-12,0,18.87,79.96,0.18
NAKHON PHANOM,2022-01,4,21.58,77.14,0.26
NAKHON PHANOM,2022-02,2,20.61,72.62,1.59
NAKHON PHANOM,2022-03,4,27.08,69.74,2.72
NAKHON PHANOM,2022-04,1,26.8,68.17,3.67
NAKHON PHANOM,2022-05,12,26.05,83.74,9.78
NAKHON PHANOM,2022-06,55,26.87,87.86,5.65
NAKHON PHANOM,2022-07,63,27.41,86.91,10.76
NAKHON PHANOM,2022-08,23,26.8,88.32,11.47
NAKHON PHANOM,2022-09,20,27.11,86.28,10.23
NAKHON PHANOM,2022-10,12,23.78,84.56,2.74
NAKHON PHANOM,2022-11,3,24.38,84.3,2.16
NAKHON PHANOM,2022-12,4,18.43,79.26,0.26
NAKHON RATCHASIMA,2015-01,22,22.84,54.15,0.03
NAKHON RATCHASIMA,2015-02,25,26.41,55.75,0.65
NAKHON RATCHASIMA,2015-03,28,29.48,58.95,1.8
NAKHON RATCHASIMA,2015-04,63,30.26,54.41,1.25
NAKHON RATCHASIMA,2015-05,146,30.46,62.18,1.89
NAKHON RATCHASIMA,2015-06,298,29.15,67.15,3.07
NAKHON RATCHASIMA,2015-07,543,27.72,72.41,6.49
NAKHON RATCHASIMA,2015-08,644,26.19,84.12,8.09
NAKHON RATCHASIMA,2015-09,777,26.19,85.4,8.22
NAKHON RATCHASIMA,2015-10,634,25.32,85.08,3.95
NAKHON RATCHASIMA,2015-11,555,25.74,80.81,0.73
NAKHON RATCHASIMA,2015-12,198,25.05,67.01,0.42
NAKHON RATCHASIMA,2016-01,98,24.88,64.12,1.26
NAKHON RATCHASIMA,2016-02,67,24.63,50.94,0.0
NAKHON RATCHASIMA,2016-03,57,30.07,47.25,0.04
NAKHON RATCHASIMA,2016-04,38,32.77,47.53,1.04
NAKHON RATCHASIMA,2016-05,25,30.12,64.93,3.3
NAKHON RATCHASIMA,2016-06,66,27.85,76.59,6.28
NAKHON RATCHASIMA,2016-07,112,26.48,82.39,6.16
NAKHON RATCHASIMA,2016-08,194,26.85,80.6,5.2
NAKHON RATCHASIMA,2016-09,129,25.86,87.54,9.9
NAKHON RATCHASIMA,2016-10,75,26.02,86.77,4.39
NAKHON RATCHASIMA,2016-11,53,24.01,86.21,1.48
NAKHON RATCHASIMA,2016-12,18,22.19,78.09,0.05
NAKHON RATCHASIMA,2017-01,18,24.09,71.07,0.29
NAKHON RATCHASIMA,2017-02,14,25.31,56.46,0.1
NAKHON RATCHASIMA,2017-03,26,27.97,64.96,4.76
NAKHON RATCHASIMA,2017-04,28,29.23,64.28,1.81
NAKHON RATCHASIMA,2017-05,104,27.51,81.73,8.75
NAKHON RATCHASIMA,2017-06,193,26.62,85.18,7.79
NAKHON RATCHASIMA,2017-07,227,25.65,86.95,7.23
NAKHON RATCHASIMA,2017-08,224,26.13,86.78,8.43
NAKHON RATCHASIMA,2017-09,93,26.41,87.7,9.74
NAKHON RATCHASIMA,2017-10,49,25.21,88.4,4.15
NAKHON RATCHASIMA,2017-11,36,23.22,87.0,0.76
NAKHON RATCHASIMA,2017-12,14,21.45,79.75,0.37
NAKHON RATCHASIMA,2018-01,20,23.18,75.77,0.86
NAKHON RATCHASIMA,2018-02,15,24.16,67.26,0.71
NAKHON RATCHASIMA,2018-03,26,27.65,65.24,0.99
NAKHON RATCHASIMA,2018-04,40,27.89,69.82,5.09
NAKHON RATCHASIMA,2018-05,162,27.58,79.98,5.0
NAKHON RATCHASIMA,2018-06,455,26.81,81.1,4.13
NAKHON RATCHASIMA,2018-07,328,25.98,84.06,6.04
NAKHON RATCHASIMA,2018-08,360,25.71,84.09,5.03
NAKHON RATCHASIMA,2018-09,309,26.12,86.17,6.5
NAKHON RATCHASIMA,2018-10,324,25.98,83.89,3.16
NAKHON RATCHASIMA,2018-11,229,25.07,77.2,0.32
NAKHON RATCHASIMA,2018-12,155,25.26,66.22,0.29
NAKHON RATCHASIMA,2019-01,127,25.16,56.4,0.0
NAKHON RATCHASIMA,2019-02,194,29.28,54.86,0.29
NAKHON RATCHASIMA,2019-03,230,30.4,53.59,0.61
NAKHON RATCHASIMA,2019-04,254,31.57,56.85,1.19
NAKHON RATCHASIMA,2019-05,528,29.51,69.95,4.14
NAKHON RATCHASIMA,2019-06,1519,28.85,73.42,2.98
NAKHON RATCHASIMA,2019-07,1284,27.57,72.82,3.11
NAKHON RATCHASIMA,2019-08,776,27.04,78.94,7.3
NAKHON RATCHASIMA,2019-09,558,25.99,85.18,7.26
NAKHON RATCHASIMA,2019-10,789,26.49,80.42,1.82
NAKHON RATCHASIMA,2019-11,670,25.59,69.61,0.45
NAKHON RATCHASIMA,2019-12,207,24.19,58.79,0.0
NAKHON RATCHASIMA,2020-01,204,27.2,51.36,0.0
NAKHON RATCHASIMA,2020-02,136,27.48,46.91,0.0
NAKHON RATCHASIMA,2020-03,162,30.73,55.54,1.22
NAKHON RATCHASIMA,2020-04,151,29.65,61.79,2.04
NAKHON RATCHASIMA,2020-05,454,29.16,72.99,6.64
NAKHON RATCHASIMA,2020-06,868,27.09,83.79,9.44
NAKHON RATCHASIMA,2020-07,1213,26.95,83.75,4.79
NAKHON RATCHASIMA,2020-08,796,26.46,84.96,7.75
NAKHON RATCHASIMA,2020-09,323,26.53,86.84,10.18
NAKHON RATCHASIMA,2020-10,59,24.13,88.94,9.88
NAKHON RATCHASIMA,2020-11,30,23.61,86.19,0.14
NAKHON RATCHASIMA,2020-12,11,21.54,79.04,0.0
NAKHON RATCHASIMA,2021-01,9,21.45,65.68,0.0
NAKHON RATCHASIMA,2021-02,18,25.19,60.71,0.56
NAKHON RATCHASIMA,2021-03,24,29.25,59.22,0.87
NAKHON RATCHASIMA,2021-04,10,27.59,76.91,8.16
NAKHON RATCHASIMA,2021-05,7,27.73,81.29,3.66
NAKHON RATCHASIMA,2021-06,8,27.19,79.84,2.38
NAKHON RATCHASIMA,2021-07,7,26.55,83.28,8.46
NAKHON RATCHASIMA,2021-08,5,26.79,83.45,5.0
NAKHON RATCHASIMA,2021-09,4,25.68,88.99,11.86
NAKHON RATCHASIMA,2021-10,12,25.18,89.0,7.65
NAKHON RATCHASIMA,2021-11,5,23.56,86.78,0.36
NAKHON RATCHASIMA,2021-12,4,20.82,81.13,0.57
NAKHON RATCHASIMA,2022-01,4,23.73,73.88,0.42
NAKHON RATCHASIMA,2022-02,8,24.32,72.82,0.98
NAKHON RATCHASIMA,2022-03,7,27.72,72.97,3.75
NAKHON RATCHASIMA,2022-04,12,27.14,70.95,2.98
NAKHON RATCHASIMA,2022-05,52,26.17,83.19,8.75
NAKHON RATCHASIMA,2022-06,71,26.57,84.24,3.51
NAKHON RATCHASIMA,2022-07,86,26.56,85.57,9.25
NAKHON RATCHASIMA,2022-08,153,26.09,86.46,7.0
NAKHON RATCHASIMA,2022-09,74,25.62,89.12,15.06
NAKHON RATCHASIMA,2022-10,41,23.9,89.07,3.48
NAKHON RATCHASIMA,2022-11,43,24.36,87.14,2.27
NAKHON RATCHASIMA,2022-12,22,20.91,81.01,0.13
NAKHON SAWAN,2015-01,13,24.76,46.48,0.19
NAKHON SAWAN,2015-02,12,28.59,47.19,0.38
NAKHON SAWAN,2015-03,19,30.9,55.99,2.1
NAKHON SAWAN,2015-04,36,31.12,55.11,2.24
NAKHON SAWAN,2015-05,146,31.78,59.1,0.98
NAKHON SAWAN,2015-06,189,30.57,62.99,2.23
NAKHON SAWAN,2015-07,293,29.41,66.2,3.57
NAKHON SAWAN,2015-08,368,27.98,77.36,4.83
NAKHON SAWAN,2015-09,432,27.27,83.49,8.02
NAKHON SAWAN,2015-10,391,26.69,83.17,4.55
NAKHON SAWAN,2015-11,426,27.43,74.2,1.46
NAKHON SAWAN,2015-12,97,26.52,62.01,0.9
NAKHON SAWAN,2016-01,79,26.16,54.93,0.94
NAKHON SAWAN,2016-02,58,26.82,41.96,0.0
NAKHON SAWAN,2016-03,52,31.98,40.54,0.11
NAKHON SAWAN,2016-04,15,34.8,42.94,0.73
NAKHON SAWAN,2016-05,6,31.45,61.92,3.83
NAKHON SAWAN,2016-06,13,28.97,74.46,5.13
NAKHON SAWAN,2016-07,33,27.48,81.09,4.8
NAKHON SAWAN,2016-08,71,27.54,81.59,6.59
NAKHON SAWAN,2016-09,52,26.52,87.96,9.29
NAKHON SAWAN,2016-10,24,26.87,86.8,5.79
NAKHON SAWAN,2016-11,18,25.19,82.29,1.4
NAKHON SAWAN,2016-12,9,23.94,70.68,0.23
NAKHON SAWAN,2017-01,9,25.72,66.93,1.0
NAKHON SAWAN,2017-02,6,27.61,48.28,0.12
NAKHON SAWAN,2017-03,7,30.7,52.88,1.7
NAKHON SAWAN,2017-04,10,31.58,55.11,1.52
NAKHON SAWAN,2017-05,9,28.79,78.31,9.05
NAKHON SAWAN,2017-06,41,27.36,85.89,5.97
NAKHON SAWAN,2017-07,67,26.34,88.53,12.8
NAKHON SAWAN,2017-08,94,26.81,87.24,6.57
NAKHON SAWAN,2017-09,46,27.43,86.26,5.06
NAKHON SAWAN,2017-10,30,26.17,87.33,5.62
NAKHON SAWAN,2017-11,41,24.35,83.93,0.96
NAKHON SAWAN,2017-12,20,23.07,72.52,0.77
NAKHON SAWAN,2018-01,17,25.32,67.18,0.71
NAKHON SAWAN,2018-02,16,26.65,58.67,1.26
NAKHON SAWAN,2018-03,32,30.09,55.27,0.82
NAKHON SAWAN,2018-04,59,29.56,65.36,4.87
NAKHON SAWAN,2018-05,142,28.62,77.37,4.45
NAKHON SAWAN,2018-06,361,28.16,77.38,4.13
NAKHON SAWAN,2018-07,307,27.04,82.53,5.42
NAKHON SAWAN,2018-08,294,26.48,84.66,5.83
NAKHON SAWAN,2018-09,304,26.96,86.05,5.27
NAKHON SAWAN,2018-10,267,27.15,81.75,2.85
NAKHON SAWAN,2018-11,209,26.58,71.97,0.7
NAKHON SAWAN,2018-12,162,26.62,61.36,0.58
NAKHON SAWAN,2019-01,102,27.12,51.16,0.02
NAKHON SAWAN,2019-02,106,30.68,50.36,0.65
NAKHON SAWAN,2019-03,89,32.41,46.22,0.41
NAKHON SAWAN,2019-04,48,33.64,50.98,1.41
NAKHON SAWAN,2019-05,36,31.12,65.25,4.29
NAKHON SAWAN,2019-06,60,29.34,75.71,4.48
NAKHON SAWAN,2019-07,174,28.26,74.91,3.48
NAKHON SAWAN,2019-08,121,27.58,81.3,8.42
NAKHON SAWAN,2019-09,75,27.01,84.46,6.58
NAKHON SAWAN,2019-10,96,27.41,80.65,2.56
NAKHON SAWAN,2019-11,88,27.07,65.5,0.27
NAKHON SAWAN,2019-12,40,25.89,51.08,0.0
NAKHON SAWAN,2020-01,42,29.17,44.68,0.0
NAKHON SAWAN,2020-02,27,29.74,41.2,0.01
NAKHON SAWAN,2020-03,29,32.08,51.43,1.07
NAKHON SAWAN,2020-04,10,31.73,54.84,1.88
NAKHON SAWAN,2020-05,7,31.25,65.27,3.27
NAKHON SAWAN,2020-06,33,28.59,78.86,6.85
NAKHON SAWAN,2020-07,156,28.06,81.57,4.22
NAKHON SAWAN,2020-08,170,27.42,83.69,6.72
NAKHON SAWAN,2020-09,176,27.26,87.45,7.94
NAKHON SAWAN,2020-10,141,25.14,87.62,7.48
NAKHON SAWAN,2020-11,103,25.06,81.92,0.31
NAKHON SAWAN,2020-12,65,23.75,69.16,0.05
NAKHON SAWAN,2021-01,17,24.1,54.11,0.0
NAKHON SAWAN,2021-02,14,28.3,48.17,0.44
NAKHON SAWAN,2021-03,11,31.68,50.68,0.83
NAKHON SAWAN,2021-04,6,29.27,71.34,7.12
NAKHON SAWAN,2021-05,19,28.93,78.53,2.74
NAKHON SAWAN,2021-06,16,28.32,77.92,2.81
NAKHON SAWAN,2021-07,13,27.29,83.98,8.2
NAKHON SAWAN,2021-08,13,27.46,84.79,5.99
NAKHON SAWAN,2021-09,17,26.61,88.58,12.82
NAKHON SAWAN,2021-10,10,26.25,88.07,6.34
NAKHON SAWAN,2021-11,7,24.83,83.69,1.02
NAKHON SAWAN,2021-12,7,22.42,73.44,0.11
NAKHON SAWAN,2022-01,4,25.97,63.76,0.81
NAKHON SAWAN,2022-02,2,26.42,64.09,1.52
NAKHON SAWAN,2022-03,2,29.77,65.7,3.79
NAKHON SAWAN,2022-04,7,29.57,62.43,2.71
NAKHON SAWAN,2022-05,22,27.57,79.62,5.99
NAKHON SAWAN,2022-06,73,27.6,82.68,5.4
NAKHON SAWAN,2022-07,105,27.49,85.17,7.44
NAKHON SAWAN,2022-08,71,26.79,87.42,7.96
NAKHON SAWAN,2022-09,60,26.52,89.31,12.6
NAKHON SAWAN,2022-10,48,25.22,86.49,4.65
NAKHON SAWAN,2022-11,45,25.69,84.55,2.97
NAKHON SAWAN,2022-12,40,22.64,75.73,0.19
NAKHON SI THAMMARAT,2015-01,102,24.97,82.94,1.89
NAKHON SI THAMMARAT,2015-02,71,24.87,81.98,0.33
NAKHON SI THAMMARAT,2015-03,60,26.52,80.17,0.07
NAKHON SI THAMMARAT,2015-04,50,27.45,80.78,2.82
NAKHON SI THAMMARAT,2015-05,50,28.44,77.99,4.07
NAKHON SI THAMMARAT,2015-06,116,27.86,79.19,2.85
NAKHON SI THAMMARAT,2015-07,190,27.19,82.78,4.6
NAKHON SI THAMMARAT,2015-08,161,26.99,81.2,6.83
NAKHON SI THAMMARAT,2015-09,148,26.92,82.28,6.89
NAKHON SI THAMMARAT,2015-10,133,27.1,82.27,8.68
NAKHON SI THAMMARAT,2015-11,178,26.46,87.32,13.6
NAKHON SI THAMMARAT,2015-12,153,26.41,85.51,7.8
NAKHON SI THAMMARAT,2016-01,194,26.39,84.28,3.29
NAKHON SI THAMMARAT,2016-02,130,25.96,82.86,2.5
NAKHON SI THAMMARAT,2016-03,84,26.78,80.59,0.04
NAKHON SI THAMMARAT,2016-04,30,28.51,76.53,0.36
NAKHON SI THAMMARAT,2016-05,23,28.75,77.56,4.37
NAKHON SI THAMMARAT,2016-06,50,27.18,83.06,4.85
NAKHON SI THAMMARAT,2016-07,117,27.02,82.7,5.22
NAKHON SI THAMMARAT,2016-08,230,26.96,83.92,3.68
NAKHON SI THAMMARAT,2016-09,268,26.46,84.07,4.04
NAKHON SI THAMMARAT,2016-10,200,26.35,84.63,8.06
NAKHON SI THAMMARAT,2016-11,208,26.67,85.83,9.24
NAKHON SI THAMMARAT,2016-12,101,25.91,86.75,26.8
NAKHON SI THAMMARAT,2017-01,158,25.65,87.27,33.49
NAKHON SI THAMMARAT,2017-02,173,25.65,82.23,3.09
NAKHON SI THAMMARAT,2017-03,133,26.64,81.05,2.82
NAKHON SI THAMMARAT,2017-04,138,27.46,83.12,5.5
NAKHON SI THAMMARAT,2017-05,201,27.99,82.64,5.4
NAKHON SI THAMMARAT,2017-06,197,27.13,83.99,5.13
NAKHON SI THAMMARAT,2017-07,187,26.82,83.54,3.13
NAKHON SI THAMMARAT,2017-08,187,26.84,83.44,5.98
NAKHON SI THAMMARAT,2017-09,154,27.1,83.37,7.34
NAKHON SI THAMMARAT,2017-10,187,26.9,83.1,3.85
NAKHON SI THAMMARAT,2017-11,199,26.35,87.61,27.91
NAKHON SI THAMMARAT,2017-12,149,25.67,85.93,11.74
NAKHON SI THAMMARAT,2018-01,125,25.53,85.86,7.83
NAKHON SI THAMMARAT,2018-02,135,25.48,82.07,0.75
NAKHON SI THAMMARAT,2018-03,123,26.75,81.65,2.44
NAKHON SI THAMMARAT,2018-04,93,27.41,80.96,3.83
NAKHON SI THAMMARAT,2018-05,201,28.19,78.71,4.94
NAKHON SI THAMMARAT,2018-06,249,27.01,82.63,5.05
NAKHON SI THAMMARAT,2018-07,319,26.71,85.35,4.86
NAKHON SI THAMMARAT,2018-08,370,26.67,84.01,2.87
NAKHON SI THAMMARAT,2018-09,315,26.75,82.4,5.84
NAKHON SI THAMMARAT,2018-10,295,26.84,83.67,9.2
NAKHON SI THAMMARAT,2018-11,315,26.64,86.14,16.18
NAKHON SI THAMMARAT,2018-12,299,26.36,86.75,17.91
NAKHON SI THAMMARAT,2019-01,210,25.7,85.01,5.63
NAKHON SI THAMMARAT,2019-02,203,25.94,82.46,0.34
NAKHON SI THAMMARAT,2019-03,159,27.28,77.64,0.58
NAKHON SI THAMMARAT,2019-04,120,28.43,78.95,1.42
NAKHON SI THAMMARAT,2019-05,141,28.19,80.52,5.91
NAKHON SI THAMMARAT,2019-06,314,27.76,82.66,4.01
NAKHON SI THAMMARAT,2019-07,539,27.41,80.87,4.63
NAKHON SI THAMMARAT,2019-08,337,26.87,84.15,4.48
NAKHON SI THAMMARAT,2019-09,327,26.73,82.95,6.59
NAKHON SI THAMMARAT,2019-10,298,27.0,82.91,9.35
NAKHON SI THAMMARAT,2019-11,270,26.67,83.26,13.93
NAKHON SI THAMMARAT,2019-12,175,25.5,84.99,6.01
NAKHON SI THAMMARAT,2020-01,134,25.82,83.97,0.55
NAKHON SI THAMMARAT,2020-02,77,25.93,82.51,1.17
NAKHON SI THAMMARAT,2020-03,43,27.13,78.74,0.24
NAKHON SI THAMMARAT,2020-04,25,28.0,80.62,5.78
NAKHON SI THAMMARAT,2020-05,44,28.27,81.59,5.86
NAKHON SI THAMMARAT,2020-06,104,27.41,82.03,12.65
NAKHON SI THAMMARAT,2020-07,117,27.27,81.5,9.11
NAKHON SI THAMMARAT,2020-08,88,27.24,82.18,5.37
NAKHON SI THAMMARAT,2020-09,42,26.91,83.9,13.06
NAKHON SI THAMMARAT,2020-10,28,26.29,86.09,12.88
NAKHON SI THAMMARAT,2020-11,15,26.5,86.17,21.75
NAKHON SI THAMMARAT,2020-12,11,25.65,86.49,26.78
NAKHON SI THAMMARAT,2021-01,19,25.09,84.05,3.24
NAKHON SI THAMMARAT,2021-02,14,25.49,81.58,0.13
NAKHON SI THAMMARAT,2021-03,11,26.5,82.23,1.85
NAKHON SI THAMMARAT,2021-04,12,27.63,80.38,6.33
NAKHON SI THAMMARAT,2021-05,9,27.63,83.4,6.08
NAKHON SI THAMMARAT,2021-06,9,27.33,82.77,2.72
NAKHON SI THAMMARAT,2021-07,2,27.14,83.54,4.84
NAKHON SI THAMMARAT,2021-08,6,26.82,83.99,9.28
NAKHON SI THAMMARAT,2021-09,0,26.84,83.1,4.76
NAKHON SI THAMMARAT,2021-10,4,26.88,83.88,6.34
NAKHON SI THAMMARAT,2021-11,0,26.33,89.0,28.93
NAKHON SI THAMMARAT,2021-12,0,25.57,85.25,10.12
NAKHON SI THAMMARAT,2022-01,1,25.63,83.99,1.49
NAKHON SI THAMMARAT,2022-02,4,26.18,85.83,13.07
NAKHON SI THAMMARAT,2022-03,3,27.01,83.09,5.49
NAKHON SI THAMMARAT,2022-04,4,27.76,81.59,14.05
NAKHON SI THAMMARAT,2022-05,10,27.29,85.53,14.25
NAKHON SI THAMMARAT,2022-06,4,27.27,81.94,5.43
NAKHON SI THAMMARAT,2022-07,8,27.0,84.61,6.21
NAKHON SI THAMMARAT,2022-08,13,26.93,83.89,4.41
NAKHON SI THAMMARAT,2022-09,26,26.55,84.26,8.42
NAKHON SI THAMMARAT,2022-10,38,26.31,86.28,12.02
NAKHON SI THAMMARAT,2022-11,47,26.06,87.09,14.28
NAKHON SI THAMMARAT,2022-12,31,25.58,85.14,16.71
NAN,2015-01,0,18.97,67.9,1.76
NAN,2015-02,0,22.29,60.13,0.14
NAN,2015-03,2,26.52,54.62,1.07
NAN,2015-04,13,27.08,61.69,3.85
NAN,2015-05,60,28.35,68.37,2.33
NAN,2015-06,73,27.49,71.68,2.11
NAN,2015-07,101,26.11,79.52,6.35
NAN,2015-08,77,25.11,85.47,5.54
NAN,2015-09,47,25.74,83.04,5.07
NAN,2015-10,16,24.84,78.11,2.03
NAN,2015-11,8,24.85,70.93,0.86
NAN,2015-12,7,21.49,71.15,1.6
NAN,2016-01,1,20.03,61.85,1.57
NAN,2016-02,4,21.19,56.52,0.05
NAN,2016-03,6,26.9,47.06,0.0
NAN,2016-04,3,30.91,45.09,1.77
NAN,2016-05,17,28.18,69.46,6.11
NAN,2016-06,45,26.04,81.11,5.8
NAN,2016-07,32,25.28,84.9,8.59
NAN,2016-08,28,25.09,86.38,11.12
NAN,2016-09,4,25.43,85.08,7.95
NAN,2016-10,15,25.14,82.69,3.8
NAN,2016-11,11,22.42,83.29,2.0
NAN,2016-12,15,20.0,80.18,0.1
NAN,2017-01,10,20.67,80.73,1.48
NAN,2017-02,7,21.14,68.38,0.0
NAN,2017-03,2,25.22,63.81,0.77
NAN,2017-04,13,25.86,73.08,4.67
NAN,2017-05,67,26.28,80.1,6.32
NAN,2017-06,63,25.67,84.15,3.88
NAN,2017-07,58,24.93,87.08,17.07
NAN,2017-08,33,24.84,88.49,8.24
NAN,2017-09,17,25.56,85.35,7.44
NAN,2017-10,18,24.17,85.62,4.05
NAN,2017-11,14,22.07,84.19,0.25
NAN,2017-12,2,18.79,83.61,1.63
NAN,2018-01,6,19.97,77.75,0.56
NAN,2018-02,0,20.72,75.02,0.6
NAN,2018-03,7,23.79,69.62,1.23
NAN,2018-04,8,25.35,74.68,5.38
NAN,2018-05,66,25.7,82.17,7.35
NAN,2018-06,103,25.2,85.27,6.03
NAN,2018-07,97,24.97,87.82,10.68
NAN,2018-08,45,24.58,89.04,8.61
NAN,2018-09,10,25.32,85.35,5.23
NAN,2018-10,5,24.36,83.75,3.05
NAN,2018-11,2,22.63,80.85,0.67
NAN,2018-12,1,20.61,82.37,0.4
NAN,2019-01,3,20.36,81.06,1.39
NAN,2019-02,8,22.8,67.26,0.17
NAN,2019-03,2,25.23,61.07,0.3
NAN,2019-04,18,29.1,59.22,1.67
NAN,2019-05,24,27.91,74.29,4.99
NAN,2019-06,61,26.47,81.29,3.13
NAN,2019-07,55,25.74,80.64,6.43
NAN,2019-08,52,25.09,88.38,15.14
NAN,2019-09,69,25.53,81.15,3.66
NAN,2019-10,43,24.94,80.09,1.92
NAN,2019-11,27,22.46,80.83,0.23
NAN,2019-12,3,18.94,74.42,0.13
NAN,2020-01,3,21.61,68.18,0.0
NAN,2020-02,0,22.08,64.61,0.01
NAN,2020-03,7,26.6,56.81,0.46
NAN,2020-04,31,27.0,62.64,3.78
NAN,2020-05,18,28.31,70.72,4.58
NAN,2020-06,40,25.9,84.48,6.55
NAN,2020-07,60,25.74,84.85,5.48
NAN,2020-08,30,25.0,87.87,15.33
NAN,2020-09,11,25.62,86.18,4.78
NAN,2020-10,11,23.66,84.44,2.07
NAN,2020-11,10,22.31,81.73,0.42
NAN,2020-12,1,19.34,78.15,0.0
NAN,2021-01,0,18.54,74.25,0.09
NAN,2021-02,0,22.03,68.86,1.77
NAN,2021-03,0,26.08,63.78,0.96
NAN,2021-04,15,25.72,75.98,6.94
NAN,2021-05,32,26.6,79.89,3.69
NAN,2021-06,16,25.34,85.4,6.28
NAN,2021-07,5,25.41,85.97,6.83
NAN,2021-08,10,25.52,84.93,7.56
NAN,2021-09,4,25.35,84.9,7.37
NAN,2021-10,5,24.2,84.74,4.34
NAN,2021-11,1,22.5,83.26,0.87
NAN,2021-12,0,18.69,78.59,0.04
NAN,2022-01,2,20.3,75.71,1.12
NAN,2022-02,0,20.65,75.35,1.69
NAN,2022-03,0,25.78,73.22,5.01
NAN,2022-04,0,25.65,72.34,3.74
NAN,2022-05,56,24.97,82.8,7.69
NAN,2022-06,86,25.45,84.0,3.71
NAN,2022-07,72,25.91,85.1,8.98
NAN,2022-08,54,25.29,86.75,9.1
NAN,2022-09,32,25.48,85.14,8.24
NAN,2022-10,31,23.74,82.96,3.25
NAN,2022-11,16,23.29,80.92,1.04
NAN,2022-12,10,19.3,82.81,0.23
NARATHIWAT,2015-01,13,23.78,87.64,2.59
NARATHIWAT,2015-02,15,23.74,85.34,0.49
NARATHIWAT,2015-03,15,25.3,82.62,0.32
NARATHIWAT,2015-04,7,26.83,81.66,5.21
NARATHIWAT,2015-05,7,27.84,81.42,5.0
NARATHIWAT,2015-06,9,27.6,80.65,6.01
NARATHIWAT,2015-07,36,26.84,83.48,4.22
NARATHIWAT,2015-08,43,26.86,82.9,8.21
NARATHIWAT,2015-09,29,26.93,82.47,5.37
NARATHIWAT,2015-10,45,26.7,84.3,5.29
NARATHIWAT,2015-11,55,25.82,89.48,15.21
NARATHIWAT,2015-12,43,25.62,88.6,5.62
NARATHIWAT,2016-01,44,25.73,87.57,4.08
NARATHIWAT,2016-02,25,24.98,87.09,3.72
NARATHIWAT,2016-03,24,25.85,82.89,0.53
NARATHIWAT,2016-04,12,28.33,76.71,0.42
NARATHIWAT,2016-05,5,28.45,78.74,5.67
NARATHIWAT,2016-06,24,27.62,81.27,8.17
NARATHIWAT,2016-07,41,27.26,82.31,6.17
NARATHIWAT,2016-08,60,26.99,82.75,5.45
NARATHIWAT,2016-09,61,26.61,83.35,5.8
NARATHIWAT,2016-10,111,26.07,86.04,6.67
NARATHIWAT,2016-11,103,26.12,88.12,11.95
NARATHIWAT,2016-12,72,25.07,91.64,21.84
NARATHIWAT,2017-01,81,25.02,90.66,24.51
NARATHIWAT,2017-02,68,24.96,86.92,2.66
NARATHIWAT,2017-03,47,25.81,84.6,3.37
NARATHIWAT,2017-04,12,27.08,84.63,4.23
NARATHIWAT,2017-05,22,27.7,84.89,6.2
NARATHIWAT,2017-06,24,27.85,79.85,3.62
NARATHIWAT,2017-07,19,27.31,82.45,8.92
NARATHIWAT,2017-08,20,27.03,83.24,7.4
NARATHIWAT,2017-09,27,26.99,83.26,6.0
NARATHIWAT,2017-10,15,26.62,84.98,11.39
NARATHIWAT,2017-11,18,25.75,90.56,26.69
NARATHIWAT,2017-12,16,24.9,90.41,13.61
NARATHIWAT,2018-01,25,24.87,89.86,7.97
NARATHIWAT,2018-02,14,24.36,85.62,1.36
NARATHIWAT,2018-03,11,25.93,84.99,1.73
NARATHIWAT,2018-04,7,26.55,84.66,4.9
NARATHIWAT,2018-05,10,27.39,83.32,3.89
NARATHIWAT,2018-06,13,27.09,82.18,4.1
NARATHIWAT,2018-07,15,26.83,82.67,4.64
NARATHIWAT,2018-08,51,26.84,82.15,9.87
NARATHIWAT,2018-09,29,26.59,83.82,8.62
NARATHIWAT,2018-10,80,26.43,84.94,7.83
NARATHIWAT,2018-11,78,25.97,88.32,12.54
NARATHIWAT,2018-12,22,25.5,91.05,17.14
NARATHIWAT,2019-01,21,24.82,88.6,7.02
NARATHIWAT,2019-02,33,24.83,86.0,1.17
NARATHIWAT,2019-03,19,25.92,82.9,0.97
NARATHIWAT,2019-04,26,27.68,80.08,1.75
NARATHIWAT,2019-05,19,27.89,82.79,6.3
NARATHIWAT,2019-06,62,27.93,81.11,7.76
NARATHIWAT,2019-07,118,27.33,81.05,2.77
NARATHIWAT,2019-08,97,26.84,82.62,7.1
NARATHIWAT,2019-09,55,26.77,83.44,6.39
NARATHIWAT,2019-10,85,26.35,84.61,4.98
NARATHIWAT,2019-11,57,26.06,87.65,15.42
NARATHIWAT,2019-12,29,24.48,89.35,7.72
NARATHIWAT,2020-01,33,24.91,87.11,1.22
NARATHIWAT,2020-02,14,24.88,86.5,3.0
NARATHIWAT,2020-03,3,26.34,82.15,1.59
NARATHIWAT,2020-04,2,27.14,83.58,9.39
NARATHIWAT,2020-05,5,27.94,84.77,3.21
NARATHIWAT,2020-06,12,27.7,82.51,13.16
NARATHIWAT,2020-07,31,27.2,82.84,7.57
NARATHIWAT,2020-08,32,27.69,80.35,5.75
NARATHIWAT,2020-09,32,26.99,83.54,6.85
NARATHIWAT,2020-10,17,26.28,86.39,7.84
NARATHIWAT,2020-11,15,25.76,89.31,19.84
NARATHIWAT,2020-12,4,24.96,90.89,18.93
NARATHIWAT,2021-01,2,24.08,89.3,5.41
NARATHIWAT,2021-02,3,24.15,84.76,0.3
NARATHIWAT,2021-03,5,25.69,84.56,2.73
NARATHIWAT,2021-04,1,26.99,83.61,4.62
NARATHIWAT,2021-05,5,27.55,83.18,5.13
NARATHIWAT,2021-06,7,27.44,81.39,3.28
NARATHIWAT,2021-07,3,27.27,82.1,5.36
NARATHIWAT,2021-08,0,26.96,83.29,6.71
NARATHIWAT,2021-09,0,26.75,83.04,5.51
NARATHIWAT,2021-10,0,26.68,84.53,5.48
NARATHIWAT,2021-11,4,25.93,89.84,24.21
NARATHIWAT,2021-12,3,24.83,90.58,12.24
NARATHIWAT,2022-01,3,24.55,87.26,1.19
NARATHIWAT,2022-02,4,25.17,89.64,22.91
NARATHIWAT,2022-03,1,26.42,86.06,3.92
NARATHIWAT,2022-04,5,26.96,85.21,4.73
NARATHIWAT,2022-05,9,27.15,86.06,10.55
NARATHIWAT,2022-06,35,27.33,83.04,7.51
NARATHIWAT,2022-07,37,27.24,82.92,3.76
NARATHIWAT,2022-08,35,27.01,83.16,6.27
NARATHIWAT,2022-09,43,26.7,83.61,11.35
NARATHIWAT,2022-10,71,25.92,87.85,9.12
NARATHIWAT,2022-11,69,25.71,89.67,11.3
NARATHIWAT,2022-12,42,24.49,91.71,31.93
NONG BUA LAMPHU,2015-01,0,21.6,54.99,0.17
NONG BUA LAMPHU,2015-02,2,25.68,55.53,1.17
NONG BUA LAMPHU,2015-03,1,30.2,49.99,1.05
NONG BUA LAMPHU,2015-04,0,30.85,47.26,2.74
NONG BUA LAMPHU,2015-05,10,31.38,58.23,1.99
NONG BUA LAMPHU,2015-06,30,29.55,66.33,2.86
NONG BUA LAMPHU,2015-07,17,28.05,74.09,5.98
NONG BUA LAMPHU,2015-08,6,26.86,84.11,5.09
NONG BUA LAMPHU,2015-09,10,26.69,85.56,6.11
NONG BUA LAMPHU,2015-10,7,25.47,81.86,3.26
NONG BUA LAMPHU,2015-11,14,26.19,72.42,0.73
NONG BUA LAMPHU,2015-12,5,23.99,61.85,0.23
NONG BUA LAMPHU,2016-01,7,23.89,55.87,1.22
NONG BUA LAMPHU,2016-02,3,22.87,46.96,0.0
NONG BUA LAMPHU,2016-03,10,30.04,38.56,0.09
NONG BUA LAMPHU,2016-04,8,34.0,42.0,2.02
NONG BUA LAMPHU,2016-05,1,30.77,64.49,6.0
NONG BUA LAMPHU,2016-06,11,28.58,75.13,6.66
NONG BUA LAMPHU,2016-07,12,26.75,83.96,4.97
NONG BUA LAMPHU,2016-08,24,26.93,83.12,7.63
NONG BUA LAMPHU,2016-09,24,26.29,87.64,6.94
NONG BUA LAMPHU,2016-10,7,25.89,86.67,4.19
NONG BUA LAMPHU,2016-11,2,22.87,84.37,3.0
NONG BUA LAMPHU,2016-12,0,20.86,74.84,0.04
NONG BUA LAMPHU,2017-01,0,23.25,68.75,0.38
NONG BUA LAMPHU,2017-02,0,24.55,54.11,0.13
NONG BUA LAMPHU,2017-03,2,28.51,57.89,2.63
NONG BUA LAMPHU,2017-04,1,30.18,55.95,2.01
NONG BUA LAMPHU,2017-05,13,28.2,76.69,9.84
NONG BUA LAMPHU,2017-06,11,26.74,86.5,7.92
NONG BUA LAMPHU,2017-07,20,26.0,88.72,10.63
NONG BUA LAMPHU,2017-08,13,26.37,88.05,7.46
NONG BUA LAMPHU,2017-09,6,27.02,86.64,5.7
NONG BUA LAMPHU,2017-10,3,24.73,88.54,6.01
NONG BUA LAMPHU,2017-11,2,22.25,84.28,0.19
NONG BUA LAMPHU,2017-12,1,20.08,74.87,0.49
NONG BUA LAMPHU,2018-01,0,22.77,65.85,0.29
NONG BUA LAMPHU,2018-02,2,23.94,58.62,1.35
NONG BUA LAMPHU,2018-03,2,28.07,53.35,1.2
NONG BUA LAMPHU,2018-04,5,28.8,60.14,5.06
NONG BUA LAMPHU,2018-05,27,27.93,79.28,7.2
NONG BUA LAMPHU,2018-06,54,26.89,84.11,6.3
NONG BUA LAMPHU,2018-07,18,26.06,87.09,6.67
NONG BUA LAMPHU,2018-08,11,26.01,87.14,5.4
NONG BUA LAMPHU,2018-09,11,26.56,85.85,5.81
NONG BUA LAMPHU,2018-10,6,25.63,83.11,2.02
NONG BUA LAMPHU,2018-11,5,24.55,75.11,0.57
NONG BUA LAMPHU,2018-12,4,23.17,66.96,0.39
NONG BUA LAMPHU,2019-01,5,23.4,61.79,0.0
NONG BUA LAMPHU,2019-02,4,28.45,51.85,1.27
NONG BUA LAMPHU,2019-03,5,31.04,46.62,0.81
NONG BUA LAMPHU,2019-04,7,33.18,49.0,1.15
NONG BUA LAMPHU,2019-05,24,30.11,67.49,4.39
NONG BUA LAMPHU,2019-06,57,28.73,77.3,4.68
NONG BUA LAMPHU,2019-07,66,27.84,74.88,3.41
NONG BUA LAMPHU,2019-08,39,26.95,83.15,11.09
NONG BUA LAMPHU,2019-09,22,26.04,85.86,6.44
NONG BUA LAMPHU,2019-10,17,26.12,80.54,0.97
NONG BUA LAMPHU,2019-11,17,24.58,70.31,0.15
NONG BUA LAMPHU,2019-12,5,22.34,62.3,0.0
NONG BUA LAMPHU,2020-01,5,25.81,56.06,0.01
NONG BUA LAMPHU,2020-02,3,26.48,48.99,0.0
NONG BUA LAMPHU,2020-03,12,29.66,55.78,2.82
NONG BUA LAMPHU,2020-04,26,28.97,59.56,2.4
NONG BUA LAMPHU,2020-05,14,30.9,64.47,4.9
NONG BUA LAMPHU,2020-06,27,27.49,84.05,5.44
NONG BUA LAMPHU,2020-07,48,27.25,84.81,5.02
NONG BUA LAMPHU,2020-08,4,26.58,87.09,9.55
NONG BUA LAMPHU,2020-09,7,27.04,86.57,7.83
NONG BUA LAMPHU,2020-10,1,23.64,88.47,7.93
NONG BUA LAMPHU,2020-11,0,22.7,85.29,0.12
NONG BUA LAMPHU,2020-12,0,19.86,76.25,0.0
NONG BUA LAMPHU,2021-01,0,20.14,62.4,0.0
NONG BUA LAMPHU,2021-02,0,25.21,56.47,0.95
NONG BUA LAMPHU,2021-03,0,29.25,54.73,1.86
NONG BUA LAMPHU,2021-04,0,28.51,70.57,7.6
NONG BUA LAMPHU,2021-05,0,28.62,77.06,3.0
NONG BUA LAMPHU,2021-06,0,27.59,81.08,4.74
NONG BUA LAMPHU,2021-07,0,27.03,83.7,5.61
NONG BUA LAMPHU,2021-08,1,27.36,82.08,5.16
NONG BUA LAMPHU,2021-09,0,26.27,88.24,13.81
NONG BUA LAMPHU,2021-10,0,24.69,87.26,5.55
NONG BUA LAMPHU,2021-11,0,22.55,82.7,0.15
NONG BUA LAMPHU,2021-12,0,20.09,73.04,0.01
NONG BUA LAMPHU,2022-01,0,23.96,64.48,0.34
NONG BUA LAMPHU,2022-02,0,22.95,65.02,2.26
NONG BUA LAMPHU,2022-03,0,28.39,64.46,3.26
NONG BUA LAMPHU,2022-04,0,28.38,59.97,2.27
NONG BUA LAMPHU,2022-05,0,26.67,78.45,6.17
NONG BUA LAMPHU,2022-06,4,27.09,83.11,4.68
NONG BUA LAMPHU,2022-07,6,27.07,86.26,12.12
NONG BUA LAMPHU,2022-08,8,26.46,87.82,10.12
NONG BUA LAMPHU,2022-09,1,26.37,88.54,11.27
NONG BUA LAMPHU,2022-10,2,23.77,86.63,4.43
NONG BUA LAMPHU,2022-11,5,24.42,84.05,1.28
NONG BUA LAMPHU,2022-12,4,20.16,72.37,0.04
NONG KHAI,2015-01,0,19.39,66.71,0.27
NONG KHAI,2015-02,1,23.47,63.5,1.08
NONG KHAI,2015-03,6,28.66,56.48,1.0
NONG KHAI,2015-04,5,29.94,49.85,1.68
NONG KHAI,2015-05,7,31.23,59.88,2.43
NONG KHAI,2015-06,27,29.6,66.69,2.2
NONG KHAI,2015-07,32,27.88,76.77,8.59
NONG KHAI,2015-08,24,26.81,85.69,6.1
NONG KHAI,2015-09,23,26.7,86.31,6.1
NONG KHAI,2015-10,23,25.25,82.05,3.15
NONG KHAI,2015-11,14,25.01,78.84,0.77
NONG KHAI,2015-12,4,21.92,69.76,0.27
NONG KHAI,2016-01,9,21.77,65.38,1.25
NONG KHAI,2016-02,16,21.2,51.01,0.0
NONG KHAI,2016-03,10,28.4,43.33,0.06
NONG KHAI,2016-04,5,33.45,43.38,1.5
NONG KHAI,2016-05,2,30.48,66.21,6.28
NONG KHAI,2016-06,8,28.47,77.26,5.95
NONG KHAI,2016-07,11,26.77,85.48,7.2
NONG KHAI,2016-08,17,26.55,86.98,13.19
NONG KHAI,2016-09,16,26.58,87.04,10.35
NONG KHAI,2016-10,2,25.97,85.1,4.7
NONG KHAI,2016-11,4,22.58,83.26,2.59
NONG KHAI,2016-12,0,19.64,80.45,0.11
NONG KHAI,2017-01,0,20.93,80.74,0.23
NONG KHAI,2017-02,0,21.63,68.52,0.15
NONG KHAI,2017-03,2,26.12,69.57,3.52
NONG KHAI,2017-04,3,28.13,66.12,2.35
NONG KHAI,2017-05,11,27.63,78.49,8.61
NONG KHAI,2017-06,20,26.74,87.39,9.92
NONG KHAI,2017-07,22,26.23,89.16,16.25
NONG KHAI,2017-08,18,26.28,90.01,11.86
NONG KHAI,2017-09,9,27.26,85.74,8.07
NONG KHAI,2017-10,8,24.6,87.13,6.41
NONG KHAI,2017-11,5,22.01,82.95,0.13
NONG KHAI,2017-12,6,18.59,80.16,0.46
NONG KHAI,2018-01,1,20.4,76.44,0.18
NONG KHAI,2018-02,0,21.14,71.24,1.97
NONG KHAI,2018-03,1,25.42,65.67,0.67
NONG KHAI,2018-04,3,27.42,66.81,5.54
NONG KHAI,2018-05,19,27.5,81.62,9.46
NONG KHAI,2018-06,33,26.76,86.29,8.95
NONG KHAI,2018-07,27,26.02,89.99,14.08
NONG KHAI,2018-08,10,25.82,90.81,12.11
NONG KHAI,2018-09,10,26.68,85.48,7.14
NONG KHAI,2018-10,8,25.11,83.89,1.77
NONG KHAI,2018-11,7,23.27,82.59,0.57
NONG KHAI,2018-12,8,20.81,80.43,0.67
NONG KHAI,2019-01,12,20.62,77.74,0.05
NONG KHAI,2019-02,2,25.39,68.0,1.9
NONG KHAI,2019-03,23,27.95,62.22,1.43
NONG KHAI,2019-04,46,31.4,59.01,1.65
NONG KHAI,2019-05,41,29.21,74.25,5.63
NONG KHAI,2019-06,47,27.83,84.1,10.26
NONG KHAI,2019-07,115,26.75,85.63,7.48
NONG KHAI,2019-08,68,26.31,89.12,18.55
NONG KHAI,2019-09,73,26.1,85.07,5.25
NONG KHAI,2019-10,62,25.71,82.1,1.21
NONG KHAI,2019-11,34,22.4,81.61,0.11
NONG KHAI,2019-12,5,19.62,75.52,0.01
NONG KHAI,2020-01,11,22.43,72.62,0.09
NONG KHAI,2020-02,8,23.7,61.66,0.01
NONG KHAI,2020-03,8,27.84,64.04,2.68
NONG KHAI,2020-04,20,27.27,64.5,2.06
NONG KHAI,2020-05,32,29.89,71.74,8.16
NONG KHAI,2020-06,99,27.4,85.85,5.87
NONG KHAI,2020-07,137,27.36,85.46,7.24
NONG KHAI,2020-08,78,26.47,88.46,14.27
NONG KHAI,2020-09,19,27.2,86.17,7.9
NONG KHAI,2020-10,4,23.85,86.06,7.03
NONG KHAI,2020-11,2,22.57,82.92,0.36
NONG KHAI,2020-12,4,18.61,79.11,0.0
NONG KHAI,2021-01,0,17.73,74.49,0.01
NONG KHAI,2021-02,0,22.73,71.47,1.26
NONG KHAI,2021-03,1,27.01,66.81,1.7
NONG KHAI,2021-04,0,27.89,72.71,5.84
NONG KHAI,2021-05,2,28.71,76.78,3.22
NONG KHAI,2021-06,6,27.19,85.43,10.52
NONG KHAI,2021-07,3,27.07,85.88,7.5
NONG KHAI,2021-08,4,27.03,85.65,6.77
NONG KHAI,2021-09,4,26.67,86.71,10.31
NONG KHAI,2021-10,1,24.54,85.02,4.08
NONG KHAI,2021-11,1,22.14,81.0,0.28
NONG KHAI,2021-12,0,18.47,78.4,0.02
NONG KHAI,2022-01,0,21.26,76.29,0.62
NONG KHAI,2022-02,0,20.18,76.03,3.35
NONG KHAI,2022-03,1,26.49,73.95,4.05
NONG KHAI,2022-04,0,26.64,68.91,3.11
NONG KHAI,2022-05,0,25.9,82.34,9.28
NONG KHAI,2022-06,25,26.87,86.12,6.06
NONG KHAI,2022-07,27,27.31,86.21,11.46
NONG KHAI,2022-08,32,26.64,87.96,11.94
NONG KHAI,2022-09,29,26.59,87.05,7.89
NONG KHAI,2022-10,8,23.86,84.09,2.01
NONG KHAI,2022-11,15,24.32,83.45,0.98
NONG KHAI,2022-12,6,18.39,77.14,0.01
NONTHABURI,2015-01,12,25.36,59.37,0.2
NONTHABURI,2015-02,16,28.44,56.83,0.45
NONTHABURI,2015-03,14,30.11,66.17,2.98
NONTHABURI,2015-04,9,30.1,66.77,2.34
NONTHABURI,2015-05,24,30.58,69.66,1.4
NONTHABURI,2015-06,41,29.73,71.39,5.08
NONTHABURI,2015-07,87,29.25,70.77,3.5
NONTHABURI,2015-08,95,28.23,77.44,5.45
NONTHABURI,2015-09,91,27.57,83.04,9.77
NONTHABURI,2015-10,168,27.39,83.03,6.21
NONTHABURI,2015-11,344,27.56,80.41,1.6
NONTHABURI,2015-12,180,27.06,69.41,0.54
NONTHABURI,2016-01,101,27.05,67.2,1.58
NONTHABURI,2016-02,26,27.98,52.94,0.03
NONTHABURI,2016-03,22,31.34,55.49,0.49
NONTHABURI,2016-04,7,33.19,55.5,0.44
NONTHABURI,2016-05,11,31.44,65.48,3.76
NONTHABURI,2016-06,13,28.51,80.23,8.04
NONTHABURI,2016-07,24,27.63,82.83,4.41
NONTHABURI,2016-08,39,27.98,81.09,6.39
NONTHABURI,2016-09,26,26.9,86.52,9.7
NONTHABURI,2016-10,32,27.1,87.39,8.69
NONTHABURI,2016-11,33,26.22,84.62,2.04
NONTHABURI,2016-12,20,24.17,79.07,0.09
NONTHABURI,2017-01,26,25.76,74.26,1.18
NONTHABURI,2017-02,13,27.62,58.87,0.05
NONTHABURI,2017-03,9,30.29,61.58,2.23
NONTHABURI,2017-04,7,30.38,67.28,1.59
NONTHABURI,2017-05,20,29.07,81.53,11.31
NONTHABURI,2017-06,47,27.9,84.71,6.13
NONTHABURI,2017-07,38,26.75,87.27,12.42
NONTHABURI,2017-08,58,27.03,86.71,8.43
NONTHABURI,2017-09,61,27.78,86.46,7.11
NONTHABURI,2017-10,65,27.01,86.87,8.43
NONTHABURI,2017-11,83,25.59,85.16,1.38
NONTHABURI,2017-12,47,24.0,77.82,0.72
NONTHABURI,2018-01,20,26.09,73.77,1.73
NONTHABURI,2018-02,18,26.79,68.66,1.9
NONTHABURI,2018-03,32,29.1,70.37,1.64
NONTHABURI,2018-04,62,29.4,71.86,5.19
NONTHABURI,2018-05,114,28.59,81.44,4.6
NONTHABURI,2018-06,213,28.14,79.51,4.58
NONTHABURI,2018-07,185,27.62,81.12,5.74
NONTHABURI,2018-08,154,27.2,81.38,6.13
NONTHABURI,2018-09,102,27.34,84.55,9.45
NONTHABURI,2018-10,93,27.46,84.45,5.82
NONTHABURI,2018-11,107,26.36,80.08,0.75
NONTHABURI,2018-12,83,26.59,73.18,1.31
NONTHABURI,2019-01,52,26.62,64.62,0.05
NONTHABURI,2019-02,35,29.99,63.68,0.16
NONTHABURI,2019-03,20,30.94,60.29,0.34
NONTHABURI,2019-04,11,31.99,62.93,1.72
NONTHABURI,2019-05,19,30.51,70.46,4.73
NONTHABURI,2019-06,29,29.04,79.78,5.38
NONTHABURI,2019-07,71,28.23,76.93,4.21
NONTHABURI,2019-08,106,27.99,80.04,5.47
NONTHABURI,2019-09,117,27.45,83.15,9.14
NONTHABURI,2019-10,127,28.12,81.16,3.61
NONTHABURI,2019-11,102,26.99,72.77,0.63
NONTHABURI,2019-12,48,26.45,61.6,0.0
NONTHABURI,2020-01,22,29.5,57.93,0.2
NONTHABURI,2020-02,17,29.76,52.99,0.18
NONTHABURI,2020-03,4,31.51,59.73,0.66
NONTHABURI,2020-04,7,31.02,65.11,2.42
NONTHABURI,2020-05,10,31.02,70.31,2.7
NONTHABURI,2020-06,19,28.6,80.68,7.53
NONTHABURI,2020-07,25,28.03,83.37,7.16
NONTHABURI,2020-08,53,27.74,83.61,6.47
NONTHABURI,2020-09,79,27.51,86.88,10.19
NONTHABURI,2020-10,68,25.82,88.26,12.65
NONTHABURI,2020-11,67,25.9,84.02,1.11
NONTHABURI,2020-12,36,24.26,77.14,0.06
NONTHABURI,2021-01,25,24.77,63.14,0.0
NONTHABURI,2021-02,10,28.31,58.94,0.8
NONTHABURI,2021-03,8,31.07,60.76,0.71
NONTHABURI,2021-04,5,29.19,75.28,5.54
NONTHABURI,2021-05,4,28.91,81.45,4.25
NONTHABURI,2021-06,4,28.45,79.25,3.73
NONTHABURI,2021-07,0,27.75,82.73,7.46
NONTHABURI,2021-08,1,27.76,84.06,6.72
NONTHABURI,2021-09,1,26.76,88.62,11.17
NONTHABURI,2021-10,4,26.81,88.4,7.38
NONTHABURI,2021-11,6,26.02,84.67,1.2
NONTHABURI,2021-12,1,23.64,77.31,0.12
NONTHABURI,2022-01,1,26.94,68.49,0.5
NONTHABURI,2022-02,1,27.33,71.66,2.85
NONTHABURI,2022-03,1,29.49,72.51,2.34
NONTHABURI,2022-04,5,29.78,67.04,2.94
NONTHABURI,2022-05,14,27.94,81.37,7.67
NONTHABURI,2022-06,12,28.01,82.99,4.61
NONTHABURI,2022-07,26,27.72,84.98,7.88
NONTHABURI,2022-08,65,27.25,85.81,10.16
NONTHABURI,2022-09,64,26.73,88.41,14.36
NONTHABURI,2022-10,103,25.97,86.54,6.76
NONTHABURI,2022-11,83,26.33,84.16,2.73
NONTHABURI,2022-12,95,23.98,77.21,0.17
PATHUM THANI,2015-01,11,25.36,59.37,0.2
PATHUM THANI,2015-02,19,28.44,56.83,0.45
PATHUM THANI,2015-03,9,30.11,66.17,2.98
PATHUM THANI,2015-04,13,30.1,66.77,2.34
PATHUM THANI,2015-05,19,30.58,69.66,1.4
PATHUM THANI,2015-06,27,29.73,71.39,5.08
PATHUM THANI,2015-07,38,29.25,70.77,3.5
PATHUM THANI,2015-08,57,28.23,77.44,5.45
PATHUM THANI,2015-09,77,27.57,83.04,9.77
PATHUM THANI,2015-10,109,27.39,83.03,6.21
PATHUM THANI,2015-11,180,27.56,80.41,1.6
PATHUM THANI,2015-12,57,27.06,69.41,0.54
PATHUM THANI,2016-01,44,27.05,67.2,1.58
PATHUM THANI,2016-02,14,27.98,52.94,0.03
PATHUM THANI,2016-03,16,31.34,55.49,0.49
PATHUM THANI,2016-04,3,33.19,55.5,0.44
PATHUM THANI,2016-05,4,31.44,65.48,3.76
PATHUM THANI,2016-06,7,28.51,80.23,8.04
PATHUM THANI,2016-07,12,27.63,82.83,4.41
PATHUM THANI,2016-08,40,27.98,81.09,6.39
PATHUM THANI,2016-09,36,26.9,86.52,9.7
PATHUM THANI,2016-10,12,27.1,87.39,8.69
PATHUM THANI,2016-11,15,26.22,84.62,2.04
PATHUM THANI,2016-12,8,24.17,79.07,0.09
PATHUM THANI,2017-01,10,25.76,74.26,1.18
PATHUM THANI,2017-02,12,27.62,58.87,0.05
PATHUM THANI,2017-03,6,30.29,61.58,2.23
PATHUM THANI,2017-04,15,30.38,67.28,1.59
PATHUM THANI,2017-05,11,29.07,81.53,11.31
PATHUM THANI,2017-06,17,27.9,84.71,6.13
PATHUM THANI,2017-07,18,26.75,87.27,12.42
PATHUM THANI,2017-08,19,27.03,86.71,8.43
PATHUM THANI,2017-09,23,27.78,86.46,7.11
PATHUM THANI,2017-10,19,27.01,86.87,8.43
PATHUM THANI,2017-11,25,25.59,85.16,1.38
PATHUM THANI,2017-12,14,24.0,77.82,0.72
PATHUM THANI,2018-01,16,26.09,73.77,1.73
PATHUM THANI,2018-02,16,26.79,68.66,1.9
PATHUM THANI,2018-03,18,29.1,70.37,1.64
PATHUM THANI,2018-04,35,29.4,71.86,5.19
PATHUM THANI,2018-05,85,28.59,81.44,4.6
PATHUM THANI,2018-06,148,28.14,79.51,4.58
PATHUM THANI,2018-07,128,27.62,81.12,5.74
PATHUM THANI,2018-08,158,27.2,81.38,6.13
PATHUM THANI,2018-09,74,27.34,84.55,9.45
PATHUM THANI,2018-10,85,27.46,84.45,5.82
PATHUM THANI,2018-11,91,26.36,80.08,0.75
PATHUM THANI,2018-12,40,26.59,73.18,1.31
PATHUM THANI,2019-01,39,26.62,64.62,0.05
PATHUM THANI,2019-02,34,29.99,63.68,0.16
PATHUM THANI,2019-03,26,30.94,60.29,0.34
PATHUM THANI,2019-04,7,31.99,62.93,1.72
PATHUM THANI,2019-05,5,30.51,70.46,4.73
PATHUM THANI,2019-06,24,29.04,79.78,5.38
PATHUM THANI,2019-07,28,28.23,76.93,4.21
PATHUM THANI,2019-08,37,27.99,80.04,5.47
PATHUM THANI,2019-09,26,27.45,83.15,9.14
PATHUM THANI,2019-10,53,28.12,81.16,3.61
PATHUM THANI,2019-11,33,26.99,72.77,0.63
PATHUM THANI,2019-12,25,26.45,61.6,0.0
PATHUM THANI,2020-01,16,29.5,57.93,0.2
PATHUM THANI,2020-02,5,29.76,52.99,0.18
PATHUM THANI,2020-03,5,31.51,59.73,0.66
PATHUM THANI,2020-04,5,31.02,65.11,2.42
PATHUM THANI,2020-05,7,31.02,70.31,2.7
PATHUM THANI,2020-06,12,28.6,80.68,7.53
PATHUM THANI,2020-07,27,28.03,83.37,7.16
PATHUM THANI,2020-08,34,27.74,83.61,6.47
PATHUM THANI,2020-09,40,27.51,86.88,10.19
PATHUM THANI,2020-10,31,25.82,88.26,12.65
PATHUM THANI,2020-11,18,25.9,84.02,1.11
PATHUM THANI,2020-12,15,24.26,77.14,0.06
PATHUM THANI,2021-01,8,24.77,63.14,0.0
PATHUM THANI,2021-02,6,28.31,58.94,0.8
PATHUM THANI,2021-03,9,31.07,60.76,0.71
PATHUM THANI,2021-04,0,29.19,75.28,5.54
PATHUM THANI,2021-05,2,28.91,81.45,4.25
PATHUM THANI,2021-06,7,28.45,79.25,3.73
PATHUM THANI,2021-07,3,27.75,82.73,7.46
PATHUM THANI,2021-08,0,27.76,84.06,6.72
PATHUM THANI,2021-09,1,26.76,88.62,11.17
PATHUM THANI,2021-10,2,26.81,88.4,7.38
PATHUM THANI,2021-11,3,26.02,84.67,1.2
PATHUM THANI,2021-12,2,23.64,77.31,0.12
PATHUM THANI,2022-01,8,26.94,68.49,0.5
PATHUM THANI,2022-02,0,27.33,71.66,2.85
PATHUM THANI,2022-03,2,29.49,72.51,2.34
PATHUM THANI,2022-04,5,29.78,67.04,2.94
PATHUM THANI,2022-05,16,27.94,81.37,7.67
PATHUM THANI,2022-06,36,28.01,82.99,4.61
PATHUM THANI,2022-07,51,27.72,84.98,7.88
PATHUM THANI,2022-08,56,27.25,85.81,10.16
PATHUM THANI,2022-09,78,26.73,88.41,14.36
PATHUM THANI,2022-10,97,25.97,86.54,6.76
PATHUM THANI,2022-11,181,26.33,84.16,2.73
PATHUM THANI,2022-12,147,23.98,77.21,0.17
PATTANI,2015-01,8,25.92,81.99,1.33
PATTANI,2015-02,7,25.67,81.26,0.13
PATTANI,2015-03,3,27.06,79.78,0.21
PATTANI,2015-04,1,28.17,80.64,4.79
PATTANI,2015-05,9,29.29,76.15,3.06
PATTANI,2015-06,18,28.87,78.51,3.78
PATTANI,2015-07,17,28.21,81.84,6.22
PATTANI,2015-08,11,28.19,79.45,6.63
PATTANI,2015-09,12,28.08,79.91,7.23
PATTANI,2015-10,13,27.94,81.42,4.79
PATTANI,2015-11,16,27.44,85.66,11.83
PATTANI,2015-12,32,27.52,83.33,4.96
PATTANI,2016-01,29,27.46,82.73,2.43
PATTANI,2016-02,10,26.97,81.42,1.05
PATTANI,2016-03,15,27.65,78.76,0.14
PATTANI,2016-04,19,29.29,76.83,0.41
PATTANI,2016-05,16,29.49,78.36,6.22
PATTANI,2016-06,20,28.62,78.26,6.0
PATTANI,2016-07,39,28.28,80.65,4.6
PATTANI,2016-08,111,28.4,81.14,4.26
PATTANI,2016-09,97,27.85,82.03,5.38
PATTANI,2016-10,219,27.48,83.45,10.58
PATTANI,2016-11,183,27.56,84.19,6.33
PATTANI,2016-12,131,27.06,84.51,14.54
PATTANI,2017-01,89,26.74,85.2,15.36
PATTANI,2017-02,52,26.72,82.01,1.15
PATTANI,2017-03,24,27.21,81.4,2.24
PATTANI,2017-04,10,28.23,81.7,5.58
PATTANI,2017-05,15,29.01,80.33,6.54
PATTANI,2017-06,21,28.79,78.18,4.11
PATTANI,2017-07,19,28.34,80.18,4.94
PATTANI,2017-08,8,28.07,81.5,7.87
PATTANI,2017-09,11,28.11,81.4,6.72
PATTANI,2017-10,11,27.94,81.7,4.51
PATTANI,2017-11,10,27.48,84.95,21.41
PATTANI,2017-12,5,26.78,84.07,5.73
PATTANI,2018-01,14,26.35,85.49,3.67
PATTANI,2018-02,19,26.35,80.3,0.74
PATTANI,2018-03,10,27.41,81.77,1.41
PATTANI,2018-04,7,28.14,80.68,2.8
PATTANI,2018-05,9,28.84,78.78,5.77
PATTANI,2018-06,11,28.54,78.97,4.19
PATTANI,2018-07,17,27.98,83.86,5.43
PATTANI,2018-08,18,28.15,81.12,3.26
PATTANI,2018-09,37,27.78,81.19,6.41
PATTANI,2018-10,38,27.82,81.06,7.93
PATTANI,2018-11,62,27.74,84.15,6.15
PATTANI,2018-12,61,27.39,84.81,8.04
PATTANI,2019-01,52,26.85,82.64,7.24
PATTANI,2019-02,37,26.85,80.88,0.53
PATTANI,2019-03,18,27.7,78.62,0.61
PATTANI,2019-04,11,29.03,79.25,1.68
PATTANI,2019-05,39,29.01,80.87,6.12
PATTANI,2019-06,71,28.89,79.97,4.41
PATTANI,2019-07,88,28.6,79.51,4.77
PATTANI,2019-08,75,28.28,82.03,4.43
PATTANI,2019-09,51,27.98,81.9,4.96
PATTANI,2019-10,56,27.78,81.21,5.41
PATTANI,2019-11,44,27.84,81.29,6.02
PATTANI,2019-12,21,26.65,82.8,3.12
PATTANI,2020-01,16,26.95,81.02,0.19
PATTANI,2020-02,19,27.12,79.0,0.75
PATTANI,2020-03,13,28.35,75.86,0.32
PATTANI,2020-04,5,29.14,78.26,5.51
PATTANI,2020-05,7,29.19,80.72,4.03
PATTANI,2020-06,19,28.52,79.63,7.8
PATTANI,2020-07,46,28.36,78.87,5.33
PATTANI,2020-08,27,28.58,78.96,4.88
PATTANI,2020-09,15,28.11,81.02,7.06
PATTANI,2020-10,15,27.51,84.14,9.43
PATTANI,2020-11,3,27.49,84.0,14.64
PATTANI,2020-12,2,26.84,84.45,10.12
PATTANI,2021-01,1,26.2,82.79,2.81
PATTANI,2021-02,1,26.16,81.22,0.11
PATTANI,2021-03,3,27.23,81.89,1.81
PATTANI,2021-04,0,28.47,80.03,3.95
PATTANI,2021-05,3,28.81,80.77,6.33
PATTANI,2021-06,1,28.61,79.47,4.26
PATTANI,2021-07,0,28.34,81.48,4.49
PATTANI,2021-08,0,28.0,81.59,6.08
PATTANI,2021-09,2,28.01,79.82,6.28
PATTANI,2021-10,0,27.97,82.15,5.37
PATTANI,2021-11,0,27.38,86.35,13.0
PATTANI,2021-12,0,26.84,83.0,3.86
PATTANI,2022-01,2,26.52,82.75,0.6
PATTANI,2022-02,0,26.94,85.16,8.74
PATTANI,2022-03,0,27.68,82.89,3.41
PATTANI,2022-04,0,28.44,81.67,4.08
PATTANI,2022-05,0,28.77,81.17,7.09
PATTANI,2022-06,5,28.35,79.7,4.07
PATTANI,2022-07,6,28.35,81.59,4.99
PATTANI,2022-08,8,28.24,80.07,8.05
PATTANI,2022-09,18,28.01,80.96,6.37
PATTANI,2022-10,29,27.39,83.61,8.55
PATTANI,2022-11,52,27.21,85.21,9.88
PATTANI,2022-12,39,26.78,83.41,12.9
PHACHINBURI,2015-01,18,23.43,62.84,0.07
PHACHINBURI,2015-02,14,26.29,63.2,0.81
PHACHINBURI,2015-03,32,29.17,65.94,2.56
PHACHINBURI,2015-04,63,29.8,62.94,1.32
PHACHINBURI,2015-05,136,29.74,69.63,1.79
PHACHINBURI,2015-06,185,28.45,74.92,5.48
PHACHINBURI,2015-07,299,27.65,77.39,5.88
PHACHINBURI,2015-08,297,26.17,87.79,10.42
PHACHINBURI,2015-09,264,26.32,87.73,8.53
PHACHINBURI,2015-10,160,26.03,85.34,4.38
PHACHINBURI,2015-11,110,26.17,83.48,1.35
PHACHINBURI,2015-12,36,25.5,71.59,0.24
PHACHINBURI,2016-01,33,25.98,66.58,0.87
PHACHINBURI,2016-02,27,26.4,52.77,0.02
PHACHINBURI,2016-03,20,30.65,53.04,0.26
PHACHINBURI,2016-04,7,32.25,54.31,1.05
PHACHINBURI,2016-05,4,30.38,67.39,3.56
PHACHINBURI,2016-06,21,27.48,82.47,8.25
PHACHINBURI,2016-07,25,26.27,87.46,7.29
PHACHINBURI,2016-08,43,26.62,87.14,6.81
PHACHINBURI,2016-09,25,25.92,89.8,8.04
PHACHINBURI,2016-10,19,26.31,87.94,5.48
PHACHINBURI,2016-11,16,25.14,86.11,1.4
PHACHINBURI,2016-12,11,23.18,80.35,0.06
PHACHINBURI,2017-01,17,24.81,73.71,0.93
PHACHINBURI,2017-02,4,26.05,61.3,0.75
PHACHINBURI,2017-03,7,28.02,69.56,3.58
PHACHINBURI,2017-04,11,29.03,70.17,2.22
PHACHINBURI,2017-05,20,27.77,84.51,10.84
PHACHINBURI,2017-06,62,26.71,88.31,7.29
PHACHINBURI,2017-07,83,25.73,90.14,9.74
PHACHINBURI,2017-08,88,26.03,90.28,9.86
PHACHINBURI,2017-09,32,26.52,90.12,7.81
PHACHINBURI,2017-10,20,25.96,88.34,7.12
PHACHINBURI,2017-11,18,24.53,86.7,1.2
PHACHINBURI,2017-12,10,22.58,80.84,0.27
PHACHINBURI,2018-01,9,24.18,78.07,2.18
PHACHINBURI,2018-02,14,25.03,69.52,1.19
PHACHINBURI,2018-03,15,27.96,70.15,1.69
PHACHINBURI,2018-04,21,28.38,72.33,5.12
PHACHINBURI,2018-05,41,28.0,80.05,3.97
PHACHINBURI,2018-06,74,26.79,85.07,5.52
PHACHINBURI,2018-07,76,26.22,87.8,8.85
PHACHINBURI,2018-08,63,25.67,88.62,7.64
PHACHINBURI,2018-09,36,26.15,88.61,10.4
PHACHINBURI,2018-10,28,26.4,85.55,4.2
PHACHINBURI,2018-11,24,25.34,81.75,0.41
PHACHINBURI,2018-12,19,25.11,76.35,0.66
PHACHINBURI,2019-01,28,25.48,62.96,0.01
PHACHINBURI,2019-02,27,28.64,65.13,0.22
PHACHINBURI,2019-03,48,29.71,62.23,1.35
PHACHINBURI,2019-04,51,30.25,67.81,1.83
PHACHINBURI,2019-05,63,29.26,74.38,4.84
PHACHINBURI,2019-06,116,27.97,82.58,6.94
PHACHINBURI,2019-07,193,26.47,84.9,4.82
PHACHINBURI,2019-08,226,26.52,86.34,7.3
PHACHINBURI,2019-09,117,26.22,87.38,11.79
PHACHINBURI,2019-10,65,26.74,83.96,1.88
PHACHINBURI,2019-11,49,25.21,77.77,0.43
PHACHINBURI,2019-12,7,24.77,63.77,0.0
PHACHINBURI,2020-01,14,27.8,58.87,0.05
PHACHINBURI,2020-02,14,28.53,49.86,0.06
PHACHINBURI,2020-03,21,30.27,62.72,1.7
PHACHINBURI,2020-04,12,29.55,67.93,3.93
PHACHINBURI,2020-05,35,29.04,76.91,4.04
PHACHINBURI,2020-06,58,26.9,87.57,10.01
PHACHINBURI,2020-07,120,26.7,87.6,6.38
PHACHINBURI,2020-08,101,26.5,88.28,7.99
PHACHINBURI,2020-09,52,26.46,89.86,12.43
PHACHINBURI,2020-10,25,24.79,90.52,12.46
PHACHINBURI,2020-11,12,24.57,86.43,0.72
PHACHINBURI,2020-12,4,22.7,81.16,0.05
PHACHINBURI,2021-01,5,22.2,71.04,0.0
PHACHINBURI,2021-02,3,26.27,62.17,0.42
PHACHINBURI,2021-03,3,29.28,66.05,1.22
PHACHINBURI,2021-04,1,27.81,79.54,10.1
PHACHINBURI,2021-05,2,27.66,85.38,4.1
PHACHINBURI,2021-06,4,26.75,87.03,5.98
PHACHINBURI,2021-07,2,26.42,88.35,9.99
PHACHINBURI,2021-08,2,26.49,88.69,7.52
PHACHINBURI,2021-09,1,25.96,90.3,12.16
PHACHINBURI,2021-10,0,25.69,90.74,7.81
PHACHINBURI,2021-11,0,24.69,86.78,0.78
PHACHINBURI,2021-12,0,22.07,82.19,0.22
PHACHINBURI,2022-01,1,24.61,75.32,0.27
PHACHINBURI,2022-02,1,25.38,75.83,3.41
PHACHINBURI,2022-03,1,27.92,76.66,3.06
PHACHINBURI,2022-04,0,27.96,71.51,3.33
PHACHINBURI,2022-05,2,26.73,84.57,8.12
PHACHINBURI,2022-06,3,26.73,87.06,3.74
PHACHINBURI,2022-07,3,26.58,88.33,9.71
PHACHINBURI,2022-08,4,26.03,89.61,15.14
PHACHINBURI,2022-09,10,25.74,91.09,14.92
PHACHINBURI,2022-10,5,24.84,88.44,4.39
PHACHINBURI,2022-11,10,25.17,86.19,2.34
PHACHINBURI,2022-12,5,22.27,80.63,0.03
PHANGNGA,2015-01,14,26.7,76.86,1.33
PHANGNGA,2015-02,18,27.11,73.5,0.71
PHANGNGA,2015-03,8,28.97,70.31,0.23
PHANGNGA,2015-04,11,28.94,75.96,3.93
PHANGNGA,2015-05,24,28.26,82.64,6.39
PHANGNGA,2015-06,100,28.03,81.95,7.47
PHANGNGA,2015-07,94,27.62,84.02,10.46
PHANGNGA,2015-08,58,27.22,83.95,14.0
PHANGNGA,2015-09,44,26.87,85.59,15.86
PHANGNGA,2015-10,38,27.51,82.8,6.07
PHANGNGA,2015-11,45,27.3,85.52,7.58
PHANGNGA,2015-12,24,27.45,82.6,4.73
PHANGNGA,2016-01,37,27.87,79.05,2.2
PHANGNGA,2016-02,19,27.71,76.3,1.42
PHANGNGA,2016-03,14,29.34,70.29,0.3
PHANGNGA,2016-04,16,29.99,71.9,1.43
PHANGNGA,2016-05,15,29.1,80.82,16.11
PHANGNGA,2016-06,48,27.62,85.16,13.39
PHANGNGA,2016-07,45,27.38,84.52,11.51
PHANGNGA,2016-08,39,27.28,86.48,12.15
PHANGNGA,2016-09,20,26.64,86.84,15.22
PHANGNGA,2016-10,8,26.4,88.21,16.39
PHANGNGA,2016-11,6,27.4,84.34,6.55
PHANGNGA,2016-12,0,26.71,85.15,10.07
PHANGNGA,2017-01,14,26.39,86.2,11.34
PHANGNGA,2017-02,18,27.24,77.15,2.11
PHANGNGA,2017-03,9,27.93,78.93,4.02
PHANGNGA,2017-04,25,27.87,83.59,5.56
PHANGNGA,2017-05,39,27.97,86.57,14.13
PHANGNGA,2017-06,59,27.69,85.18,9.98
PHANGNGA,2017-07,51,27.31,84.6,8.09
PHANGNGA,2017-08,39,27.06,85.01,14.56
PHANGNGA,2017-09,29,27.19,85.54,15.41
PHANGNGA,2017-10,36,27.49,82.24,6.31
PHANGNGA,2017-11,44,27.1,85.27,9.7
PHANGNGA,2017-12,36,26.86,82.16,5.62
PHANGNGA,2018-01,18,26.74,82.71,7.08
PHANGNGA,2018-02,22,27.53,75.44,1.05
PHANGNGA,2018-03,29,28.59,76.01,3.05
PHANGNGA,2018-04,13,28.44,79.6,6.92
PHANGNGA,2018-05,33,28.24,81.18,9.74
PHANGNGA,2018-06,21,27.58,83.44,11.42
PHANGNGA,2018-07,36,27.43,85.29,11.86
PHANGNGA,2018-08,35,27.2,85.95,11.94
PHANGNGA,2018-09,52,27.02,84.26,8.8
PHANGNGA,2018-10,24,27.05,84.76,8.74
PHANGNGA,2018-11,20,27.53,83.77,9.18
PHANGNGA,2018-12,19,27.23,84.58,7.2
PHANGNGA,2019-01,61,27.11,80.41,2.57
PHANGNGA,2019-02,48,28.18,73.78,0.3
PHANGNGA,2019-03,29,29.0,72.92,0.9
PHANGNGA,2019-04,33,29.38,76.94,3.86
PHANGNGA,2019-05,79,28.21,83.07,8.05
PHANGNGA,2019-06,136,27.92,85.1,11.05
PHANGNGA,2019-07,83,28.16,80.45,10.09
PHANGNGA,2019-08,43,27.49,84.64,13.83
PHANGNGA,2019-09,38,27.12,84.31,8.82
PHANGNGA,2019-10,32,27.51,82.47,8.6
PHANGNGA,2019-11,24,27.39,82.01,7.76
PHANGNGA,2019-12,16,26.89,80.34,2.76
PHANGNGA,2020-01,19,27.68,75.78,0.17
PHANGNGA,2020-02,12,27.95,73.77,0.49
PHANGNGA,2020-03,16,29.44,68.64,0.48
PHANGNGA,2020-04,15,28.99,76.95,6.45
PHANGNGA,2020-05,59,28.28,84.31,10.53
PHANGNGA,2020-06,75,27.35,85.01,14.72
PHANGNGA,2020-07,50,27.57,82.07,8.88
PHANGNGA,2020-08,30,27.9,81.69,8.19
PHANGNGA,2020-09,30,27.11,85.65,20.03
PHANGNGA,2020-10,7,26.65,87.01,23.42
PHANGNGA,2020-11,7,27.29,84.99,12.74
PHANGNGA,2020-12,6,26.73,83.59,13.91
PHANGNGA,2021-01,9,26.89,77.48,1.09
PHANGNGA,2021-02,5,27.81,71.82,0.17
PHANGNGA,2021-03,0,28.84,72.48,3.21
PHANGNGA,2021-04,0,27.89,81.32,8.53
PHANGNGA,2021-05,0,28.31,83.14,10.35
PHANGNGA,2021-06,2,27.8,83.91,7.57
PHANGNGA,2021-07,1,27.54,85.51,11.95
PHANGNGA,2021-08,3,26.98,86.28,14.38
PHANGNGA,2021-09,2,27.14,83.68,11.73
PHANGNGA,2021-10,2,27.24,84.8,11.18
PHANGNGA,2021-11,4,26.86,88.24,17.13
PHANGNGA,2021-12,5,26.8,81.26,4.6
PHANGNGA,2022-01,12,27.44,76.34,0.65
PHANGNGA,2022-02,3,27.24,83.45,8.2
PHANGNGA,2022-03,2,28.08,80.74,7.15
PHANGNGA,2022-04,2,28.17,82.49,8.19
PHANGNGA,2022-05,16,28.0,84.24,12.26
PHANGNGA,2022-06,13,27.45,83.67,7.62
PHANGNGA,2022-07,21,27.53,85.02,12.35
PHANGNGA,2022-08,47,27.47,84.35,9.64
PHANGNGA,2022-09,44,27.14,84.2,12.41
PHANGNGA,2022-10,36,26.72,86.24,17.29
PHANGNGA,2022-11,24,26.87,85.45,11.06
PHANGNGA,2022-12,14,26.71,82.11,6.89
PHATTHALUNG,2015-01,27,25.09,81.88,1.05
PHATTHALUNG,2015-02,14,25.19,78.04,0.41
PHATTHALUNG,2015-03,11,27.16,73.65,0.22
PHATTHALUNG,2015-04,10,27.81,77.57,3.38
PHATTHALUNG,2015-05,20,28.24,79.56,5.18
PHATTHALUNG,2015-06,39,27.52,81.98,4.53
PHATTHALUNG,2015-07,51,26.82,85.76,7.64
PHATTHALUNG,2015-08,34,26.53,85.01,9.4
PHATTHALUNG,2015-09,26,26.34,85.88,9.02
PHATTHALUNG,2015-10,26,26.72,85.02,6.55
PHATTHALUNG,2015-11,39,26.15,88.79,10.09
PHATTHALUNG,2015-12,50,26.33,85.28,3.93
PHATTHALUNG,2016-01,28,26.6,82.77,2.64
PHATTHALUNG,2016-02,16,26.4,78.86,1.42
PHATTHALUNG,2016-03,13,27.79,72.88,0.03
PHATTHALUNG,2016-04,9,29.7,69.52,0.86
PHATTHALUNG,2016-05,5,28.86,77.12,7.14
PHATTHALUNG,2016-06,9,26.93,84.92,5.58
PHATTHALUNG,2016-07,53,26.66,85.51,7.66
PHATTHALUNG,2016-08,126,26.66,86.14,6.73
PHATTHALUNG,2016-09,142,26.17,86.45,5.09
PHATTHALUNG,2016-10,121,25.93,87.68,9.18
PHATTHALUNG,2016-11,137,26.35,87.89,7.93
PHATTHALUNG,2016-12,97,25.78,87.83,17.09
PHATTHALUNG,2017-01,99,25.56,88.03,17.85
PHATTHALUNG,2017-02,80,25.93,81.04,1.16
PHATTHALUNG,2017-03,59,26.81,79.68,3.9
PHATTHALUNG,2017-04,42,27.1,85.69,6.81
PHATTHALUNG,2017-05,39,27.65,84.7,7.67
PHATTHALUNG,2017-06,43,26.9,85.9,5.81
PHATTHALUNG,2017-07,34,26.83,84.05,3.01
PHATTHALUNG,2017-08,17,26.46,86.33,9.49
PHATTHALUNG,2017-09,0,26.58,86.61,12.15
PHATTHALUNG,2017-10,0,26.6,85.32,4.66
PHATTHALUNG,2017-11,0,26.08,88.96,24.26
PHATTHALUNG,2017-12,0,25.61,86.42,5.98
PHATTHALUNG,2018-01,17,25.37,87.13,5.99
PHATTHALUNG,2018-02,7,25.76,79.03,0.91
PHATTHALUNG,2018-03,12,27.27,77.57,1.45
PHATTHALUNG,2018-04,14,27.58,79.16,3.36
PHATTHALUNG,2018-05,24,27.75,81.7,6.56
PHATTHALUNG,2018-06,48,26.91,83.87,5.75
PHATTHALUNG,2018-07,27,26.54,86.58,7.18
PHATTHALUNG,2018-08,29,26.67,84.37,3.6
PHATTHALUNG,2018-09,33,26.33,84.79,7.14
PHATTHALUNG,2018-10,35,26.33,86.72,10.16
PHATTHALUNG,2018-11,70,26.28,87.87,8.29
PHATTHALUNG,2018-12,54,26.08,87.86,10.43
PHATTHALUNG,2019-01,32,25.87,82.98,2.96
PHATTHALUNG,2019-02,29,26.36,78.49,0.24
PHATTHALUNG,2019-03,15,27.86,73.43,1.44
PHATTHALUNG,2019-04,14,28.9,76.1,3.37
PHATTHALUNG,2019-05,37,27.71,83.2,5.83
PHATTHALUNG,2019-06,94,27.35,85.27,5.96
PHATTHALUNG,2019-07,54,27.11,83.52,6.04
PHATTHALUNG,2019-08,98,26.68,85.93,6.93
PHATTHALUNG,2019-09,36,26.49,85.58,5.58
PHATTHALUNG,2019-10,0,26.36,86.18,10.12
PHATTHALUNG,2019-11,0,26.43,85.55,8.97
PHATTHALUNG,2019-12,0,25.6,83.95,3.57
PHATTHALUNG,2020-01,0,26.3,79.86,0.23
PHATTHALUNG,2020-02,0,26.55,76.95,0.95
PHATTHALUNG,2020-03,0,28.25,71.43,0.64
PHATTHALUNG,2020-04,0,28.31,77.53,4.37
PHATTHALUNG,2020-05,0,27.85,84.55,8.03
PHATTHALUNG,2020-06,0,26.82,86.38,10.69
PHATTHALUNG,2020-07,0,26.66,85.64,9.22
PHATTHALUNG,2020-08,0,26.89,85.08,6.37
PHATTHALUNG,2020-09,0,26.43,87.3,12.45
PHATTHALUNG,2020-10,0,26.03,88.23,14.26
PHATTHALUNG,2020-11,0,26.22,87.9,16.57
PHATTHALUNG,2020-12,0,25.49,88.07,16.62
PHATTHALUNG,2021-01,0,25.21,83.57,2.96
PHATTHALUNG,2021-02,0,25.86,77.82,0.05
PHATTHALUNG,2021-03,0,27.09,76.89,1.86
PHATTHALUNG,2021-04,0,27.2,83.08,7.83
PHATTHALUNG,2021-05,0,27.26,86.25,7.83
PHATTHALUNG,2021-06,0,26.79,86.11,4.92
PHATTHALUNG,2021-07,0,26.79,86.32,7.7
PHATTHALUNG,2021-08,0,26.37,87.34,9.85
PHATTHALUNG,2021-09,0,26.52,85.24,8.3
PHATTHALUNG,2021-10,0,26.57,86.36,7.43
PHATTHALUNG,2021-11,0,25.94,91.03,18.28
PHATTHALUNG,2021-12,1,25.63,85.35,5.25
PHATTHALUNG,2022-01,8,25.83,82.28,1.76
PHATTHALUNG,2022-02,2,26.26,84.2,8.56
PHATTHALUNG,2022-03,2,26.98,83.25,5.18
PHATTHALUNG,2022-04,0,27.25,84.64,7.28
PHATTHALUNG,2022-05,2,26.98,87.47,9.61
PHATTHALUNG,2022-06,10,26.65,86.19,8.4
PHATTHALUNG,2022-07,6,26.79,86.59,7.19
PHATTHALUNG,2022-08,17,26.57,86.03,6.56
PHATTHALUNG,2022-09,10,26.29,86.18,7.93
PHATTHALUNG,2022-10,18,26.03,88.59,13.97
PHATTHALUNG,2022-11,25,25.85,88.92,11.68
PHATTHALUNG,2022-12,41,25.35,86.49,14.84
PHAYAO,2015-01,0,18.59,69.99,2.06
PHAYAO,2015-02,0,22.04,56.19,0.03
PHAYAO,2015-03,0,26.4,50.98,1.03
PHAYAO,2015-04,4,27.42,61.81,4.1
PHAYAO,2015-05,27,29.12,63.95,2.58
PHAYAO,2015-06,45,28.17,68.48,2.23
PHAYAO,2015-07,44,26.35,78.92,6.78
PHAYAO,2015-08,35,25.27,85.13,6.28
PHAYAO,2015-09,26,25.7,83.69,5.0
PHAYAO,2015-10,18,24.33,78.53,2.82
PHAYAO,2015-11,32,24.04,71.52,1.18
PHAYAO,2015-12,19,21.59,69.72,1.04
PHAYAO,2016-01,4,19.68,58.25,1.36
PHAYAO,2016-02,3,21.58,55.31,0.18
PHAYAO,2016-03,1,27.65,42.55,0.02
PHAYAO,2016-04,23,32.14,37.45,0.92
PHAYAO,2016-05,30,29.12,64.98,5.58
PHAYAO,2016-06,14,26.12,81.41,7.27
PHAYAO,2016-07,16,25.49,84.46,8.17
PHAYAO,2016-08,28,25.32,85.91,10.67
PHAYAO,2016-09,28,25.36,85.14,8.02
PHAYAO,2016-10,2,24.78,84.07,4.62
PHAYAO,2016-11,0,22.09,84.32,2.58
PHAYAO,2016-12,1,19.58,81.74,0.1
PHAYAO,2017-01,0,20.15,81.42,1.92
PHAYAO,2017-02,0,21.23,66.8,0.0
PHAYAO,2017-03,0,25.35,58.65,0.46
PHAYAO,2017-04,3,26.42,70.74,4.26
PHAYAO,2017-05,13,26.64,78.7,7.64
PHAYAO,2017-06,11,25.95,83.53,5.71
PHAYAO,2017-07,13,25.23,86.28,16.74
PHAYAO,2017-08,5,25.12,87.91,10.38
PHAYAO,2017-09,8,25.41,86.48,7.14
PHAYAO,2017-10,6,24.04,86.18,5.92
PHAYAO,2017-11,0,21.67,85.39,0.51
PHAYAO,2017-12,2,18.18,84.34,2.02
PHAYAO,2018-01,0,19.61,78.58,0.37
PHAYAO,2018-02,0,20.62,74.72,0.28
PHAYAO,2018-03,0,23.86,68.39,1.0
PHAYAO,2018-04,2,25.33,74.39,5.53
PHAYAO,2018-05,12,25.6,82.54,11.1
PHAYAO,2018-06,31,25.15,85.66,5.78
PHAYAO,2018-07,15,25.4,86.54,8.88
PHAYAO,2018-08,22,24.88,88.26,8.72
PHAYAO,2018-09,5,25.21,86.01,5.82
PHAYAO,2018-10,6,24.05,85.54,5.02
PHAYAO,2018-11,6,22.03,82.13,1.08
PHAYAO,2018-12,1,20.28,83.3,0.78
PHAYAO,2019-01,1,20.07,81.2,1.6
PHAYAO,2019-02,0,22.09,65.14,0.04
PHAYAO,2019-03,4,24.8,59.13,0.25
PHAYAO,2019-04,9,29.35,54.18,0.84
PHAYAO,2019-05,10,29.03,67.12,3.81
PHAYAO,2019-06,72,27.38,76.27,2.4
PHAYAO,2019-07,120,26.61,76.42,6.04
PHAYAO,2019-08,47,25.55,86.77,13.34
PHAYAO,2019-09,20,25.24,81.82,3.8
PHAYAO,2019-10,10,24.67,80.85,2.2
PHAYAO,2019-11,15,22.55,79.85,0.61
PHAYAO,2019-12,1,19.2,68.59,0.42
PHAYAO,2020-01,1,21.73,60.29,0.0
PHAYAO,2020-02,0,23.02,56.62,0.0
PHAYAO,2020-03,9,27.66,42.96,0.12
PHAYAO,2020-04,9,28.3,53.65,4.02
PHAYAO,2020-05,6,29.25,65.55,3.81
PHAYAO,2020-06,38,26.71,80.12,6.47
PHAYAO,2020-07,63,25.95,84.04,5.41
PHAYAO,2020-08,48,25.13,87.84,13.31
PHAYAO,2020-09,5,25.45,86.61,5.94
PHAYAO,2020-10,6,23.32,84.92,2.05
PHAYAO,2020-11,1,21.79,81.73,0.62
PHAYAO,2020-12,1,19.21,77.96,0.01
PHAYAO,2021-01,1,18.89,71.83,0.28
PHAYAO,2021-02,0,22.17,66.61,2.83
PHAYAO,2021-03,4,26.87,53.83,0.43
PHAYAO,2021-04,0,25.95,73.21,5.16
PHAYAO,2021-05,0,26.95,77.65,3.9
PHAYAO,2021-06,5,25.8,83.22,6.75
PHAYAO,2021-07,4,25.73,84.93,7.84
PHAYAO,2021-08,1,25.56,85.4,10.17
PHAYAO,2021-09,2,25.05,85.62,7.73
PHAYAO,2021-10,0,23.89,85.55,5.43
PHAYAO,2021-11,3,22.37,84.18,1.22
PHAYAO,2021-12,2,18.44,79.45,0.06
PHAYAO,2022-01,0,19.94,75.32,1.81
PHAYAO,2022-02,0,20.15,73.31,1.38
PHAYAO,2022-03,0,25.73,71.38,2.87
PHAYAO,2022-04,0,25.98,71.32,4.44
PHAYAO,2022-05,8,25.26,81.49,8.78
PHAYAO,2022-06,23,25.59,83.59,4.24
PHAYAO,2022-07,15,25.93,85.11,7.96
PHAYAO,2022-08,11,25.42,86.23,10.82
PHAYAO,2022-09,5,25.29,85.58,10.03
PHAYAO,2022-10,6,23.53,83.31,4.25
PHAYAO,2022-11,5,22.71,81.19,1.85
PHAYAO,2022-12,2,19.67,83.56,0.44
PHETCHABUN,2015-01,2,22.52,51.98,0.06
PHETCHABUN,2015-02,8,26.04,54.27,0.55
PHETCHABUN,2015-03,5,29.01,58.5,1.7
PHETCHABUN,2015-04,2,29.66,54.53,2.19
PHETCHABUN,2015-05,19,29.93,63.17,1.08
PHETCHABUN,2015-06,39,28.84,66.88,2.18
PHETCHABUN,2015-07,54,27.28,73.02,5.08
PHETCHABUN,2015-08,71,25.97,83.6,5.3
PHETCHABUN,2015-09,63,25.96,84.87,6.85
PHETCHABUN,2015-10,30,25.28,82.79,3.8
PHETCHABUN,2015-11,26,26.16,72.82,0.47
PHETCHABUN,2015-12,2,24.82,62.25,0.75
PHETCHABUN,2016-01,6,24.06,58.0,1.3
PHETCHABUN,2016-02,12,24.04,46.51,0.0
PHETCHABUN,2016-03,13,29.64,42.3,0.01
PHETCHABUN,2016-04,16,32.56,45.6,1.32
PHETCHABUN,2016-05,77,29.49,67.28,3.5
PHETCHABUN,2016-06,155,27.51,77.14,5.33
PHETCHABUN,2016-07,182,26.04,83.42,4.61
PHETCHABUN,2016-08,74,26.28,82.66,4.3
PHETCHABUN,2016-09,21,25.51,87.99,8.5
PHETCHABUN,2016-10,10,25.8,85.8,3.74
PHETCHABUN,2016-11,3,23.81,81.46,1.49
PHETCHABUN,2016-12,0,22.34,69.25,0.04
PHETCHABUN,2017-01,0,23.9,68.4,0.71
PHETCHABUN,2017-02,3,25.26,52.98,0.1
PHETCHABUN,2017-03,6,28.4,58.28,1.98
PHETCHABUN,2017-04,9,29.72,58.26,1.65
PHETCHABUN,2017-05,17,27.24,80.74,9.2
PHETCHABUN,2017-06,39,26.02,87.21,6.4
PHETCHABUN,2017-07,67,25.15,89.34,11.34
PHETCHABUN,2017-08,39,25.59,88.37,7.17
PHETCHABUN,2017-09,23,26.22,87.03,4.73
PHETCHABUN,2017-10,9,24.83,87.86,4.75
PHETCHABUN,2017-11,10,22.74,83.66,0.51
PHETCHABUN,2017-12,7,20.72,76.84,0.51
PHETCHABUN,2018-01,5,22.77,72.41,0.64
PHETCHABUN,2018-02,5,23.95,65.18,0.78
PHETCHABUN,2018-03,10,27.61,60.51,0.98
PHETCHABUN,2018-04,8,27.46,69.13,4.38
PHETCHABUN,2018-05,28,27.04,80.55,5.43
PHETCHABUN,2018-06,68,26.39,82.14,4.42
PHETCHABUN,2018-07,56,25.35,87.0,6.41
PHETCHABUN,2018-08,43,25.05,87.87,5.21
PHETCHABUN,2018-09,17,25.71,86.95,4.62
PHETCHABUN,2018-10,12,25.68,82.43,2.65
PHETCHABUN,2018-11,4,24.46,76.33,0.45
PHETCHABUN,2018-12,4,24.19,66.02,0.27
PHETCHABUN,2019-01,5,24.22,59.93,0.02
PHETCHABUN,2019-02,7,28.33,54.96,0.73
PHETCHABUN,2019-03,20,30.04,50.77,0.83
PHETCHABUN,2019-04,29,31.34,56.54,2.06
PHETCHABUN,2019-05,60,28.75,73.0,4.2
PHETCHABUN,2019-06,174,27.89,78.17,3.97
PHETCHABUN,2019-07,147,26.49,79.31,4.19
PHETCHABUN,2019-08,122,25.97,84.83,8.9
PHETCHABUN,2019-09,83,25.72,85.09,6.04
PHETCHABUN,2019-10,35,26.02,80.33,1.61
PHETCHABUN,2019-11,22,25.07,68.58,0.2
PHETCHABUN,2019-12,6,23.25,58.49,0.0
PHETCHABUN,2020-01,3,26.4,53.19,0.0
PHETCHABUN,2020-02,15,27.12,45.22,0.0
PHETCHABUN,2020-03,20,29.81,56.18,1.39
PHETCHABUN,2020-04,25,28.82,62.85,3.7
PHETCHABUN,2020-05,47,29.29,70.9,4.22
PHETCHABUN,2020-06,107,26.72,84.39,7.17
PHETCHABUN,2020-07,218,26.45,85.16,3.63
PHETCHABUN,2020-08,110,25.89,86.53,7.67
PHETCHABUN,2020-09,32,26.07,88.0,7.3
PHETCHABUN,2020-10,27,23.8,86.81,5.88
PHETCHABUN,2020-11,3,23.48,81.89,0.11
PHETCHABUN,2020-12,2,21.22,73.79,0.01
PHETCHABUN,2021-01,1,21.11,62.23,0.0
PHETCHABUN,2021-02,1,25.39,55.67,0.62
PHETCHABUN,2021-03,1,29.01,57.13,1.12
PHETCHABUN,2021-04,1,27.67,74.28,7.77
PHETCHABUN,2021-05,2,27.71,79.85,2.47
PHETCHABUN,2021-06,7,26.72,81.11,2.34
PHETCHABUN,2021-07,5,26.15,85.06,7.34
PHETCHABUN,2021-08,1,26.35,85.23,5.84
PHETCHABUN,2021-09,1,25.78,87.62,12.73
PHETCHABUN,2021-10,2,24.87,87.21,6.14
PHETCHABUN,2021-11,0,23.27,82.44,0.53
PHETCHABUN,2021-12,1,20.24,76.51,0.11
PHETCHABUN,2022-01,1,23.31,70.22,0.65
PHETCHABUN,2022-02,1,23.56,70.63,1.19
PHETCHABUN,2022-03,1,27.54,70.73,5.24
PHETCHABUN,2022-04,1,27.26,67.74,2.34
PHETCHABUN,2022-05,15,25.93,82.14,5.63
PHETCHABUN,2022-06,33,26.05,85.28,4.82
PHETCHABUN,2022-07,44,26.09,87.28,9.43
PHETCHABUN,2022-08,14,25.61,88.13,7.92
PHETCHABUN,2022-09,26,25.48,89.24,14.16
PHETCHABUN,2022-10,13,23.74,86.53,3.18
PHETCHABUN,2022-11,5,24.22,85.4,2.39
PHETCHABUN,2022-12,3,20.41,78.88,0.2
PHETCHABURI,2015-01,34,21.04,73.55,0.8
PHETCHABURI,2015-02,44,23.52,70.82,0.72
PHETCHABURI,2015-03,45,26.49,70.31,1.44
PHETCHABURI,2015-04,58,27.23,68.57,2.24
PHETCHABURI,2015-05,101,26.86,76.55,2.13
PHETCHABURI,2015-06,205,25.81,79.34,4.69
PHETCHABURI,2015-07,347,25.08,80.39,3.86
PHETCHABURI,2015-08,282,24.65,82.6,3.37
PHETCHABURI,2015-09,249,24.42,86.29,9.56
PHETCHABURI,2015-10,164,24.36,88.25,5.87
PHETCHABURI,2015-11,170,24.16,85.82,2.89
PHETCHABURI,2015-12,55,23.52,77.38,0.49
PHETCHABURI,2016-01,29,23.49,74.45,1.24
PHETCHABURI,2016-02,15,24.15,63.72,0.08
PHETCHABURI,2016-03,20,27.61,59.2,0.68
PHETCHABURI,2016-04,14,29.8,58.73,0.56
PHETCHABURI,2016-05,13,28.04,70.42,2.68
PHETCHABURI,2016-06,14,25.37,83.73,5.97
PHETCHABURI,2016-07,36,24.92,82.85,3.83
PHETCHABURI,2016-08,61,25.02,82.94,4.82
PHETCHABURI,2016-09,58,24.09,87.9,7.51
PHETCHABURI,2016-10,33,23.74,91.35,14.83
PHETCHABURI,2016-11,25,23.3,89.8,1.95
PHETCHABURI,2016-12,15,21.28,85.85,0.3
PHETCHABURI,2017-01,24,21.98,86.42,6.17
PHETCHABURI,2017-02,18,22.49,78.58,0.28
PHETCHABURI,2017-03,19,25.31,76.36,2.26
PHETCHABURI,2017-04,11,25.99,78.16,1.4
PHETCHABURI,2017-05,32,25.86,86.59,11.22
PHETCHABURI,2017-06,84,24.9,86.38,3.29
PHETCHABURI,2017-07,177,23.85,87.96,9.8
PHETCHABURI,2017-08,120,24.21,87.34,5.73
PHETCHABURI,2017-09,80,24.81,88.82,7.25
PHETCHABURI,2017-10,36,24.09,90.26,7.51
PHETCHABURI,2017-11,46,22.74,90.38,8.72
PHETCHABURI,2017-12,24,21.0,85.96,1.1
PHETCHABURI,2018-01,13,22.47,84.35,0.55
PHETCHABURI,2018-02,36,22.67,83.54,1.51
PHETCHABURI,2018-03,25,24.7,81.37,1.47
PHETCHABURI,2018-04,20,25.53,80.9,7.14
PHETCHABURI,2018-05,42,25.51,85.94,3.98
PHETCHABURI,2018-06,56,24.5,86.1,4.07
PHETCHABURI,2018-07,53,24.36,85.64,3.94
PHETCHABURI,2018-08,62,23.89,85.63,4.82
PHETCHABURI,2018-09,65,24.23,87.61,5.32
PHETCHABURI,2018-10,55,24.18,89.4,12.56
PHETCHABURI,2018-11,54,23.38,85.17,4.13
PHETCHABURI,2018-12,38,23.11,85.05,2.26
PHETCHABURI,2019-01,44,22.16,81.65,0.78
PHETCHABURI,2019-02,26,24.53,80.81,0.06
PHETCHABURI,2019-03,59,25.91,71.03,0.52
PHETCHABURI,2019-04,34,28.89,65.24,0.23
PHETCHABURI,2019-05,28,26.27,80.65,4.56
PHETCHABURI,2019-06,32,25.52,85.56,6.03
PHETCHABURI,2019-07,66,24.72,82.03,3.35
PHETCHABURI,2019-08,69,24.31,86.67,6.94
PHETCHABURI,2019-09,79,24.2,86.91,7.06
PHETCHABURI,2019-10,80,24.6,87.88,4.31
PHETCHABURI,2019-11,105,23.51,82.32,1.37
PHETCHABURI,2019-12,26,22.03,75.53,0.03
PHETCHABURI,2020-01,31,24.52,71.26,0.06
PHETCHABURI,2020-02,20,24.75,65.64,0.45
PHETCHABURI,2020-03,10,28.18,59.86,0.21
PHETCHABURI,2020-04,13,27.47,68.69,3.95
PHETCHABURI,2020-05,9,27.39,75.7,2.37
PHETCHABURI,2020-06,15,24.93,87.78,9.16
PHETCHABURI,2020-07,40,24.85,87.04,5.87
PHETCHABURI,2020-08,35,24.76,85.31,4.32
PHETCHABURI,2020-09,30,24.61,89.03,9.58
PHETCHABURI,2020-10,23,23.37,91.94,20.47
PHETCHABURI,2020-11,27,23.18,88.9,2.63
PHETCHABURI,2020-12,14,21.22,85.86,0.08
PHETCHABURI,2021-01,8,20.51,79.46,0.05
PHETCHABURI,2021-02,6,22.85,79.04,1.27
PHETCHABURI,2021-03,1,25.41,78.67,0.98
PHETCHABURI,2021-04,0,25.25,84.13,3.35
PHETCHABURI,2021-05,1,25.86,85.02,5.92
PHETCHABURI,2021-06,0,24.8,85.95,3.29
PHETCHABURI,2021-07,1,24.48,86.82,9.09
PHETCHABURI,2021-08,2,24.59,87.44,6.49
PHETCHABURI,2021-09,0,23.97,90.02,10.6
PHETCHABURI,2021-10,13,24.08,91.35,11.43
PHETCHABURI,2021-11,21,23.14,90.93,3.97
PHETCHABURI,2021-12,8,20.63,85.72,0.12
PHETCHABURI,2022-01,9,22.23,82.9,0.78
PHETCHABURI,2022-02,9,23.23,85.74,8.19
PHETCHABURI,2022-03,7,25.01,86.46,3.24
PHETCHABURI,2022-04,16,25.25,81.38,1.9
PHETCHABURI,2022-05,8,24.49,88.23,11.26
PHETCHABURI,2022-06,19,24.83,87.61,3.84
PHETCHABURI,2022-07,22,24.64,88.2,5.32
PHETCHABURI,2022-08,34,24.26,87.7,6.43
PHETCHABURI,2022-09,55,23.86,89.81,6.63
PHETCHABURI,2022-10,70,23.15,91.37,15.83
PHETCHABURI,2022-11,80,23.26,90.0,4.4
PHETCHABURI,2022-12,66,21.05,85.75,0.5
PHICHIT,2015-01,0,23.08,50.79,0.42
PHICHIT,2015-02,8,26.93,49.46,0.47
PHICHIT,2015-03,23,30.08,51.32,1.48
PHICHIT,2015-04,26,30.63,49.79,1.84
PHICHIT,2015-05,49,30.62,60.28,1.16
PHICHIT,2015-06,44,29.44,64.23,2.08
PHICHIT,2015-07,56,28.03,70.57,4.4
PHICHIT,2015-08,68,26.74,80.2,4.59
PHICHIT,2015-09,79,26.46,83.72,6.33
PHICHIT,2015-10,73,26.12,80.34,3.32
PHICHIT,2015-11,107,27.21,68.01,0.99
PHICHIT,2015-12,54,25.66,58.03,0.61
PHICHIT,2016-01,20,24.46,51.51,1.07
PHICHIT,2016-02,36,25.49,40.47,0.0
PHICHIT,2016-03,39,30.48,37.77,0.03
PHICHIT,2016-04,9,33.82,40.01,0.45
PHICHIT,2016-05,1,30.67,61.78,5.04
PHICHIT,2016-06,2,27.92,76.29,5.2
PHICHIT,2016-07,7,26.39,83.75,5.27
PHICHIT,2016-08,29,26.35,84.09,5.3
PHICHIT,2016-09,21,25.84,87.91,8.11
PHICHIT,2016-10,19,26.21,85.71,4.8
PHICHIT,2016-11,9,24.24,81.19,1.56
PHICHIT,2016-12,15,22.96,67.34,0.02
PHICHIT,2017-01,3,24.8,65.0,1.0
PHICHIT,2017-02,3,26.42,48.19,0.26
PHICHIT,2017-03,8,29.62,50.92,1.6
PHICHIT,2017-04,14,30.44,55.57,2.29
PHICHIT,2017-05,25,27.73,79.04,10.73
PHICHIT,2017-06,56,26.29,87.73,6.43
PHICHIT,2017-07,84,25.52,89.31,12.51
PHICHIT,2017-08,68,25.77,88.99,8.01
PHICHIT,2017-09,47,26.54,87.22,6.28
PHICHIT,2017-10,30,25.29,87.65,4.54
PHICHIT,2017-11,29,23.48,82.79,0.5
PHICHIT,2017-12,24,21.65,72.66,0.74
PHICHIT,2018-01,10,24.2,65.38,0.41
PHICHIT,2018-02,14,25.34,58.91,1.22
PHICHIT,2018-03,13,28.82,51.92,0.8
PHICHIT,2018-04,33,28.85,62.33,3.26
PHICHIT,2018-05,105,27.72,77.13,6.09
PHICHIT,2018-06,223,26.93,80.44,4.65
PHICHIT,2018-07,164,25.86,85.54,5.42
PHICHIT,2018-08,91,25.47,87.45,6.26
PHICHIT,2018-09,80,26.22,86.05,4.53
PHICHIT,2018-10,47,26.39,80.17,2.55
PHICHIT,2018-11,25,25.59,71.01,0.67
PHICHIT,2018-12,16,25.04,62.11,0.28
PHICHIT,2019-01,7,25.43,55.69,0.19
PHICHIT,2019-02,22,28.76,49.52,1.45
PHICHIT,2019-03,24,30.77,44.4,0.58
PHICHIT,2019-04,8,32.8,48.88,1.37
PHICHIT,2019-05,9,29.88,67.46,3.91
PHICHIT,2019-06,17,28.2,77.56,4.77
PHICHIT,2019-07,25,27.1,76.84,3.16
PHICHIT,2019-08,31,26.3,84.29,9.83
PHICHIT,2019-09,25,26.12,84.32,5.78
PHICHIT,2019-10,24,26.64,78.88,1.59
PHICHIT,2019-11,13,25.97,64.66,0.3
PHICHIT,2019-12,7,24.25,52.92,0.0
PHICHIT,2020-01,6,27.72,46.08,0.0
PHICHIT,2020-02,10,28.41,39.41,0.0
PHICHIT,2020-03,22,30.53,50.71,1.12
PHICHIT,2020-04,28,29.94,57.33,4.06
PHICHIT,2020-05,10,30.01,66.97,3.55
PHICHIT,2020-06,7,27.41,81.38,6.01
PHICHIT,2020-07,31,27.01,82.91,3.59
PHICHIT,2020-08,61,26.39,85.55,7.94
PHICHIT,2020-09,41,26.38,88.11,6.52
PHICHIT,2020-10,27,24.46,86.5,6.0
PHICHIT,2020-11,17,24.21,79.95,0.2
PHICHIT,2020-12,8,22.55,67.56,0.0
PHICHIT,2021-01,1,22.6,55.46,0.0
PHICHIT,2021-02,3,26.98,48.25,0.65
PHICHIT,2021-03,16,30.37,50.4,0.82
PHICHIT,2021-04,4,28.52,70.36,7.8
PHICHIT,2021-05,9,28.19,77.54,2.48
PHICHIT,2021-06,24,27.19,79.61,3.54
PHICHIT,2021-07,11,26.52,84.92,7.66
PHICHIT,2021-08,10,26.69,84.75,5.14
PHICHIT,2021-09,20,26.04,88.02,11.46
PHICHIT,2021-10,2,25.4,86.47,6.01
PHICHIT,2021-11,1,23.91,81.59,0.64
PHICHIT,2021-12,0,21.27,70.69,0.01
PHICHIT,2022-01,2,24.73,61.69,0.51
PHICHIT,2022-02,3,24.84,64.99,2.74
PHICHIT,2022-03,5,29.11,63.15,2.82
PHICHIT,2022-04,7,29.08,58.99,2.52
PHICHIT,2022-05,2,26.64,79.63,6.59
PHICHIT,2022-06,11,26.54,84.3,4.71
PHICHIT,2022-07,19,26.6,85.89,8.52
PHICHIT,2022-08,6,25.98,88.41,9.21
PHICHIT,2022-09,15,25.87,88.99,11.42
PHICHIT,2022-10,16,24.59,84.8,4.51
PHICHIT,2022-11,3,25.02,83.48,2.01
PHICHIT,2022-12,4,21.64,74.99,0.43
PHITSANULOK,2015-01,3,21.58,57.09,0.66
PHITSANULOK,2015-02,1,25.5,54.4,0.54
PHITSANULOK,2015-03,4,29.23,51.8,1.2
PHITSANULOK,2015-04,5,29.95,50.01,1.86
PHITSANULOK,2015-05,18,29.77,62.48,1.49
PHITSANULOK,2015-06,64,28.58,66.91,2.24
PHITSANULOK,2015-07,103,27.11,74.15,4.65
PHITSANULOK,2015-08,165,25.77,83.1,4.87
PHITSANULOK,2015-09,153,25.83,84.78,5.37
PHITSANULOK,2015-10,83,25.52,80.05,2.87
PHITSANULOK,2015-11,135,26.53,68.54,1.01
PHITSANULOK,2015-12,102,24.55,60.55,0.76
PHITSANULOK,2016-01,60,23.3,53.11,1.2
PHITSANULOK,2016-02,37,24.38,42.56,0.0
PHITSANULOK,2016-03,34,29.5,39.13,0.04
PHITSANULOK,2016-04,15,32.96,40.71,0.47
PHITSANULOK,2016-05,7,30.03,62.92,5.33
PHITSANULOK,2016-06,32,27.04,78.81,5.8
PHITSANULOK,2016-07,77,25.69,85.42,6.01
PHITSANULOK,2016-08,49,25.56,85.95,5.2
PHITSANULOK,2016-09,46,25.43,87.97,7.77
PHITSANULOK,2016-10,22,25.67,85.79,4.97
PHITSANULOK,2016-11,20,23.34,82.57,1.89
PHITSANULOK,2016-12,6,21.21,74.76,0.03
PHITSANULOK,2017-01,8,23.11,72.23,0.98
PHITSANULOK,2017-02,3,24.96,53.08,0.23
PHITSANULOK,2017-03,12,28.61,53.01,1.62
PHITSANULOK,2017-04,17,29.07,60.26,2.96
PHITSANULOK,2017-05,38,27.07,79.64,10.28
PHITSANULOK,2017-06,65,25.74,87.67,5.96
PHITSANULOK,2017-07,72,24.99,89.52,12.1
PHITSANULOK,2017-08,74,25.19,89.35,8.34
PHITSANULOK,2017-09,43,26.03,87.33,7.58
PHITSANULOK,2017-10,19,24.75,87.59,4.46
PHITSANULOK,2017-11,23,22.67,84.11,0.35
PHITSANULOK,2017-12,14,20.13,78.87,0.75
PHITSANULOK,2018-01,3,22.27,73.52,0.4
PHITSANULOK,2018-02,6,23.52,66.63,1.46
PHITSANULOK,2018-03,11,27.04,57.56,0.77
PHITSANULOK,2018-04,36,27.73,65.71,3.17
PHITSANULOK,2018-05,85,26.89,79.11,6.98
PHITSANULOK,2018-06,175,25.91,83.68,5.07
PHITSANULOK,2018-07,214,25.11,87.25,5.28
PHITSANULOK,2018-08,170,24.81,88.59,6.28
PHITSANULOK,2018-09,117,25.65,86.58,4.99
PHITSANULOK,2018-10,64,25.44,82.73,2.57
PHITSANULOK,2018-11,37,24.03,77.95,0.78
PHITSANULOK,2018-12,12,23.05,70.26,0.25
PHITSANULOK,2019-01,12,23.51,64.28,0.31
PHITSANULOK,2019-02,14,27.29,53.0,1.4
PHITSANULOK,2019-03,20,29.63,46.09,0.43
PHITSANULOK,2019-04,14,32.31,47.68,0.99
PHITSANULOK,2019-05,18,29.37,67.85,3.56
PHITSANULOK,2019-06,42,27.58,78.2,4.42
PHITSANULOK,2019-07,56,26.48,77.11,2.86
PHITSANULOK,2019-08,87,25.5,86.26,10.13
PHITSANULOK,2019-09,99,25.5,84.35,5.65
PHITSANULOK,2019-10,62,25.86,79.87,1.45
PHITSANULOK,2019-11,47,24.72,68.96,0.4
PHITSANULOK,2019-12,15,22.78,57.84,0.0
PHITSANULOK,2020-01,14,26.33,51.01,0.0
PHITSANULOK,2020-02,22,27.14,41.94,0.0
PHITSANULOK,2020-03,23,29.59,50.86,1.09
PHITSANULOK,2020-04,38,29.05,58.64,4.33
PHITSANULOK,2020-05,51,29.25,68.61,3.67
PHITSANULOK,2020-06,57,26.74,82.55,5.53
PHITSANULOK,2020-07,121,26.25,84.43,4.11
PHITSANULOK,2020-08,150,25.68,86.84,9.52
PHITSANULOK,2020-09,122,25.93,88.38,6.8
PHITSANULOK,2020-10,32,24.17,85.83,5.5
PHITSANULOK,2020-11,30,23.31,81.67,0.15
PHITSANULOK,2020-12,17,20.85,74.2,0.0
PHITSANULOK,2021-01,12,20.86,62.65,0.0
PHITSANULOK,2021-02,2,25.46,54.3,0.72
PHITSANULOK,2021-03,2,29.16,53.53,0.78
PHITSANULOK,2021-04,6,27.52,73.29,7.89
PHITSANULOK,2021-05,27,27.56,77.72,2.53
PHITSANULOK,2021-06,15,26.28,82.16,3.94
PHITSANULOK,2021-07,13,25.95,85.57,7.97
PHITSANULOK,2021-08,20,26.02,85.43,4.81
PHITSANULOK,2021-09,8,25.73,87.16,11.65
PHITSANULOK,2021-10,9,24.82,86.28,6.26
PHITSANULOK,2021-11,7,23.13,81.87,0.63
PHITSANULOK,2021-12,2,19.73,75.98,0.01
PHITSANULOK,2022-01,3,22.86,69.14,0.37
PHITSANULOK,2022-02,5,23.12,70.85,3.22
PHITSANULOK,2022-03,10,28.03,66.32,2.17
PHITSANULOK,2022-04,2,28.0,62.08,2.57
PHITSANULOK,2022-05,36,25.78,81.11,6.7
PHITSANULOK,2022-06,75,25.86,85.16,3.51
PHITSANULOK,2022-07,77,26.06,86.11,8.89
PHITSANULOK,2022-08,71,25.48,88.5,9.49
PHITSANULOK,2022-09,42,25.34,88.83,10.65
PHITSANULOK,2022-10,15,23.96,84.85,4.88
PHITSANULOK,2022-11,34,24.39,83.88,1.39
PHITSANULOK,2022-12,25,20.53,78.04,0.42
PHRA NAKHON SI AYUDHYA,2015-01,13,25.14,53.28,0.2
PHRA NAKHON SI AYUDHYA,2015-02,6,28.49,53.31,0.4
PHRA NAKHON SI AYUDHYA,2015-03,9,30.47,61.87,2.73
PHRA NAKHON SI AYUDHYA,2015-04,10,30.63,61.3,2.53
PHRA NAKHON SI AYUDHYA,2015-05,30,31.09,64.49,1.23
PHRA NAKHON SI AYUDHYA,2015-06,49,30.04,67.57,3.73
PHRA NAKHON SI AYUDHYA,2015-07,61,29.42,67.43,3.43
PHRA NAKHON SI AYUDHYA,2015-08,76,28.12,76.82,5.65
PHRA NAKHON SI AYUDHYA,2015-09,129,27.44,83.23,9.56
PHRA NAKHON SI AYUDHYA,2015-10,158,27.14,83.13,5.91
PHRA NAKHON SI AYUDHYA,2015-11,162,27.32,79.73,2.13
PHRA NAKHON SI AYUDHYA,2015-12,48,26.86,66.03,0.51
PHRA NAKHON SI AYUDHYA,2016-01,37,26.87,62.04,1.42
PHRA NAKHON SI AYUDHYA,2016-02,39,27.5,50.05,0.0
PHRA NAKHON SI AYUDHYA,2016-03,20,31.71,50.38,0.44
PHRA NAKHON SI AYUDHYA,2016-04,18,33.9,50.38,0.54
PHRA NAKHON SI AYUDHYA,2016-05,7,31.57,62.81,3.98
PHRA NAKHON SI AYUDHYA,2016-06,14,28.65,77.61,6.98
PHRA NAKHON SI AYUDHYA,2016-07,21,27.56,81.9,4.6
PHRA NAKHON SI AYUDHYA,2016-08,43,27.91,80.11,6.36
PHRA NAKHON SI AYUDHYA,2016-09,45,26.72,87.02,8.84
PHRA NAKHON SI AYUDHYA,2016-10,30,27.11,87.03,7.32
PHRA NAKHON SI AYUDHYA,2016-11,14,25.86,84.05,1.67
PHRA NAKHON SI AYUDHYA,2016-12,6,23.92,76.97,0.17
PHRA NAKHON SI AYUDHYA,2017-01,8,25.78,70.56,0.85
PHRA NAKHON SI AYUDHYA,2017-02,7,27.65,53.89,0.04
PHRA NAKHON SI AYUDHYA,2017-03,7,30.4,58.54,2.43
PHRA NAKHON SI AYUDHYA,2017-04,11,30.86,62.11,1.58
PHRA NAKHON SI AYUDHYA,2017-05,15,28.99,80.41,10.78
PHRA NAKHON SI AYUDHYA,2017-06,21,27.59,85.52,6.29
PHRA NAKHON SI AYUDHYA,2017-07,44,26.41,88.3,12.92
PHRA NAKHON SI AYUDHYA,2017-08,33,26.8,87.48,8.25
PHRA NAKHON SI AYUDHYA,2017-09,25,27.64,86.57,6.15
PHRA NAKHON SI AYUDHYA,2017-10,15,26.77,87.12,7.6
PHRA NAKHON SI AYUDHYA,2017-11,11,25.05,85.69,1.03
PHRA NAKHON SI AYUDHYA,2017-12,7,23.32,78.93,0.65
PHRA NAKHON SI AYUDHYA,2018-01,7,25.34,74.62,1.18
PHRA NAKHON SI AYUDHYA,2018-02,6,26.35,67.16,1.69
PHRA NAKHON SI AYUDHYA,2018-03,15,29.3,66.31,1.43
PHRA NAKHON SI AYUDHYA,2018-04,5,29.52,68.9,4.73
PHRA NAKHON SI AYUDHYA,2018-05,30,28.55,79.93,4.89
PHRA NAKHON SI AYUDHYA,2018-06,63,27.92,79.84,4.88
PHRA NAKHON SI AYUDHYA,2018-07,99,27.2,82.23,6.0
PHRA NAKHON SI AYUDHYA,2018-08,82,26.74,83.31,6.8
PHRA NAKHON SI AYUDHYA,2018-09,68,27.09,85.57,8.73
PHRA NAKHON SI AYUDHYA,2018-10,47,27.34,84.18,4.58
PHRA NAKHON SI AYUDHYA,2018-11,60,26.22,79.11,0.6
PHRA NAKHON SI AYUDHYA,2018-12,35,26.38,70.31,1.16
PHRA NAKHON SI AYUDHYA,2019-01,33,26.46,60.26,0.02
PHRA NAKHON SI AYUDHYA,2019-02,27,30.1,60.62,0.15
PHRA NAKHON SI AYUDHYA,2019-03,18,31.55,55.13,0.22
PHRA NAKHON SI AYUDHYA,2019-04,15,32.7,57.64,1.49
PHRA NAKHON SI AYUDHYA,2019-05,7,30.69,67.94,4.79
PHRA NAKHON SI AYUDHYA,2019-06,22,29.25,76.79,4.52
PHRA NAKHON SI AYUDHYA,2019-07,32,28.37,74.45,4.07
PHRA NAKHON SI AYUDHYA,2019-08,27,27.8,80.16,6.55
PHRA NAKHON SI AYUDHYA,2019-09,41,27.17,84.2,9.16
PHRA NAKHON SI AYUDHYA,2019-10,51,27.88,81.0,3.2
PHRA NAKHON SI AYUDHYA,2019-11,37,26.97,69.98,0.49
PHRA NAKHON SI AYUDHYA,2019-12,7,26.25,56.67,0.0
PHRA NAKHON SI AYUDHYA,2020-01,24,29.32,53.34,0.09
PHRA NAKHON SI AYUDHYA,2020-02,9,29.87,48.14,0.06
PHRA NAKHON SI AYUDHYA,2020-03,4,32.0,55.42,0.83
PHRA NAKHON SI AYUDHYA,2020-04,3,31.65,59.29,1.69
PHRA NAKHON SI AYUDHYA,2020-05,4,31.42,66.03,2.78
PHRA NAKHON SI AYUDHYA,2020-06,22,28.64,79.18,7.35
PHRA NAKHON SI AYUDHYA,2020-07,57,27.95,82.82,7.24
PHRA NAKHON SI AYUDHYA,2020-08,58,27.46,84.28,6.61
PHRA NAKHON SI AYUDHYA,2020-09,47,27.37,87.31,10.18
PHRA NAKHON SI AYUDHYA,2020-10,34,25.58,87.87,11.59
PHRA NAKHON SI AYUDHYA,2020-11,10,25.44,84.58,0.69
PHRA NAKHON SI AYUDHYA,2020-12,4,23.52,78.2,0.04
PHRA NAKHON SI AYUDHYA,2021-01,5,23.7,64.57,0.0
PHRA NAKHON SI AYUDHYA,2021-02,4,27.77,57.63,0.53
PHRA NAKHON SI AYUDHYA,2021-03,2,31.24,57.59,0.58
PHRA NAKHON SI AYUDHYA,2021-04,0,29.16,73.48,5.71
PHRA NAKHON SI AYUDHYA,2021-05,3,28.81,80.65,3.94
PHRA NAKHON SI AYUDHYA,2021-06,2,28.23,79.11,4.02
PHRA NAKHON SI AYUDHYA,2021-07,0,27.48,83.27,8.33
PHRA NAKHON SI AYUDHYA,2021-08,0,27.49,85.01,6.28
PHRA NAKHON SI AYUDHYA,2021-09,4,26.6,88.85,11.87
PHRA NAKHON SI AYUDHYA,2021-10,1,26.61,88.33,6.91
PHRA NAKHON SI AYUDHYA,2021-11,0,25.59,84.76,1.1
PHRA NAKHON SI AYUDHYA,2021-12,1,22.85,78.8,0.17
PHRA NAKHON SI AYUDHYA,2022-01,1,26.12,69.08,0.44
PHRA NAKHON SI AYUDHYA,2022-02,1,27.0,68.95,1.95
PHRA NAKHON SI AYUDHYA,2022-03,0,29.65,69.21,2.27
PHRA NAKHON SI AYUDHYA,2022-04,1,29.79,64.09,3.4
PHRA NAKHON SI AYUDHYA,2022-05,12,27.58,82.05,7.98
PHRA NAKHON SI AYUDHYA,2022-06,14,27.79,83.2,4.0
PHRA NAKHON SI AYUDHYA,2022-07,17,27.6,84.97,7.59
PHRA NAKHON SI AYUDHYA,2022-08,19,26.97,86.6,10.27
PHRA NAKHON SI AYUDHYA,2022-09,21,26.6,88.65,14.36
PHRA NAKHON SI AYUDHYA,2022-10,36,25.58,87.14,5.88
PHRA NAKHON SI AYUDHYA,2022-11,34,25.97,85.36,2.77
PHRA NAKHON SI AYUDHYA,2022-12,14,23.1,79.56,0.16
PHRAE,2015-01,0,19.76,66.45,2.0
PHRAE,2015-02,2,23.46,56.13,0.18
PHRAE,2015-03,5,27.61,51.13,0.98
PHRAE,2015-04,15,28.46,57.07,2.49
PHRAE,2015-05,79,29.21,64.84,2.58
PHRAE,2015-06,162,28.11,68.83,2.43
PHRAE,2015-07,263,26.65,77.25,4.97
PHRAE,2015-08,339,25.38,84.71,5.81
PHRAE,2015-09,184,26.03,82.87,4.46
PHRAE,2015-10,40,25.35,76.68,2.59
PHRAE,2015-11,42,25.7,67.84,0.77
PHRAE,2015-12,21,22.56,67.48,1.45
PHRAE,2016-01,11,20.97,57.62,1.67
PHRAE,2016-02,5,22.28,52.91,0.22
PHRAE,2016-03,9,28.2,43.13,0.02
PHRAE,2016-04,2,32.36,40.09,1.06
PHRAE,2016-05,4,29.36,64.14,4.77
PHRAE,2016-06,6,26.32,80.57,5.76
PHRAE,2016-07,13,25.71,83.97,7.06
PHRAE,2016-08,13,25.48,85.15,7.38
PHRAE,2016-09,8,25.55,85.42,7.07
PHRAE,2016-10,11,25.28,83.85,4.81
PHRAE,2016-11,8,22.7,82.75,2.05
PHRAE,2016-12,3,20.6,79.52,0.16
PHRAE,2017-01,1,21.31,79.12,1.49
PHRAE,2017-02,3,22.61,61.98,0.0
PHRAE,2017-03,2,26.98,54.85,1.09
PHRAE,2017-04,2,27.26,68.17,3.83
PHRAE,2017-05,5,26.67,80.22,8.25
PHRAE,2017-06,6,25.9,84.24,4.02
PHRAE,2017-07,9,25.14,86.91,11.75
PHRAE,2017-08,5,25.24,87.34,7.84
PHRAE,2017-09,5,25.84,85.45,8.2
PHRAE,2017-10,0,24.4,86.45,4.67
PHRAE,2017-11,0,22.18,84.89,0.44
PHRAE,2017-12,0,19.3,83.42,1.09
PHRAE,2018-01,0,20.58,76.54,0.61
PHRAE,2018-02,0,21.77,72.31,0.82
PHRAE,2018-03,1,25.26,63.41,0.61
PHRAE,2018-04,18,26.64,70.95,4.95
PHRAE,2018-05,106,26.15,81.59,7.41
PHRAE,2018-06,130,25.61,84.0,4.57
PHRAE,2018-07,54,25.38,86.15,7.04
PHRAE,2018-08,13,24.99,87.62,5.45
PHRAE,2018-09,6,25.54,85.01,4.23
PHRAE,2018-10,4,24.77,83.35,3.66
PHRAE,2018-11,4,23.14,80.34,0.62
PHRAE,2018-12,2,21.2,79.73,0.41
PHRAE,2019-01,1,21.36,77.1,1.14
PHRAE,2019-02,7,24.66,58.13,0.18
PHRAE,2019-03,7,27.55,48.81,0.18
PHRAE,2019-04,8,31.44,46.31,1.02
PHRAE,2019-05,20,29.38,66.31,4.68
PHRAE,2019-06,53,27.21,77.81,2.75
PHRAE,2019-07,108,26.67,75.23,4.08
PHRAE,2019-08,80,25.41,87.34,13.21
PHRAE,2019-09,35,25.63,82.18,6.01
PHRAE,2019-10,22,25.26,80.52,2.36
PHRAE,2019-11,11,23.0,79.13,0.6
PHRAE,2019-12,5,19.86,71.33,0.19
PHRAE,2020-01,3,22.89,62.24,0.0
PHRAE,2020-02,3,23.81,55.72,0.0
PHRAE,2020-03,1,28.35,45.89,0.14
PHRAE,2020-04,2,28.81,53.29,3.46
PHRAE,2020-05,3,28.89,68.86,4.53
PHRAE,2020-06,12,26.53,82.14,5.53
PHRAE,2020-07,67,26.09,83.75,4.94
PHRAE,2020-08,51,25.32,87.28,12.74
PHRAE,2020-09,12,25.76,86.52,5.61
PHRAE,2020-10,8,24.1,84.71,2.85
PHRAE,2020-11,1,22.81,81.15,0.32
PHRAE,2020-12,1,19.89,76.29,0.0
PHRAE,2021-01,1,19.67,69.39,0.14
PHRAE,2021-02,0,23.39,63.14,1.39
PHRAE,2021-03,1,27.79,54.49,0.33
PHRAE,2021-04,0,26.59,73.51,6.33
PHRAE,2021-05,2,27.27,77.34,3.62
PHRAE,2021-06,2,26.04,82.48,4.78
PHRAE,2021-07,1,25.7,85.22,7.17
PHRAE,2021-08,2,25.86,84.64,6.96
PHRAE,2021-09,0,25.34,86.31,8.67
PHRAE,2021-10,1,24.48,85.5,5.49
PHRAE,2021-11,1,22.77,82.99,0.66
PHRAE,2021-12,0,19.04,79.27,0.04
PHRAE,2022-01,0,21.01,74.21,0.94
PHRAE,2022-02,0,21.29,72.38,1.64
PHRAE,2022-03,0,26.97,69.07,2.82
PHRAE,2022-04,0,26.93,68.07,3.63
PHRAE,2022-05,3,25.39,82.3,8.06
PHRAE,2022-06,12,25.82,83.05,2.73
PHRAE,2022-07,23,25.95,85.12,7.31
PHRAE,2022-08,25,25.42,86.9,8.02
PHRAE,2022-09,11,25.4,86.64,10.82
PHRAE,2022-10,5,24.07,83.11,3.95
PHRAE,2022-11,4,23.54,82.48,0.79
PHRAE,2022-12,3,19.85,82.0,0.52
PHUKET,2015-01,7,26.75,79.86,1.31
PHUKET,2015-02,5,26.94,77.11,0.83
PHUKET,2015-03,8,28.78,73.48,0.25
PHUKET,2015-04,14,28.97,77.37,4.12
PHUKET,2015-05,12,28.76,80.9,5.73
PHUKET,2015-06,11,28.52,81.22,6.9
PHUKET,2015-07,48,28.12,82.83,9.52
PHUKET,2015-08,29,27.74,82.39,12.95
PHUKET,2015-09,33,27.38,84.23,14.78
PHUKET,2015-10,47,27.77,82.49,5.53
PHUKET,2015-11,64,27.62,85.32,7.16
PHUKET,2015-12,45,27.82,82.65,4.51
PHUKET,2016-01,28,27.88,81.44,2.12
PHUKET,2016-02,20,27.62,80.07,1.56
PHUKET,2016-03,20,29.05,74.56,0.2
PHUKET,2016-04,11,29.88,74.93,1.75
PHUKET,2016-05,13,29.53,79.42,13.89
PHUKET,2016-06,10,28.28,82.67,11.49
PHUKET,2016-07,18,27.93,82.67,10.44
PHUKET,2016-08,24,27.89,84.64,10.46
PHUKET,2016-09,14,27.31,85.08,13.21
PHUKET,2016-10,12,26.95,86.89,14.3
PHUKET,2016-11,20,27.64,84.03,6.87
PHUKET,2016-12,13,27.11,84.52,9.55
PHUKET,2017-01,11,26.88,85.4,11.16
PHUKET,2017-02,16,27.24,80.04,2.12
PHUKET,2017-03,11,27.89,80.66,4.14
PHUKET,2017-04,15,28.11,84.0,6.08
PHUKET,2017-05,39,28.5,84.73,12.66
PHUKET,2017-06,53,28.3,83.22,8.55
PHUKET,2017-07,28,28.0,82.88,6.32
PHUKET,2017-08,22,27.58,83.4,13.68
PHUKET,2017-09,17,27.71,83.79,12.88
PHUKET,2017-10,15,27.85,81.96,6.09
PHUKET,2017-11,26,27.48,83.94,10.39
PHUKET,2017-12,48,27.17,82.81,4.92
PHUKET,2018-01,28,26.95,82.63,7.72
PHUKET,2018-02,40,27.43,78.25,0.9
PHUKET,2018-03,40,28.43,78.33,2.74
PHUKET,2018-04,26,28.64,79.36,5.51
PHUKET,2018-05,38,28.52,80.49,9.26
PHUKET,2018-06,39,28.27,81.18,9.64
PHUKET,2018-07,53,28.04,83.55,10.21
PHUKET,2018-08,30,27.77,84.51,10.14
PHUKET,2018-09,23,27.42,83.75,8.17
PHUKET,2018-10,18,27.32,84.38,8.47
PHUKET,2018-11,49,27.85,83.28,8.71
PHUKET,2018-12,36,27.62,83.66,7.03
PHUKET,2019-01,31,27.27,82.19,2.4
PHUKET,2019-02,15,27.85,78.08,0.23
PHUKET,2019-03,16,28.84,76.24,1.02
PHUKET,2019-04,7,29.42,78.27,4.16
PHUKET,2019-05,14,28.68,82.08,6.8
PHUKET,2019-06,24,28.56,82.86,9.89
PHUKET,2019-07,24,28.47,80.98,8.97
PHUKET,2019-08,24,28.2,82.35,12.0
PHUKET,2019-09,18,27.65,82.95,7.19
PHUKET,2019-10,15,27.72,82.13,9.09
PHUKET,2019-11,32,27.7,82.43,6.66
PHUKET,2019-12,17,26.97,82.78,2.8
PHUKET,2020-01,17,27.41,80.26,0.16
PHUKET,2020-02,9,27.9,76.65,0.44
PHUKET,2020-03,3,29.13,73.1,0.68
PHUKET,2020-04,2,29.12,77.7,6.27
PHUKET,2020-05,9,28.64,82.99,10.39
PHUKET,2020-06,22,27.99,82.12,11.92
PHUKET,2020-07,18,28.04,80.5,7.55
PHUKET,2020-08,10,28.27,81.52,6.97
PHUKET,2020-09,3,27.71,83.05,17.69
PHUKET,2020-10,3,27.29,84.87,19.93
PHUKET,2020-11,2,27.63,83.98,13.11
PHUKET,2020-12,1,27.15,82.83,14.25
PHUKET,2021-01,1,26.9,80.9,1.17
PHUKET,2021-02,0,27.49,76.59,0.22
PHUKET,2021-03,2,28.78,74.06,3.0
PHUKET,2021-04,0,28.3,80.42,7.48
PHUKET,2021-05,3,28.71,82.1,9.25
PHUKET,2021-06,4,28.37,82.02,6.61
PHUKET,2021-07,4,28.11,83.68,10.48
PHUKET,2021-08,0,27.55,84.15,11.99
PHUKET,2021-09,1,27.71,81.7,10.31
PHUKET,2021-10,0,27.73,83.33,9.33
PHUKET,2021-11,0,27.26,86.47,15.28
PHUKET,2021-12,0,27.03,82.46,4.91
PHUKET,2022-01,1,27.26,80.6,0.87
PHUKET,2022-02,1,27.53,83.61,7.87
PHUKET,2022-03,0,28.23,81.18,6.57
PHUKET,2022-04,8,28.35,82.87,6.42
PHUKET,2022-05,14,28.63,82.45,9.86
PHUKET,2022-06,22,27.93,82.27,7.08
PHUKET,2022-07,27,28.1,83.32,10.35
PHUKET,2022-08,40,27.93,83.08,8.91
PHUKET,2022-09,29,27.8,82.31,10.37
PHUKET,2022-10,34,27.25,84.08,14.39
PHUKET,2022-11,39,27.39,83.45,10.83
PHUKET,2022-12,63,27.01,83.04,7.55
PRACHUAP KHILIKHAN,2015-01,17,25.1,73.6,0.85
PRACHUAP KHILIKHAN,2015-02,18,26.28,74.33,0.21
PRACHUAP KHILIKHAN,2015-03,18,27.9,77.16,1.38
PRACHUAP KHILIKHAN,2015-04,40,28.76,73.86,2.44
PRACHUAP KHILIKHAN,2015-05,52,29.24,77.18,3.34
PRACHUAP KHILIKHAN,2015-06,107,28.44,78.54,6.57
PRACHUAP KHILIKHAN,2015-07,93,28.01,80.13,5.47
PRACHUAP KHILIKHAN,2015-08,103,27.42,81.72,5.62
PRACHUAP KHILIKHAN,2015-09,111,27.24,83.36,8.73
PRACHUAP KHILIKHAN,2015-10,86,27.7,81.13,5.3
PRACHUAP KHILIKHAN,2015-11,113,27.87,80.11,4.9
PRACHUAP KHILIKHAN,2015-12,61,27.37,75.19,1.36
PRACHUAP KHILIKHAN,2016-01,12,26.65,77.1,1.76
PRACHUAP KHILIKHAN,2016-02,18,26.64,71.4,0.21
PRACHUAP KHILIKHAN,2016-03,17,28.2,74.32,1.35
PRACHUAP KHILIKHAN,2016-04,6,30.06,71.95,0.92
PRACHUAP KHILIKHAN,2016-05,3,29.97,73.88,4.34
PRACHUAP KHILIKHAN,2016-06,2,28.16,81.17,8.76
PRACHUAP KHILIKHAN,2016-07,23,27.57,82.42,7.97
PRACHUAP KHILIKHAN,2016-08,34,27.69,83.23,6.52
PRACHUAP KHILIKHAN,2016-09,19,27.03,84.74,9.37
PRACHUAP KHILIKHAN,2016-10,13,26.8,85.73,13.07
PRACHUAP KHILIKHAN,2016-11,22,27.1,83.53,3.71
PRACHUAP KHILIKHAN,2016-12,13,25.78,81.81,4.39
PRACHUAP KHILIKHAN,2017-01,12,25.79,82.1,11.86
PRACHUAP KHILIKHAN,2017-02,11,26.12,75.47,0.77
PRACHUAP KHILIKHAN,2017-03,6,27.42,79.59,2.03
PRACHUAP KHILIKHAN,2017-04,8,27.99,80.8,2.27
PRACHUAP KHILIKHAN,2017-05,14,28.61,83.17,12.16
PRACHUAP KHILIKHAN,2017-06,30,27.85,83.69,6.26
PRACHUAP KHILIKHAN,2017-07,27,27.08,84.68,10.97
PRACHUAP KHILIKHAN,2017-08,39,27.31,84.31,7.6
PRACHUAP KHILIKHAN,2017-09,11,27.78,84.0,6.23
PRACHUAP KHILIKHAN,2017-10,12,27.55,82.88,5.26
PRACHUAP KHILIKHAN,2017-11,13,26.55,85.39,8.96
PRACHUAP KHILIKHAN,2017-12,16,25.22,81.54,2.15
PRACHUAP KHILIKHAN,2018-01,13,25.56,81.7,1.37
PRACHUAP KHILIKHAN,2018-02,19,25.88,78.3,1.58
PRACHUAP KHILIKHAN,2018-03,16,27.3,80.91,2.6
PRACHUAP KHILIKHAN,2018-04,17,27.87,79.72,7.85
PRACHUAP KHILIKHAN,2018-05,24,28.61,79.62,4.51
PRACHUAP KHILIKHAN,2018-06,22,27.7,82.53,7.69
PRACHUAP KHILIKHAN,2018-07,29,27.36,84.47,6.41
PRACHUAP KHILIKHAN,2018-08,30,26.95,84.29,8.04
PRACHUAP KHILIKHAN,2018-09,13,27.2,83.37,6.05
PRACHUAP KHILIKHAN,2018-10,13,27.64,81.61,11.99
PRACHUAP KHILIKHAN,2018-11,15,27.4,79.08,5.57
PRACHUAP KHILIKHAN,2018-12,19,27.02,80.18,3.37
PRACHUAP KHILIKHAN,2019-01,16,26.16,77.77,2.27
PRACHUAP KHILIKHAN,2019-02,21,26.59,81.55,0.29
PRACHUAP KHILIKHAN,2019-03,21,27.49,80.28,0.79
PRACHUAP KHILIKHAN,2019-04,21,29.37,76.74,0.85
PRACHUAP KHILIKHAN,2019-05,27,29.1,78.63,5.71
PRACHUAP KHILIKHAN,2019-06,48,28.39,82.79,8.69
PRACHUAP KHILIKHAN,2019-07,40,27.83,81.09,5.31
PRACHUAP KHILIKHAN,2019-08,16,27.25,84.97,9.15
PRACHUAP KHILIKHAN,2019-09,15,27.07,84.49,8.08
PRACHUAP KHILIKHAN,2019-10,12,28.11,79.05,4.43
PRACHUAP KHILIKHAN,2019-11,22,27.49,75.84,2.97
PRACHUAP KHILIKHAN,2019-12,16,25.58,77.44,0.98
PRACHUAP KHILIKHAN,2020-01,3,26.46,79.12,0.69
PRACHUAP KHILIKHAN,2020-02,2,26.84,76.11,1.59
PRACHUAP KHILIKHAN,2020-03,12,28.47,74.15,0.23
PRACHUAP KHILIKHAN,2020-04,4,28.85,76.11,3.28
PRACHUAP KHILIKHAN,2020-05,2,29.67,76.71,4.25
PRACHUAP KHILIKHAN,2020-06,7,28.03,83.5,12.95
PRACHUAP KHILIKHAN,2020-07,16,27.7,82.95,8.69
PRACHUAP KHILIKHAN,2020-08,12,27.7,83.3,7.28
PRACHUAP KHILIKHAN,2020-09,8,27.64,83.9,9.67
PRACHUAP KHILIKHAN,2020-10,11,26.67,84.95,17.36
PRACHUAP KHILIKHAN,2020-11,9,26.87,83.09,3.46
PRACHUAP KHILIKHAN,2020-12,10,25.53,81.37,3.0
PRACHUAP KHILIKHAN,2021-01,2,24.9,75.17,0.33
PRACHUAP KHILIKHAN,2021-02,2,26.22,77.23,1.08
PRACHUAP KHILIKHAN,2021-03,6,27.34,80.91,0.97
PRACHUAP KHILIKHAN,2021-04,6,28.19,79.64,4.63
PRACHUAP KHILIKHAN,2021-05,4,28.59,81.42,5.63
PRACHUAP KHILIKHAN,2021-06,6,28.03,81.96,4.93
PRACHUAP KHILIKHAN,2021-07,3,27.67,83.25,9.76
PRACHUAP KHILIKHAN,2021-08,2,27.45,84.37,10.72
PRACHUAP KHILIKHAN,2021-09,6,27.01,84.74,11.48
PRACHUAP KHILIKHAN,2021-10,6,27.17,84.79,11.6
PRACHUAP KHILIKHAN,2021-11,4,26.92,84.8,9.61
PRACHUAP KHILIKHAN,2021-12,4,25.04,80.96,1.05
PRACHUAP KHILIKHAN,2022-01,2,26.17,77.27,0.63
PRACHUAP KHILIKHAN,2022-02,0,26.61,81.01,7.61
PRACHUAP KHILIKHAN,2022-03,5,27.69,81.48,3.06
PRACHUAP KHILIKHAN,2022-04,4,28.17,78.16,1.58
PRACHUAP KHILIKHAN,2022-05,9,27.67,84.6,14.18
PRACHUAP KHILIKHAN,2022-06,28,27.73,83.65,5.47
PRACHUAP KHILIKHAN,2022-07,21,27.65,84.56,10.51
PRACHUAP KHILIKHAN,2022-08,12,27.39,83.85,8.65
PRACHUAP KHILIKHAN,2022-09,12,27.09,84.59,9.51
PRACHUAP KHILIKHAN,2022-10,14,26.76,84.18,14.27
PRACHUAP KHILIKHAN,2022-11,9,26.73,83.53,6.43
PRACHUAP KHILIKHAN,2022-12,12,25.68,79.03,3.42
RANONG,2015-01,17,23.56,84.87,0.99
RANONG,2015-02,11,24.71,80.31,0.16
RANONG,2015-03,9,27.44,73.07,0.74
RANONG,2015-04,11,27.77,75.24,4.53
RANONG,2015-05,13,26.87,85.86,6.05
RANONG,2015-06,47,25.92,88.85,9.11
RANONG,2015-07,41,25.63,90.33,11.93
RANONG,2015-08,26,25.24,91.09,12.98
RANONG,2015-09,15,25.0,91.85,16.86
RANONG,2015-10,12,25.63,90.67,6.92
RANONG,2015-11,21,25.43,91.9,6.97
RANONG,2015-12,15,25.14,88.95,4.06
RANONG,2016-01,13,25.11,87.72,2.86
RANONG,2016-02,12,24.94,82.91,0.61
RANONG,2016-03,4,27.54,73.71,1.28
RANONG,2016-04,5,29.8,66.82,0.36
RANONG,2016-05,7,28.6,76.96,10.74
RANONG,2016-06,9,25.66,91.12,11.23
RANONG,2016-07,16,25.34,91.86,11.51
RANONG,2016-08,16,25.32,92.96,13.77
RANONG,2016-09,5,24.68,92.94,14.26
RANONG,2016-10,9,24.72,92.71,15.21
RANONG,2016-11,8,25.44,91.24,5.88
RANONG,2016-12,6,24.49,91.25,9.35
RANONG,2017-01,9,24.34,90.5,16.78
RANONG,2017-02,10,24.39,86.11,1.65
RANONG,2017-03,17,25.98,84.48,2.39
RANONG,2017-04,20,26.19,88.31,4.41
RANONG,2017-05,25,26.46,90.47,12.51
RANONG,2017-06,25,25.66,91.58,11.2
RANONG,2017-07,12,25.04,92.04,13.48
RANONG,2017-08,11,25.11,92.91,12.88
RANONG,2017-09,11,25.43,91.92,12.64
RANONG,2017-10,7,25.37,90.62,6.8
RANONG,2017-11,13,25.02,92.26,7.44
RANONG,2017-12,6,24.26,88.46,6.82
RANONG,2018-01,7,24.47,88.63,2.96
RANONG,2018-02,9,24.68,85.82,1.86
RANONG,2018-03,20,26.6,80.76,2.32
RANONG,2018-04,19,26.79,83.21,7.6
RANONG,2018-05,28,26.43,88.24,9.52
RANONG,2018-06,37,25.36,90.82,13.44
RANONG,2018-07,10,25.26,91.95,15.22
RANONG,2018-08,13,25.07,92.21,15.45
RANONG,2018-09,9,25.1,91.21,9.09
RANONG,2018-10,4,25.51,90.53,9.6
RANONG,2018-11,7,25.42,89.81,7.95
RANONG,2018-12,8,25.19,90.84,6.01
RANONG,2019-01,17,24.56,88.11,4.69
RANONG,2019-02,12,25.15,85.81,0.99
RANONG,2019-03,13,26.94,77.77,0.51
RANONG,2019-04,9,28.83,73.51,2.62
RANONG,2019-05,33,26.26,89.55,10.05
RANONG,2019-06,32,26.05,91.77,11.74
RANONG,2019-07,34,25.69,90.02,9.12
RANONG,2019-08,8,25.18,92.96,18.53
RANONG,2019-09,3,25.0,92.01,13.25
RANONG,2019-10,4,25.76,89.43,6.39
RANONG,2019-11,2,25.23,88.05,6.64
RANONG,2019-12,6,24.24,86.84,1.77
RANONG,2020-01,4,24.92,85.3,0.43
RANONG,2020-02,5,25.44,81.31,1.66
RANONG,2020-03,6,28.55,66.85,0.01
RANONG,2020-04,11,28.32,74.31,5.18
RANONG,2020-05,24,27.65,82.86,6.57
RANONG,2020-06,17,25.58,92.13,14.66
RANONG,2020-07,12,25.47,90.87,10.9
RANONG,2020-08,15,25.61,90.32,9.64
RANONG,2020-09,10,25.41,92.02,17.86
RANONG,2020-10,8,24.86,92.34,15.7
RANONG,2020-11,7,25.4,89.61,5.86
RANONG,2020-12,5,24.26,89.37,8.05
RANONG,2021-01,19,23.81,84.89,0.65
RANONG,2021-02,9,24.97,81.98,0.29
RANONG,2021-03,6,26.83,77.07,1.29
RANONG,2021-04,2,26.31,85.24,5.75
RANONG,2021-05,11,26.41,88.92,10.32
RANONG,2021-06,21,25.62,91.08,8.84
RANONG,2021-07,8,25.5,92.05,17.45
RANONG,2021-08,14,25.22,92.63,15.21
RANONG,2021-09,0,25.14,91.5,13.25
RANONG,2021-10,0,25.25,92.33,16.0
RANONG,2021-11,0,25.16,93.58,18.5
RANONG,2021-12,0,24.15,87.22,2.83
RANONG,2022-01,4,24.7,85.44,0.55
RANONG,2022-02,3,25.21,88.86,10.29
RANONG,2022-03,4,26.02,87.52,6.05
RANONG,2022-04,9,26.27,88.06,4.8
RANONG,2022-05,8,25.8,92.18,19.1
RANONG,2022-06,8,25.49,91.57,7.73
RANONG,2022-07,14,25.53,92.26,16.21
RANONG,2022-08,11,25.41,92.03,8.62
RANONG,2022-09,18,24.95,91.54,14.45
RANONG,2022-10,12,24.91,92.77,17.69
RANONG,2022-11,18,24.89,91.47,12.32
RANONG,2022-12,35,24.3,87.74,4.67
RATCHABURI,2015-01,53,22.26,66.99,0.75
RATCHABURI,2015-02,60,25.03,64.29,0.86
RATCHABURI,2015-03,147,27.88,65.48,1.41
RATCHABURI,2015-04,138,28.71,63.4,1.94
RATCHABURI,2015-05,198,28.37,71.15,1.85
RATCHABURI,2015-06,308,27.05,75.76,5.32
RATCHABURI,2015-07,520,26.15,77.26,3.95
RATCHABURI,2015-08,593,25.81,79.4,3.16
RATCHABURI,2015-09,514,25.49,83.71,8.94
RATCHABURI,2015-10,232,25.34,85.64,6.23
RATCHABURI,2015-11,195,25.26,82.74,1.79
RATCHABURI,2015-12,34,24.68,72.68,0.25
RATCHABURI,2016-01,50,24.45,69.1,1.13
RATCHABURI,2016-02,41,25.24,58.56,0.03
RATCHABURI,2016-03,23,29.04,53.26,0.48
RATCHABURI,2016-04,13,31.48,52.77,0.35
RATCHABURI,2016-05,2,29.39,66.4,3.26
RATCHABURI,2016-06,10,26.59,80.31,5.94
RATCHABURI,2016-07,29,25.99,80.28,3.92
RATCHABURI,2016-08,35,26.06,80.08,5.35
RATCHABURI,2016-09,39,25.08,85.84,7.07
RATCHABURI,2016-10,14,24.81,88.78,12.57
RATCHABURI,2016-11,5,24.0,87.71,1.49
RATCHABURI,2016-12,3,21.99,83.09,0.14
RATCHABURI,2017-01,10,22.94,82.56,3.47
RATCHABURI,2017-02,3,24.13,70.46,0.11
RATCHABURI,2017-03,6,27.12,67.98,2.03
RATCHABURI,2017-04,5,27.56,72.31,1.45
RATCHABURI,2017-05,7,27.21,82.17,9.76
RATCHABURI,2017-06,22,26.02,83.4,3.28
RATCHABURI,2017-07,47,24.87,85.34,9.84
RATCHABURI,2017-08,66,25.19,85.06,6.27
RATCHABURI,2017-09,65,25.92,85.94,7.9
RATCHABURI,2017-10,49,24.98,88.31,8.02
RATCHABURI,2017-11,55,23.28,89.37,5.69
RATCHABURI,2017-12,55,21.47,84.52,0.93
RATCHABURI,2018-01,51,23.37,80.97,0.43
RATCHABURI,2018-02,49,23.85,78.76,1.08
RATCHABURI,2018-03,62,26.14,75.04,1.22
RATCHABURI,2018-04,42,27.0,75.43,5.82
RATCHABURI,2018-05,53,26.72,82.07,4.13
RATCHABURI,2018-06,144,25.68,82.51,4.05
RATCHABURI,2018-07,160,25.34,82.73,4.13
RATCHABURI,2018-08,133,24.91,82.74,4.66
RATCHABURI,2018-09,113,25.34,84.75,4.85
RATCHABURI,2018-10,134,25.3,86.37,9.36
RATCHABURI,2018-11,126,24.41,81.46,2.2
RATCHABURI,2018-12,119,24.31,79.21,1.59
RATCHABURI,2019-01,144,23.87,72.47,0.33
RATCHABURI,2019-02,90,26.75,69.49,0.06
RATCHABURI,2019-03,111,28.02,60.5,0.4
RATCHABURI,2019-04,44,30.79,57.53,0.37
RATCHABURI,2019-05,41,27.74,75.24,4.17
RATCHABURI,2019-06,86,26.65,82.41,5.88
RATCHABURI,2019-07,137,25.92,78.0,3.09
RATCHABURI,2019-08,166,25.45,83.25,6.6
RATCHABURI,2019-09,173,25.28,84.0,6.81
RATCHABURI,2019-10,173,25.77,84.36,3.69
RATCHABURI,2019-11,145,24.74,77.22,1.52
RATCHABURI,2019-12,83,23.38,68.73,0.0
RATCHABURI,2020-01,90,26.01,64.59,0.03
RATCHABURI,2020-02,50,26.34,58.08,0.23
RATCHABURI,2020-03,24,29.72,53.86,0.28
RATCHABURI,2020-04,30,29.07,63.08,3.75
RATCHABURI,2020-05,44,28.6,72.31,2.35
RATCHABURI,2020-06,61,26.18,83.79,6.93
RATCHABURI,2020-07,95,26.01,83.65,6.47
RATCHABURI,2020-08,71,25.83,82.45,4.33
RATCHABURI,2020-09,66,25.65,86.61,10.84
RATCHABURI,2020-10,47,24.01,90.11,18.02
RATCHABURI,2020-11,33,23.8,87.95,2.6
RATCHABURI,2020-12,22,21.72,84.07,0.01
RATCHABURI,2021-01,17,21.28,75.9,0.01
RATCHABURI,2021-02,20,24.15,73.38,0.9
RATCHABURI,2021-03,13,26.83,73.85,1.16
RATCHABURI,2021-04,7,26.37,81.03,3.77
RATCHABURI,2021-05,22,26.99,82.0,5.65
RATCHABURI,2021-06,35,25.86,83.09,3.17
RATCHABURI,2021-07,20,25.47,84.38,9.45
RATCHABURI,2021-08,20,25.6,85.2,6.54
RATCHABURI,2021-09,21,24.95,87.73,10.69
RATCHABURI,2021-10,23,25.0,89.11,10.74
RATCHABURI,2021-11,21,23.74,89.33,2.14
RATCHABURI,2021-12,17,21.1,84.14,0.06
RATCHABURI,2022-01,28,23.34,78.88,0.6
RATCHABURI,2022-02,12,24.2,81.32,6.24
RATCHABURI,2022-03,25,26.37,81.32,3.46
RATCHABURI,2022-04,22,26.54,76.46,2.22
RATCHABURI,2022-05,31,25.54,85.13,8.98
RATCHABURI,2022-06,40,25.91,84.67,4.41
RATCHABURI,2022-07,52,25.73,85.36,4.98
RATCHABURI,2022-08,96,25.23,85.49,7.06
RATCHABURI,2022-09,122,24.89,87.45,8.74
RATCHABURI,2022-10,88,23.9,89.89,13.28
RATCHABURI,2022-11,85,24.24,87.59,2.9
RATCHABURI,2022-12,65,21.68,83.73,0.14
RAYONG,2015-01,72,24.81,67.2,0.14
RAYONG,2015-02,31,26.91,67.53,0.74
RAYONG,2015-03,76,28.64,72.21,1.8
RAYONG,2015-04,114,29.6,68.21,2.02
RAYONG,2015-05,201,29.61,74.35,2.88
RAYONG,2015-06,317,28.38,78.72,7.46
RAYONG,2015-07,342,28.11,78.84,3.93
RAYONG,2015-08,270,27.44,82.11,5.78
RAYONG,2015-09,220,27.17,84.18,11.99
RAYONG,2015-10,193,27.13,83.84,6.35
RAYONG,2015-11,212,27.01,82.42,2.55
RAYONG,2015-12,97,26.4,75.38,0.83
RAYONG,2016-01,59,26.58,73.04,1.91
RAYONG,2016-02,45,27.02,62.62,0.34
RAYONG,2016-03,41,29.15,68.52,0.43
RAYONG,2016-04,33,30.87,65.95,0.4
RAYONG,2016-05,23,30.49,69.19,3.71
RAYONG,2016-06,32,27.95,82.54,9.91
RAYONG,2016-07,78,27.25,84.06,7.47
RAYONG,2016-08,68,27.55,84.1,6.25
RAYONG,2016-09,31,26.83,86.53,10.1
RAYONG,2016-10,40,26.85,87.04,8.95
RAYONG,2016-11,23,26.24,85.88,3.06
RAYONG,2016-12,7,24.31,82.71,0.36
RAYONG,2017-01,11,25.31,79.05,3.08
RAYONG,2017-02,11,26.52,69.04,0.69
RAYONG,2017-03,8,28.18,73.29,2.73
RAYONG,2017-04,27,28.8,74.91,2.62
RAYONG,2017-05,39,28.49,82.92,11.9
RAYONG,2017-06,39,27.75,84.41,5.52
RAYONG,2017-07,55,26.82,85.83,12.9
RAYONG,2017-08,47,27.1,85.75,6.46
RAYONG,2017-09,22,27.55,85.89,7.99
RAYONG,2017-10,13,26.85,87.06,7.54
RAYONG,2017-11,32,25.7,86.79,3.33
RAYONG,2017-12,43,24.07,81.27,0.63
RAYONG,2018-01,24,25.47,78.87,1.66
RAYONG,2018-02,9,26.14,71.4,1.45
RAYONG,2018-03,37,28.01,74.15,2.33
RAYONG,2018-04,45,28.42,75.36,6.05
RAYONG,2018-05,114,28.21,82.0,4.25
RAYONG,2018-06,136,27.72,81.82,5.31
RAYONG,2018-07,119,27.44,82.92,4.06
RAYONG,2018-08,150,27.04,82.12,6.29
RAYONG,2018-09,70,27.08,84.76,10.16
RAYONG,2018-10,95,27.13,84.68,6.93
RAYONG,2018-11,105,26.34,81.58,1.96
RAYONG,2018-12,74,26.41,77.36,0.88
RAYONG,2019-01,67,26.46,69.19,0.26
RAYONG,2019-02,45,27.99,72.98,0.5
RAYONG,2019-03,50,28.74,71.36,1.71
RAYONG,2019-04,68,29.71,73.07,2.38
RAYONG,2019-05,85,29.53,76.14,6.0
RAYONG,2019-06,242,28.33,83.26,7.54
RAYONG,2019-07,377,27.71,80.75,5.0
RAYONG,2019-08,251,27.37,83.71,4.84
RAYONG,2019-09,164,27.01,85.07,9.86
RAYONG,2019-10,151,27.52,82.8,4.28
RAYONG,2019-11,198,26.31,77.85,1.23
RAYONG,2019-12,101,25.6,69.8,0.06
RAYONG,2020-01,75,27.96,68.61,0.27
RAYONG,2020-02,67,28.35,62.98,0.54
RAYONG,2020-03,56,29.53,68.96,1.19
RAYONG,2020-04,76,29.35,72.5,4.74
RAYONG,2020-05,177,29.35,78.87,5.05
RAYONG,2020-06,270,27.89,84.29,11.06
RAYONG,2020-07,369,27.49,85.16,6.93
RAYONG,2020-08,362,27.44,84.82,6.03
RAYONG,2020-09,144,27.27,86.91,13.13
RAYONG,2020-10,84,25.89,88.24,15.16
RAYONG,2020-11,69,25.83,86.17,1.63
RAYONG,2020-12,51,24.24,81.56,0.54
RAYONG,2021-01,10,24.39,69.5,0.03
RAYONG,2021-02,14,27.26,66.86,1.39
RAYONG,2021-03,12,28.56,73.74,2.45
RAYONG,2021-04,11,28.3,79.31,6.09
RAYONG,2021-05,20,28.47,82.66,6.02
RAYONG,2021-06,16,27.84,82.88,4.96
RAYONG,2021-07,10,27.39,84.78,9.55
RAYONG,2021-08,4,27.25,85.92,9.8
RAYONG,2021-09,2,26.63,87.68,15.03
RAYONG,2021-10,6,26.7,88.09,10.34
RAYONG,2021-11,7,25.98,86.58,3.05
RAYONG,2021-12,1,23.65,81.69,0.19
RAYONG,2022-01,4,26.22,74.49,0.77
RAYONG,2022-02,1,26.7,76.17,3.88
RAYONG,2022-03,6,28.2,78.12,3.0
RAYONG,2022-04,5,28.62,73.12,2.6
RAYONG,2022-05,20,27.76,81.45,6.37
RAYONG,2022-06,45,27.88,82.86,5.75
RAYONG,2022-07,60,27.51,85.19,8.85
RAYONG,2022-08,80,27.07,85.27,11.41
RAYONG,2022-09,64,26.71,87.26,15.98
RAYONG,2022-10,109,25.97,86.62,7.64
RAYONG,2022-11,109,26.01,85.43,5.01
RAYONG,2022-12,114,23.93,80.78,0.19
ROI ET,2015-01,10,23.3,51.28,0.01
ROI ET,2015-02,4,26.55,55.29,1.14
ROI ET,2015-03,13,30.54,51.13,1.16
ROI ET,2015-04,32,31.57,46.45,1.43
ROI ET,2015-05,99,30.39,65.26,2.95
ROI ET,2015-06,146,29.5,68.9,3.02
ROI ET,2015-07,172,27.47,78.81,7.25
ROI ET,2015-08,207,26.45,88.27,7.77
ROI ET,2015-09,201,26.51,87.84,5.31
ROI ET,2015-10,121,25.74,82.92,3.76
ROI ET,2015-11,133,26.86,74.69,0.75
ROI ET,2015-12,80,25.97,58.75,0.0
ROI ET,2016-01,76,25.96,54.5,0.71
ROI ET,2016-02,64,24.23,46.5,0.02
ROI ET,2016-03,75,30.73,40.07,0.03
ROI ET,2016-04,31,33.91,42.84,2.42
ROI ET,2016-05,15,30.31,68.64,4.42
ROI ET,2016-06,61,28.4,77.34,7.96
ROI ET,2016-07,111,26.54,87.15,7.52
ROI ET,2016-08,137,26.77,86.6,7.8
ROI ET,2016-09,106,26.38,89.41,11.58
ROI ET,2016-10,78,26.34,86.48,3.65
ROI ET,2016-11,32,24.18,85.03,1.41
ROI ET,2016-12,12,22.88,74.36,0.03
ROI ET,2017-01,9,24.88,64.05,0.05
ROI ET,2017-02,7,25.4,53.91,0.13
ROI ET,2017-03,8,28.37,60.66,2.91
ROI ET,2017-04,15,29.98,60.57,1.95
ROI ET,2017-05,26,28.02,79.75,8.78
ROI ET,2017-06,115,26.85,87.27,8.67
ROI ET,2017-07,89,25.93,90.74,15.74
ROI ET,2017-08,74,26.55,89.65,7.7
ROI ET,2017-09,29,27.07,88.27,8.83
ROI ET,2017-10,11,25.23,87.84,4.17
ROI ET,2017-11,4,23.67,82.75,0.17
ROI ET,2017-12,3,22.12,71.37,0.17
ROI ET,2018-01,3,24.55,61.6,0.06
ROI ET,2018-02,4,25.0,54.93,0.52
ROI ET,2018-03,5,28.27,57.47,2.11
ROI ET,2018-04,12,29.7,58.18,2.81
ROI ET,2018-05,111,28.56,76.2,6.12
ROI ET,2018-06,236,26.97,85.13,7.05
ROI ET,2018-07,169,26.01,89.19,12.75
ROI ET,2018-08,160,25.85,89.73,6.78
ROI ET,2018-09,81,26.68,87.51,6.94
ROI ET,2018-10,24,26.06,84.14,1.08
ROI ET,2018-11,30,25.58,75.43,0.26
ROI ET,2018-12,33,25.15,65.39,0.23
ROI ET,2019-01,32,25.08,58.52,0.0
ROI ET,2019-02,51,29.99,47.75,0.64
ROI ET,2019-03,51,31.71,45.3,0.74
ROI ET,2019-04,55,31.36,60.59,2.78
ROI ET,2019-05,164,29.36,73.49,5.4
ROI ET,2019-06,482,28.93,77.14,3.0
ROI ET,2019-07,507,27.65,78.02,6.16
ROI ET,2019-08,325,26.72,86.26,17.61
ROI ET,2019-09,234,26.07,88.51,11.91
ROI ET,2019-10,151,26.31,82.29,0.72
ROI ET,2019-11,85,25.34,72.59,0.16
ROI ET,2019-12,31,23.96,61.97,0.0
ROI ET,2020-01,33,26.52,55.29,0.1
ROI ET,2020-02,22,27.13,49.51,0.01
ROI ET,2020-03,35,30.69,54.45,1.84
ROI ET,2020-04,75,29.32,61.69,2.98
ROI ET,2020-05,128,30.32,69.26,4.18
ROI ET,2020-06,140,27.89,81.81,3.7
ROI ET,2020-07,208,27.46,84.52,7.54
ROI ET,2020-08,164,26.59,89.14,11.21
ROI ET,2020-09,95,27.03,88.01,8.54
ROI ET,2020-10,30,24.23,90.45,8.17
ROI ET,2020-11,10,23.62,85.3,0.13
ROI ET,2020-12,4,21.49,75.89,0.0
ROI ET,2021-01,4,21.45,62.47,0.0
ROI ET,2021-02,1,25.59,56.5,0.93
ROI ET,2021-03,3,29.99,54.2,2.14
ROI ET,2021-04,3,29.36,68.35,4.36
ROI ET,2021-05,11,28.86,78.06,4.96
ROI ET,2021-06,37,27.31,85.07,6.71
ROI ET,2021-07,18,26.78,87.06,7.35
ROI ET,2021-08,26,27.03,86.46,7.06
ROI ET,2021-09,35,26.34,89.45,12.38
ROI ET,2021-10,27,25.44,88.38,5.4
ROI ET,2021-11,1,23.53,83.61,0.05
ROI ET,2021-12,7,21.36,75.13,0.02
ROI ET,2022-01,12,25.06,63.65,0.21
ROI ET,2022-02,7,24.27,63.12,1.15
ROI ET,2022-03,1,28.74,64.59,3.68
ROI ET,2022-04,3,27.73,66.48,2.44
ROI ET,2022-05,26,26.47,83.12,9.14
ROI ET,2022-06,132,26.86,86.86,5.71
ROI ET,2022-07,79,26.96,88.19,9.79
ROI ET,2022-08,74,26.56,88.98,9.44
ROI ET,2022-09,59,26.4,89.74,12.92
ROI ET,2022-10,39,24.31,87.15,3.81
ROI ET,2022-11,21,25.06,83.24,1.56
ROI ET,2022-12,9,21.34,73.11,0.01
SA KAEO,2015-01,8,24.52,59.5,0.1
SA KAEO,2015-02,8,27.39,58.0,0.93
SA KAEO,2015-03,7,29.93,62.36,1.95
SA KAEO,2015-04,11,30.14,62.93,1.45
SA KAEO,2015-05,23,30.24,67.94,2.44
SA KAEO,2015-06,78,28.21,77.56,7.41
SA KAEO,2015-07,125,27.1,82.88,5.92
SA KAEO,2015-08,204,26.28,88.75,8.59
SA KAEO,2015-09,186,26.4,88.69,9.89
SA KAEO,2015-10,97,26.3,85.58,5.21
SA KAEO,2015-11,75,26.35,83.24,1.96
SA KAEO,2015-12,38,26.41,68.4,0.37
SA KAEO,2016-01,31,26.87,64.88,1.04
SA KAEO,2016-02,23,27.58,48.44,0.08
SA KAEO,2016-03,12,31.15,53.45,0.41
SA KAEO,2016-04,12,32.31,55.82,1.19
SA KAEO,2016-05,5,30.29,68.79,3.27
SA KAEO,2016-06,5,27.59,82.86,9.26
SA KAEO,2016-07,11,26.36,88.11,7.11
SA KAEO,2016-08,8,26.7,88.12,6.55
SA KAEO,2016-09,20,26.17,89.7,7.79
SA KAEO,2016-10,16,26.5,88.21,5.9
SA KAEO,2016-11,4,25.67,85.75,2.07
SA KAEO,2016-12,5,24.58,75.48,0.06
SA KAEO,2017-01,1,26.23,67.03,1.42
SA KAEO,2017-02,4,27.14,57.67,0.93
SA KAEO,2017-03,5,28.69,67.24,3.07
SA KAEO,2017-04,9,29.4,69.71,2.48
SA KAEO,2017-05,32,28.1,83.31,11.52
SA KAEO,2017-06,90,26.73,89.46,6.44
SA KAEO,2017-07,66,25.81,90.95,9.99
SA KAEO,2017-08,86,26.32,90.02,8.26
SA KAEO,2017-09,23,26.75,89.74,7.05
SA KAEO,2017-10,10,26.17,88.03,7.76
SA KAEO,2017-11,6,24.91,87.14,1.82
SA KAEO,2017-12,0,24.0,74.89,0.3
SA KAEO,2018-01,4,25.82,69.96,2.35
SA KAEO,2018-02,2,26.13,64.07,0.89
SA KAEO,2018-03,6,28.68,67.03,2.57
SA KAEO,2018-04,9,28.53,72.38,4.93
SA KAEO,2018-05,18,28.41,78.92,4.34
SA KAEO,2018-06,69,26.7,86.79,6.32
SA KAEO,2018-07,51,26.33,88.53,7.39
SA KAEO,2018-08,58,25.89,88.39,6.75
SA KAEO,2018-09,36,26.26,88.61,9.93
SA KAEO,2018-10,16,26.54,85.86,4.75
SA KAEO,2018-11,9,26.02,79.88,0.7
SA KAEO,2018-12,8,27.16,66.41,0.75
SA KAEO,2019-01,16,27.12,55.2,0.02
SA KAEO,2019-02,30,29.92,58.22,0.23
SA KAEO,2019-03,38,30.09,62.15,2.0
SA KAEO,2019-04,57,29.95,70.31,2.09
SA KAEO,2019-05,110,29.08,77.06,4.8
SA KAEO,2019-06,184,27.79,84.57,9.05
SA KAEO,2019-07,201,26.38,87.58,5.66
SA KAEO,2019-08,189,26.48,87.9,5.71
SA KAEO,2019-09,111,26.23,88.28,12.17
SA KAEO,2019-10,69,26.79,84.97,2.28
SA KAEO,2019-11,39,25.92,76.19,0.54
SA KAEO,2019-12,18,25.78,60.12,0.01
SA KAEO,2020-01,34,28.44,55.86,0.23
SA KAEO,2020-02,14,28.73,50.42,0.23
SA KAEO,2020-03,8,30.27,64.17,2.31
SA KAEO,2020-04,17,29.21,70.97,4.65
SA KAEO,2020-05,45,29.27,77.41,4.27
SA KAEO,2020-06,56,26.97,88.72,10.06
SA KAEO,2020-07,75,26.78,88.22,6.64
SA KAEO,2020-08,65,26.55,89.41,7.97
SA KAEO,2020-09,39,26.68,89.49,11.92
SA KAEO,2020-10,19,25.05,91.27,15.71
SA KAEO,2020-11,3,24.83,87.62,1.29
SA KAEO,2020-12,3,23.57,78.62,0.15
SA KAEO,2021-01,6,24.37,60.88,0.0
SA KAEO,2021-02,5,27.5,57.05,0.84
SA KAEO,2021-03,0,29.68,65.04,2.17
SA KAEO,2021-04,1,28.12,78.51,9.88
SA KAEO,2021-05,5,27.89,85.49,4.86
SA KAEO,2021-06,7,26.75,88.89,8.19
SA KAEO,2021-07,1,26.43,89.73,10.57
SA KAEO,2021-08,0,26.67,88.7,9.07
SA KAEO,2021-09,2,26.09,90.36,14.3
SA KAEO,2021-10,4,25.92,90.76,9.44
SA KAEO,2021-11,0,24.93,87.8,1.47
SA KAEO,2021-12,0,22.89,79.51,0.14
SA KAEO,2022-01,2,26.43,66.67,0.41
SA KAEO,2022-02,4,26.49,71.76,4.47
SA KAEO,2022-03,0,28.35,75.36,3.22
SA KAEO,2022-04,5,28.24,71.25,3.47
SA KAEO,2022-05,7,27.07,84.24,7.23
SA KAEO,2022-06,15,27.07,86.78,4.2
SA KAEO,2022-07,13,26.89,88.05,9.95
SA KAEO,2022-08,22,26.15,90.5,16.58
SA KAEO,2022-09,15,25.82,91.36,16.2
SA KAEO,2022-10,16,25.19,88.44,5.61
SA KAEO,2022-11,11,25.36,86.7,3.23
SA KAEO,2022-12,10,23.38,76.48,0.01
SAKON NAKHON,2015-01,1,19.95,65.87,0.15
SAKON NAKHON,2015-02,0,24.12,62.8,1.58
SAKON NAKHON,2015-03,0,29.06,55.97,1.28
SAKON NAKHON,2015-04,7,30.47,48.2,1.31
SAKON NAKHON,2015-05,76,30.73,63.31,4.32
SAKON NAKHON,2015-06,155,29.19,70.02,2.89
SAKON NAKHON,2015-07,144,27.57,79.48,11.68
SAKON NAKHON,2015-08,99,26.61,88.33,8.26
SAKON NAKHON,2015-09,35,26.61,88.02,5.58
SAKON NAKHON,2015-10,14,25.23,82.99,2.93
SAKON NAKHON,2015-11,12,24.87,82.03,0.75
SAKON NAKHON,2015-12,4,21.74,73.39,0.1
SAKON NAKHON,2016-01,1,22.29,66.1,0.96
SAKON NAKHON,2016-02,1,21.23,52.4,0.02
SAKON NAKHON,2016-03,8,28.66,44.17,0.06
SAKON NAKHON,2016-04,10,33.26,45.66,2.16
SAKON NAKHON,2016-05,14,30.67,65.39,5.97
SAKON NAKHON,2016-06,29,28.22,79.77,8.26
SAKON NAKHON,2016-07,39,26.7,87.06,7.95
SAKON NAKHON,2016-08,16,26.78,87.44,13.14
SAKON NAKHON,2016-09,11,26.63,88.4,10.73
SAKON NAKHON,2016-10,4,26.03,86.29,3.5
SAKON NAKHON,2016-11,0,22.76,84.12,1.91
SAKON NAKHON,2016-12,1,20.05,80.96,0.08
SAKON NAKHON,2017-01,3,21.63,77.44,0.1
SAKON NAKHON,2017-02,1,22.41,65.67,0.48
SAKON NAKHON,2017-03,6,26.47,68.36,4.15
SAKON NAKHON,2017-04,10,28.5,65.1,2.83
SAKON NAKHON,2017-05,35,27.88,78.12,8.86
SAKON NAKHON,2017-06,26,26.71,88.47,11.6
SAKON NAKHON,2017-07,21,26.12,91.13,21.63
SAKON NAKHON,2017-08,27,26.41,90.57,10.21
SAKON NAKHON,2017-09,3,27.25,87.22,9.91
SAKON NAKHON,2017-10,2,24.83,87.43,5.68
SAKON NAKHON,2017-11,1,22.05,83.31,0.11
SAKON NAKHON,2017-12,0,18.91,79.9,0.45
SAKON NAKHON,2018-01,0,20.93,75.14,0.13
SAKON NAKHON,2018-02,2,21.87,67.59,1.41
SAKON NAKHON,2018-03,2,26.27,62.68,1.65
SAKON NAKHON,2018-04,7,28.31,61.65,3.97
SAKON NAKHON,2018-05,15,27.96,79.02,6.83
SAKON NAKHON,2018-06,49,26.9,86.35,10.49
SAKON NAKHON,2018-07,33,26.03,90.42,18.58
SAKON NAKHON,2018-08,31,25.91,91.08,10.17
SAKON NAKHON,2018-09,8,26.74,86.78,6.23
SAKON NAKHON,2018-10,4,25.32,84.71,0.97
SAKON NAKHON,2018-11,2,23.53,82.86,0.17
SAKON NAKHON,2018-12,4,21.23,77.66,0.54
SAKON NAKHON,2019-01,7,21.58,71.49,0.02
SAKON NAKHON,2019-02,6,26.83,62.42,1.19
SAKON NAKHON,2019-03,15,29.38,57.02,1.15
SAKON NAKHON,2019-04,30,32.01,56.31,2.6
SAKON NAKHON,2019-05,37,29.43,73.57,6.25
SAKON NAKHON,2019-06,136,28.0,84.14,8.04
SAKON NAKHON,2019-07,100,26.73,86.34,9.43
SAKON NAKHON,2019-08,38,26.42,89.46,18.45
SAKON NAKHON,2019-09,22,26.05,87.04,8.35
SAKON NAKHON,2019-10,5,25.79,83.23,1.75
SAKON NAKHON,2019-11,3,22.51,82.99,0.18
SAKON NAKHON,2019-12,1,20.36,74.56,0.03
SAKON NAKHON,2020-01,5,23.14,69.9,0.34
SAKON NAKHON,2020-02,1,24.61,59.81,0.06
SAKON NAKHON,2020-03,5,28.3,63.42,3.53
SAKON NAKHON,2020-04,7,28.04,61.98,1.64
SAKON NAKHON,2020-05,23,30.44,68.53,6.73
SAKON NAKHON,2020-06,51,27.63,84.89,4.46
SAKON NAKHON,2020-07,46,27.42,85.84,7.53
SAKON NAKHON,2020-08,6,26.61,88.89,12.82
SAKON NAKHON,2020-09,7,27.27,86.56,5.59
SAKON NAKHON,2020-10,1,23.66,87.07,7.54
SAKON NAKHON,2020-11,2,22.65,83.8,0.17
SAKON NAKHON,2020-12,2,18.89,79.37,0.03
SAKON NAKHON,2021-01,0,18.31,71.91,0.01
SAKON NAKHON,2021-02,1,23.4,66.89,1.17
SAKON NAKHON,2021-03,0,27.82,62.88,2.33
SAKON NAKHON,2021-04,1,28.72,68.66,5.04
SAKON NAKHON,2021-05,23,28.75,77.45,3.93
SAKON NAKHON,2021-06,29,27.13,86.7,9.76
SAKON NAKHON,2021-07,21,27.11,86.77,10.27
SAKON NAKHON,2021-08,7,26.95,87.65,6.45
SAKON NAKHON,2021-09,6,26.63,87.73,10.23
SAKON NAKHON,2021-10,2,24.49,86.62,5.08
SAKON NAKHON,2021-11,2,22.18,82.14,0.07
SAKON NAKHON,2021-12,1,18.78,79.65,0.03
SAKON NAKHON,2022-01,3,21.84,75.16,0.28
SAKON NAKHON,2022-02,5,20.87,71.88,2.02
SAKON NAKHON,2022-03,1,27.19,69.39,2.99
SAKON NAKHON,2022-04,10,27.34,64.96,2.69
SAKON NAKHON,2022-05,6,26.09,82.79,9.91
SAKON NAKHON,2022-06,23,26.88,87.29,6.01
SAKON NAKHON,2022-07,17,27.25,87.48,10.63
SAKON NAKHON,2022-08,11,26.68,88.66,10.82
SAKON NAKHON,2022-09,7,26.84,87.55,9.3
SAKON NAKHON,2022-10,3,23.75,85.39,2.45
SAKON NAKHON,2022-11,2,24.34,84.63,1.24
SAKON NAKHON,2022-12,1,18.57,78.16,0.03
SAMUT PRAKARN,2015-01,60,25.73,63.07,0.2
SAMUT PRAKARN,2015-02,59,27.9,63.64,0.45
SAMUT PRAKARN,2015-03,57,29.42,70.96,2.43
SAMUT PRAKARN,2015-04,48,29.9,69.05,2.11
SAMUT PRAKARN,2015-05,83,30.42,71.83,1.39
SAMUT PRAKARN,2015-06,77,29.66,72.88,5.25
SAMUT PRAKARN,2015-07,116,29.35,72.12,3.08
SAMUT PRAKARN,2015-08,141,28.61,76.17,4.12
SAMUT PRAKARN,2015-09,143,27.99,80.84,9.38
SAMUT PRAKARN,2015-10,176,27.8,81.6,5.83
SAMUT PRAKARN,2015-11,297,28.04,78.81,1.64
SAMUT PRAKARN,2015-12,195,27.66,69.9,0.65
SAMUT PRAKARN,2016-01,141,27.32,69.94,1.62
SAMUT PRAKARN,2016-02,71,27.78,59.65,0.15
SAMUT PRAKARN,2016-03,53,30.12,63.86,0.42
SAMUT PRAKARN,2016-04,21,31.77,63.8,0.32
SAMUT PRAKARN,2016-05,15,31.13,68.15,2.97
SAMUT PRAKARN,2016-06,9,28.8,79.56,7.67
SAMUT PRAKARN,2016-07,19,28.02,81.25,4.47
SAMUT PRAKARN,2016-08,40,28.45,79.6,5.44
SAMUT PRAKARN,2016-09,27,27.38,84.15,9.39
SAMUT PRAKARN,2016-10,39,27.39,85.25,9.5
SAMUT PRAKARN,2016-11,27,26.72,83.99,2.49
SAMUT PRAKARN,2016-12,38,24.93,79.17,0.13
SAMUT PRAKARN,2017-01,25,26.24,74.79,2.21
SAMUT PRAKARN,2017-02,20,27.67,63.32,0.18
SAMUT PRAKARN,2017-03,23,29.61,67.09,2.01
SAMUT PRAKARN,2017-04,15,29.9,70.95,1.63
SAMUT PRAKARN,2017-05,14,29.4,80.37,10.06
SAMUT PRAKARN,2017-06,33,28.49,81.94,4.38
SAMUT PRAKARN,2017-07,77,27.46,83.73,10.69
SAMUT PRAKARN,2017-08,64,27.65,83.4,6.72
SAMUT PRAKARN,2017-09,41,28.19,84.06,6.9
SAMUT PRAKARN,2017-10,42,27.49,84.85,8.19
SAMUT PRAKARN,2017-11,45,26.16,84.67,2.48
SAMUT PRAKARN,2017-12,28,24.77,77.61,0.84
SAMUT PRAKARN,2018-01,32,26.46,74.49,1.77
SAMUT PRAKARN,2018-02,30,26.88,70.76,1.97
SAMUT PRAKARN,2018-03,44,28.75,73.47,1.68
SAMUT PRAKARN,2018-04,44,29.23,73.7,5.96
SAMUT PRAKARN,2018-05,89,28.89,80.63,3.77
SAMUT PRAKARN,2018-06,103,28.64,77.67,3.56
SAMUT PRAKARN,2018-07,101,28.37,78.23,3.8
SAMUT PRAKARN,2018-08,102,27.97,78.01,4.51
SAMUT PRAKARN,2018-09,67,27.83,81.98,9.01
SAMUT PRAKARN,2018-10,50,27.81,82.71,7.08
SAMUT PRAKARN,2018-11,92,26.94,78.82,1.35
SAMUT PRAKARN,2018-12,87,27.28,73.14,1.2
SAMUT PRAKARN,2019-01,67,27.14,66.7,0.12
SAMUT PRAKARN,2019-02,45,29.03,70.19,0.29
SAMUT PRAKARN,2019-03,47,29.69,68.77,0.69
SAMUT PRAKARN,2019-04,11,31.07,68.8,1.54
SAMUT PRAKARN,2019-05,17,30.63,70.59,4.64
SAMUT PRAKARN,2019-06,26,29.24,79.58,5.4
SAMUT PRAKARN,2019-07,73,28.63,76.01,3.53
SAMUT PRAKARN,2019-08,61,28.4,78.8,4.04
SAMUT PRAKARN,2019-09,76,27.86,81.16,8.29
SAMUT PRAKARN,2019-10,104,28.39,80.22,4.14
SAMUT PRAKARN,2019-11,141,27.49,72.47,0.81
SAMUT PRAKARN,2019-12,83,26.72,65.13,0.01
SAMUT PRAKARN,2020-01,55,29.07,64.28,0.22
SAMUT PRAKARN,2020-02,43,29.11,60.97,0.29
SAMUT PRAKARN,2020-03,26,30.36,66.55,0.63
SAMUT PRAKARN,2020-04,13,30.3,70.01,3.37
SAMUT PRAKARN,2020-05,16,30.71,72.89,2.56
SAMUT PRAKARN,2020-06,17,28.87,79.92,7.65
SAMUT PRAKARN,2020-07,45,28.36,82.05,5.79
SAMUT PRAKARN,2020-08,89,28.22,81.47,5.3
SAMUT PRAKARN,2020-09,72,27.93,84.52,9.27
SAMUT PRAKARN,2020-10,52,26.34,86.6,13.41
SAMUT PRAKARN,2020-11,35,26.45,83.57,1.41
SAMUT PRAKARN,2020-12,32,25.15,76.58,0.15
SAMUT PRAKARN,2021-01,14,25.51,63.93,0.0
SAMUT PRAKARN,2021-02,15,28.16,63.69,1.1
SAMUT PRAKARN,2021-03,19,29.77,69.11,1.04
SAMUT PRAKARN,2021-04,7,29.29,75.4,4.83
SAMUT PRAKARN,2021-05,3,29.35,79.58,4.23
SAMUT PRAKARN,2021-06,3,29.01,77.16,3.04
SAMUT PRAKARN,2021-07,5,28.26,80.79,6.78
SAMUT PRAKARN,2021-08,4,28.16,82.17,6.69
SAMUT PRAKARN,2021-09,3,27.24,85.92,10.96
SAMUT PRAKARN,2021-10,16,27.27,86.42,8.27
SAMUT PRAKARN,2021-11,29,26.54,84.25,1.93
SAMUT PRAKARN,2021-12,34,24.59,76.35,0.1
SAMUT PRAKARN,2022-01,10,27.38,69.33,0.71
SAMUT PRAKARN,2022-02,16,27.53,73.44,3.54
SAMUT PRAKARN,2022-03,6,29.19,74.83,2.46
SAMUT PRAKARN,2022-04,16,29.64,69.65,2.24
SAMUT PRAKARN,2022-05,23,28.53,78.97,6.09
SAMUT PRAKARN,2022-06,45,28.56,80.37,4.77
SAMUT PRAKARN,2022-07,62,28.14,83.19,7.13
SAMUT PRAKARN,2022-08,60,27.75,83.17,8.22
SAMUT PRAKARN,2022-09,151,27.29,85.24,12.19
SAMUT PRAKARN,2022-10,193,26.53,85.05,7.7
SAMUT PRAKARN,2022-11,264,26.75,82.88,3.08
SAMUT PRAKARN,2022-12,156,24.96,75.83,0.14
SAMUT SAKHON,2015-01,31,25.16,62.2,0.47
SAMUT SAKHON,2015-02,22,27.7,62.09,0.59
SAMUT SAKHON,2015-03,47,29.79,65.79,1.8
SAMUT SAKHON,2015-04,37,30.44,63.28,1.96
SAMUT SAKHON,2015-05,33,30.97,65.76,1.33
SAMUT SAKHON,2015-06,34,29.71,70.02,4.41
SAMUT SAKHON,2015-07,46,29.33,69.07,2.85
SAMUT SAKHON,2015-08,38,28.77,71.89,2.58
SAMUT SAKHON,2015-09,75,27.93,78.96,8.41
SAMUT SAKHON,2015-10,127,27.54,82.04,5.86
SAMUT SAKHON,2015-11,225,27.63,79.04,1.7
SAMUT SAKHON,2015-12,132,27.38,68.32,0.41
SAMUT SAKHON,2016-01,98,26.89,67.79,1.32
SAMUT SAKHON,2016-02,38,27.54,57.43,0.07
SAMUT SAKHON,2016-03,23,30.69,55.81,0.38
SAMUT SAKHON,2016-04,8,32.99,54.58,0.28
SAMUT SAKHON,2016-05,9,31.6,63.54,2.58
SAMUT SAKHON,2016-06,5,29.0,75.97,6.18
SAMUT SAKHON,2016-07,15,28.26,76.72,3.35
SAMUT SAKHON,2016-08,14,28.72,74.5,4.53
SAMUT SAKHON,2016-09,36,27.31,82.34,7.72
SAMUT SAKHON,2016-10,24,26.95,85.61,11.26
SAMUT SAKHON,2016-11,22,26.07,85.56,2.17
SAMUT SAKHON,2016-12,2,24.17,80.98,0.17
SAMUT SAKHON,2017-01,8,25.42,77.81,3.01
SAMUT SAKHON,2017-02,8,26.83,65.19,0.1
SAMUT SAKHON,2017-03,12,29.54,64.88,1.95
SAMUT SAKHON,2017-04,5,29.96,68.17,1.27
SAMUT SAKHON,2017-05,20,29.36,78.94,9.12
SAMUT SAKHON,2017-06,41,28.39,79.78,3.05
SAMUT SAKHON,2017-07,51,27.22,82.19,8.35
SAMUT SAKHON,2017-08,74,27.47,81.92,5.94
SAMUT SAKHON,2017-09,76,28.0,82.96,6.85
SAMUT SAKHON,2017-10,54,27.16,84.96,7.7
SAMUT SAKHON,2017-11,70,25.48,86.47,4.49
SAMUT SAKHON,2017-12,82,23.83,81.08,1.05
SAMUT SAKHON,2018-01,49,25.56,77.82,1.03
SAMUT SAKHON,2018-02,42,26.2,73.57,1.52
SAMUT SAKHON,2018-03,67,28.69,71.27,1.57
SAMUT SAKHON,2018-04,57,29.36,71.23,5.52
SAMUT SAKHON,2018-05,64,28.86,78.7,3.49
SAMUT SAKHON,2018-06,64,28.47,75.57,2.9
SAMUT SAKHON,2018-07,86,28.2,75.57,2.73
SAMUT SAKHON,2018-08,101,27.9,74.87,3.08
SAMUT SAKHON,2018-09,118,27.76,79.74,5.85
SAMUT SAKHON,2018-10,108,27.45,82.94,8.4
SAMUT SAKHON,2018-11,121,26.53,78.75,1.78
SAMUT SAKHON,2018-12,156,26.92,73.01,1.49
SAMUT SAKHON,2019-01,127,26.59,66.93,0.21
SAMUT SAKHON,2019-02,102,29.03,67.53,0.11
SAMUT SAKHON,2019-03,101,30.32,60.5,0.41
SAMUT SAKHON,2019-04,42,32.44,58.85,0.74
SAMUT SAKHON,2019-05,26,30.84,66.82,3.93
SAMUT SAKHON,2019-06,36,29.28,76.59,4.81
SAMUT SAKHON,2019-07,80,28.77,71.44,2.72
SAMUT SAKHON,2019-08,100,28.23,76.71,4.05
SAMUT SAKHON,2019-09,60,27.72,79.08,6.02
SAMUT SAKHON,2019-10,83,28.12,79.95,3.81
SAMUT SAKHON,2019-11,122,27.49,70.73,1.1
SAMUT SAKHON,2019-12,38,26.42,63.05,0.01
SAMUT SAKHON,2020-01,36,28.71,61.57,0.14
SAMUT SAKHON,2020-02,39,28.89,57.74,0.28
SAMUT SAKHON,2020-03,24,31.1,58.19,0.34
SAMUT SAKHON,2020-04,16,30.78,64.46,3.15
SAMUT SAKHON,2020-05,25,31.19,67.08,1.78
SAMUT SAKHON,2020-06,15,28.81,78.0,6.31
SAMUT SAKHON,2020-07,30,28.34,79.63,5.54
SAMUT SAKHON,2020-08,28,28.22,78.61,3.77
SAMUT SAKHON,2020-09,62,27.85,82.78,8.32
SAMUT SAKHON,2020-10,59,26.0,87.02,15.22
SAMUT SAKHON,2020-11,35,25.93,85.3,2.21
SAMUT SAKHON,2020-12,16,24.08,80.76,0.05
SAMUT SAKHON,2021-01,17,24.01,70.51,0.0
SAMUT SAKHON,2021-02,7,27.02,67.75,1.12
SAMUT SAKHON,2021-03,2,29.65,67.01,0.79
SAMUT SAKHON,2021-04,3,29.11,73.83,3.47
SAMUT SAKHON,2021-05,0,29.4,77.14,4.52
SAMUT SAKHON,2021-06,1,28.79,75.56,2.41
SAMUT SAKHON,2021-07,0,28.05,79.1,6.63
SAMUT SAKHON,2021-08,0,28.01,80.61,5.54
SAMUT SAKHON,2021-09,1,26.98,85.12,9.55
SAMUT SAKHON,2021-10,0,26.99,86.53,8.99
SAMUT SAKHON,2021-11,0,25.95,86.07,2.1
SAMUT SAKHON,2021-12,0,23.61,79.97,0.09
SAMUT SAKHON,2022-01,8,26.14,73.29,0.76
SAMUT SAKHON,2022-02,9,26.76,76.02,5.05
SAMUT SAKHON,2022-03,2,28.64,76.02,2.58
SAMUT SAKHON,2022-04,7,29.51,67.98,1.81
SAMUT SAKHON,2022-05,23,28.08,79.73,6.57
SAMUT SAKHON,2022-06,26,28.4,79.23,3.94
SAMUT SAKHON,2022-07,33,28.03,81.28,5.12
SAMUT SAKHON,2022-08,62,27.53,82.07,6.2
SAMUT SAKHON,2022-09,87,27.12,83.85,9.16
SAMUT SAKHON,2022-10,146,26.11,86.33,10.6
SAMUT SAKHON,2022-11,162,26.27,84.77,2.9
SAMUT SAKHON,2022-12,140,24.07,79.79,0.15
SAMUT SONGKHAM,2015-01,15,25.16,62.2,0.47
SAMUT SONGKHAM,2015-02,26,27.7,62.09,0.59
SAMUT SONGKHAM,2015-03,41,29.79,65.79,1.8
SAMUT SONGKHAM,2015-04,31,30.44,63.28,1.96
SAMUT SONGKHAM,2015-05,33,30.97,65.76,1.33
SAMUT SONGKHAM,2015-06,19,29.71,70.02,4.41
SAMUT SONGKHAM,2015-07,47,29.33,69.07,2.85
SAMUT SONGKHAM,2015-08,80,28.77,71.89,2.58
SAMUT SONGKHAM,2015-09,91,27.93,78.96,8.41
SAMUT SONGKHAM,2015-10,65,27.54,82.04,5.86
SAMUT SONGKHAM,2015-11,55,27.63,79.04,1.7
SAMUT SONGKHAM,2015-12,37,27.38,68.32,0.41
SAMUT SONGKHAM,2016-01,13,26.89,67.79,1.32
SAMUT SONGKHAM,2016-02,4,27.54,57.43,0.07
SAMUT SONGKHAM,2016-03,5,30.69,55.81,0.38
SAMUT SONGKHAM,2016-04,4,32.99,54.58,0.28
SAMUT SONGKHAM,2016-05,3,31.6,63.54,2.58
SAMUT SONGKHAM,2016-06,2,29.0,75.97,6.18
SAMUT SONGKHAM,2016-07,0,28.26,76.72,3.35
SAMUT SONGKHAM,2016-08,3,28.72,74.5,4.53
SAMUT SONGKHAM,2016-09,2,27.31,82.34,7.72
SAMUT SONGKHAM,2016-10,1,26.95,85.61,11.26
SAMUT SONGKHAM,2016-11,2,26.07,85.56,2.17
SAMUT SONGKHAM,2016-12,3,24.17,80.98,0.17
SAMUT SONGKHAM,2017-01,2,25.42,77.81,3.01
SAMUT SONGKHAM,2017-02,0,26.83,65.19,0.1
SAMUT SONGKHAM,2017-03,2,29.54,64.88,1.95
SAMUT SONGKHAM,2017-04,5,29.96,68.17,1.27
SAMUT SONGKHAM,2017-05,0,29.36,78.94,9.12
SAMUT SONGKHAM,2017-06,3,28.39,79.78,3.05
SAMUT SONGKHAM,2017-07,8,27.22,82.19,8.35
SAMUT SONGKHAM,2017-08,17,27.47,81.92,5.94
SAMUT SONGKHAM,2017-09,28,28.0,82.96,6.85
SAMUT SONGKHAM,2017-10,17,27.16,84.96,7.7
SAMUT SONGKHAM,2017-11,20,25.48,86.47,4.49
SAMUT SONGKHAM,2017-12,16,23.83,81.08,1.05
SAMUT SONGKHAM,2018-01,9,25.56,77.82,1.03
SAMUT SONGKHAM,2018-02,12,26.2,73.57,1.52
SAMUT SONGKHAM,2018-03,4,28.69,71.27,1.57
SAMUT SONGKHAM,2018-04,6,29.36,71.23,5.52
SAMUT SONGKHAM,2018-05,12,28.86,78.7,3.49
SAMUT SONGKHAM,2018-06,19,28.47,75.57,2.9
SAMUT SONGKHAM,2018-07,23,28.2,75.57,2.73
SAMUT SONGKHAM,2018-08,33,27.9,74.87,3.08
SAMUT SONGKHAM,2018-09,28,27.76,79.74,5.85
SAMUT SONGKHAM,2018-10,9,27.45,82.94,8.4
SAMUT SONGKHAM,2018-11,8,26.53,78.75,1.78
SAMUT SONGKHAM,2018-12,8,26.92,73.01,1.49
SAMUT SONGKHAM,2019-01,5,26.59,66.93,0.21
SAMUT SONGKHAM,2019-02,4,29.03,67.53,0.11
SAMUT SONGKHAM,2019-03,3,30.32,60.5,0.41
SAMUT SONGKHAM,2019-04,0,32.44,58.85,0.74
SAMUT SONGKHAM,2019-05,3,30.84,66.82,3.93
SAMUT SONGKHAM,2019-06,2,29.28,76.59,4.81
SAMUT SONGKHAM,2019-07,11,28.77,71.44,2.72
SAMUT SONGKHAM,2019-08,29,28.23,76.71,4.05
SAMUT SONGKHAM,2019-09,40,27.72,79.08,6.02
SAMUT SONGKHAM,2019-10,39,28.12,79.95,3.81
SAMUT SONGKHAM,2019-11,38,27.49,70.73,1.1
SAMUT SONGKHAM,2019-12,22,26.42,63.05,0.01
SAMUT SONGKHAM,2020-01,5,28.71,61.57,0.14
SAMUT SONGKHAM,2020-02,6,28.89,57.74,0.28
SAMUT SONGKHAM,2020-03,13,31.1,58.19,0.34
SAMUT SONGKHAM,2020-04,6,30.78,64.46,3.15
SAMUT SONGKHAM,2020-05,6,31.19,67.08,1.78
SAMUT SONGKHAM,2020-06,0,28.81,78.0,6.31
SAMUT SONGKHAM,2020-07,3,28.34,79.63,5.54
SAMUT SONGKHAM,2020-08,5,28.22,78.61,3.77
SAMUT SONGKHAM,2020-09,7,27.85,82.78,8.32
SAMUT SONGKHAM,2020-10,4,26.0,87.02,15.22
SAMUT SONGKHAM,2020-11,5,25.93,85.3,2.21
SAMUT SONGKHAM,2020-12,3,24.08,80.76,0.05
SAMUT SONGKHAM,2021-01,1,24.01,70.51,0.0
SAMUT SONGKHAM,2021-02,2,27.02,67.75,1.12
SAMUT SONGKHAM,2021-03,1,29.65,67.01,0.79
SAMUT SONGKHAM,2021-04,0,29.11,73.83,3.47
SAMUT SONGKHAM,2021-05,0,29.4,77.14,4.52
SAMUT SONGKHAM,2021-06,0,28.79,75.56,2.41
SAMUT SONGKHAM,2021-07,0,28.05,79.1,6.63
SAMUT SONGKHAM,2021-08,1,28.01,80.61,5.54
SAMUT SONGKHAM,2021-09,2,26.98,85.12,9.55
SAMUT SONGKHAM,2021-10,3,26.99,86.53,8.99
SAMUT SONGKHAM,2021-11,0,25.95,86.07,2.1
SAMUT SONGKHAM,2021-12,1,23.61,79.97,0.09
SAMUT SONGKHAM,2022-01,2,26.14,73.29,0.76
SAMUT SONGKHAM,2022-02,0,26.76,76.02,5.05
SAMUT SONGKHAM,2022-03,1,28.64,76.02,2.58
SAMUT SONGKHAM,2022-04,0,29.51,67.98,1.81
SAMUT SONGKHAM,2022-05,1,28.08,79.73,6.57
SAMUT SONGKHAM,2022-06,19,28.4,79.23,3.94
SAMUT SONGKHAM,2022-07,7,28.03,81.28,5.12
SAMUT SONGKHAM,2022-08,17,27.53,82.07,6.2
SAMUT SONGKHAM,2022-09,14,27.12,83.85,9.16
SAMUT SONGKHAM,2022-10,3,26.11,86.33,10.6
SAMUT SONGKHAM,2022-11,17,26.27,84.77,2.9
SAMUT SONGKHAM,2022-12,12,24.07,79.79,0.15
SARABURI,2015-01,18,25.14,53.28,0.2
SARABURI,2015-02,6,28.49,53.31,0.4
SARABURI,2015-03,10,30.47,61.87,2.73
SARABURI,2015-04,36,30.63,61.3,2.53
SARABURI,2015-05,66,31.09,64.49,1.23
SARABURI,2015-06,44,30.04,67.57,3.73
SARABURI,2015-07,72,29.42,67.43,3.43
SARABURI,2015-08,100,28.12,76.82,5.65
SARABURI,2015-09,96,27.44,83.23,9.56
SARABURI,2015-10,67,27.14,83.13,5.91
SARABURI,2015-11,59,27.32,79.73,2.13
SARABURI,2015-12,43,26.86,66.03,0.51
SARABURI,2016-01,22,26.87,62.04,1.42
SARABURI,2016-02,24,27.5,50.05,0.0
SARABURI,2016-03,16,31.71,50.38,0.44
SARABURI,2016-04,6,33.9,50.38,0.54
SARABURI,2016-05,5,31.57,62.81,3.98
SARABURI,2016-06,6,28.65,77.61,6.98
SARABURI,2016-07,7,27.56,81.9,4.6
SARABURI,2016-08,28,27.91,80.11,6.36
SARABURI,2016-09,20,26.72,87.02,8.84
SARABURI,2016-10,9,27.11,87.03,7.32
SARABURI,2016-11,11,25.86,84.05,1.67
SARABURI,2016-12,2,23.92,76.97,0.17
SARABURI,2017-01,10,25.78,70.56,0.85
SARABURI,2017-02,5,27.65,53.89,0.04
SARABURI,2017-03,2,30.4,58.54,2.43
SARABURI,2017-04,4,30.86,62.11,1.58
SARABURI,2017-05,8,28.99,80.41,10.78
SARABURI,2017-06,21,27.59,85.52,6.29
SARABURI,2017-07,42,26.41,88.3,12.92
SARABURI,2017-08,46,26.8,87.48,8.25
SARABURI,2017-09,11,27.64,86.57,6.15
SARABURI,2017-10,3,26.77,87.12,7.6
SARABURI,2017-11,4,25.05,85.69,1.03
SARABURI,2017-12,0,23.32,78.93,0.65
SARABURI,2018-01,0,25.34,74.62,1.18
SARABURI,2018-02,5,26.35,67.16,1.69
SARABURI,2018-03,6,29.3,66.31,1.43
SARABURI,2018-04,7,29.52,68.9,4.73
SARABURI,2018-05,28,28.55,79.93,4.89
SARABURI,2018-06,51,27.92,79.84,4.88
SARABURI,2018-07,55,27.2,82.23,6.0
SARABURI,2018-08,48,26.74,83.31,6.8
SARABURI,2018-09,47,27.09,85.57,8.73
SARABURI,2018-10,33,27.34,84.18,4.58
SARABURI,2018-11,26,26.22,79.11,0.6
SARABURI,2018-12,12,26.38,70.31,1.16
SARABURI,2019-01,13,26.46,60.26,0.02
SARABURI,2019-02,21,30.1,60.62,0.15
SARABURI,2019-03,36,31.55,55.13,0.22
SARABURI,2019-04,16,32.7,57.64,1.49
SARABURI,2019-05,12,30.69,67.94,4.79
SARABURI,2019-06,22,29.25,76.79,4.52
SARABURI,2019-07,71,28.37,74.45,4.07
SARABURI,2019-08,107,27.8,80.16,6.55
SARABURI,2019-09,87,27.17,84.2,9.16
SARABURI,2019-10,59,27.88,81.0,3.2
SARABURI,2019-11,56,26.97,69.98,0.49
SARABURI,2019-12,19,26.25,56.67,0.0
SARABURI,2020-01,13,29.32,53.34,0.09
SARABURI,2020-02,6,29.87,48.14,0.06
SARABURI,2020-03,3,32.0,55.42,0.83
SARABURI,2020-04,12,31.65,59.29,1.69
SARABURI,2020-05,25,31.42,66.03,2.78
SARABURI,2020-06,29,28.64,79.18,7.35
SARABURI,2020-07,65,27.95,82.82,7.24
SARABURI,2020-08,49,27.46,84.28,6.61
SARABURI,2020-09,46,27.37,87.31,10.18
SARABURI,2020-10,27,25.58,87.87,11.59
SARABURI,2020-11,11,25.44,84.58,0.69
SARABURI,2020-12,5,23.52,78.2,0.04
SARABURI,2021-01,4,23.7,64.57,0.0
SARABURI,2021-02,4,27.77,57.63,0.53
SARABURI,2021-03,12,31.24,57.59,0.58
SARABURI,2021-04,1,29.16,73.48,5.71
SARABURI,2021-05,5,28.81,80.65,3.94
SARABURI,2021-06,12,28.23,79.11,4.02
SARABURI,2021-07,1,27.48,83.27,8.33
SARABURI,2021-08,1,27.49,85.01,6.28
SARABURI,2021-09,2,26.6,88.85,11.87
SARABURI,2021-10,1,26.61,88.33,6.91
SARABURI,2021-11,0,25.59,84.76,1.1
SARABURI,2021-12,0,22.85,78.8,0.17
SARABURI,2022-01,3,26.12,69.08,0.44
SARABURI,2022-02,5,27.0,68.95,1.95
SARABURI,2022-03,5,29.65,69.21,2.27
SARABURI,2022-04,5,29.79,64.09,3.4
SARABURI,2022-05,2,27.58,82.05,7.98
SARABURI,2022-06,16,27.79,83.2,4.0
SARABURI,2022-07,11,27.6,84.97,7.59
SARABURI,2022-08,14,26.97,86.6,10.27
SARABURI,2022-09,20,26.6,88.65,14.36
SARABURI,2022-10,14,25.58,87.14,5.88
SARABURI,2022-11,9,25.97,85.36,2.77
SARABURI,2022-12,2,23.1,79.56,0.16
SATUN,2015-01,5,25.23,81.1,0.85
SATUN,2015-02,3,25.42,76.75,0.28
SATUN,2015-03,3,27.2,73.51,0.38
SATUN,2015-04,3,27.69,79.48,4.11
SATUN,2015-05,0,27.93,82.04,5.77
SATUN,2015-06,14,27.3,84.1,5.14
SATUN,2015-07,18,26.67,86.85,8.26
SATUN,2015-08,5,26.33,86.74,9.82
SATUN,2015-09,3,26.15,87.59,10.21
SATUN,2015-10,13,26.65,86.05,5.95
SATUN,2015-11,15,26.01,90.18,9.77
SATUN,2015-12,7,26.52,83.83,2.32
SATUN,2016-01,10,26.93,80.9,2.33
SATUN,2016-02,20,26.58,77.65,0.75
SATUN,2016-03,7,28.06,71.36,0.02
SATUN,2016-04,6,29.7,70.18,0.89
SATUN,2016-05,3,28.61,79.88,7.61
SATUN,2016-06,20,26.97,84.75,4.94
SATUN,2016-07,39,26.59,86.23,7.3
SATUN,2016-08,34,26.85,84.65,6.33
SATUN,2016-09,14,26.22,86.15,4.87
SATUN,2016-10,14,25.82,88.57,8.37
SATUN,2016-11,9,26.27,88.27,7.17
SATUN,2016-12,2,25.61,89.2,12.38
SATUN,2017-01,2,25.43,89.47,12.28
SATUN,2017-02,3,26.32,79.15,0.48
SATUN,2017-03,5,26.97,79.77,4.56
SATUN,2017-04,2,26.95,87.52,7.72
SATUN,2017-05,5,27.45,86.23,8.33
SATUN,2017-06,3,26.96,85.72,5.08
SATUN,2017-07,1,27.05,82.05,3.23
SATUN,2017-08,2,26.27,87.55,9.79
SATUN,2017-09,4,26.35,87.97,13.42
SATUN,2017-10,5,26.36,87.37,6.54
SATUN,2017-11,5,25.87,91.11,20.46
SATUN,2017-12,3,25.35,89.14,4.27
SATUN,2018-01,2,25.23,89.3,4.88
SATUN,2018-02,6,25.59,80.48,1.09
SATUN,2018-03,8,27.37,77.91,0.99
SATUN,2018-04,1,27.52,80.9,3.24
SATUN,2018-05,4,27.35,85.05,8.06
SATUN,2018-06,16,26.98,83.82,5.97
SATUN,2018-07,8,26.39,87.42,7.91
SATUN,2018-08,6,26.72,83.93,4.19
SATUN,2018-09,2,26.2,85.95,7.09
SATUN,2018-10,7,26.2,88.16,9.55
SATUN,2018-11,2,26.31,88.0,6.2
SATUN,2018-12,2,25.97,88.85,8.08
SATUN,2019-01,6,26.1,81.25,2.62
SATUN,2019-02,6,26.75,76.33,0.32
SATUN,2019-03,3,27.86,74.31,1.68
SATUN,2019-04,3,28.53,79.05,3.53
SATUN,2019-05,12,27.44,85.33,7.12
SATUN,2019-06,7,27.16,86.79,6.4
SATUN,2019-07,28,27.1,83.96,5.96
SATUN,2019-08,11,26.64,86.15,7.61
SATUN,2019-09,3,26.53,85.82,5.26
SATUN,2019-10,2,26.25,87.59,10.76
SATUN,2019-11,3,26.29,87.0,7.37
SATUN,2019-12,0,25.89,81.93,1.79
SATUN,2020-01,0,26.67,77.26,0.23
SATUN,2020-02,1,26.59,76.68,1.06
SATUN,2020-03,2,28.42,71.48,0.83
SATUN,2020-04,3,28.15,79.29,4.31
SATUN,2020-05,2,27.7,86.06,8.77
SATUN,2020-06,5,26.71,87.23,8.98
SATUN,2020-07,9,26.5,86.53,9.37
SATUN,2020-08,3,26.97,84.61,5.87
SATUN,2020-09,1,26.2,88.76,11.89
SATUN,2020-10,0,25.78,89.93,14.74
SATUN,2020-11,0,26.0,90.05,14.81
SATUN,2020-12,1,25.31,90.53,12.26
SATUN,2021-01,2,24.81,87.28,2.42
SATUN,2021-02,0,24.99,83.75,0.02
SATUN,2021-03,0,26.55,81.37,2.33
SATUN,2021-04,0,26.79,86.57,8.91
SATUN,2021-05,0,27.0,88.84,9.06
SATUN,2021-06,1,26.59,87.75,4.99
SATUN,2021-07,0,26.58,87.74,8.07
SATUN,2021-08,4,26.17,88.72,9.42
SATUN,2021-09,4,26.25,86.42,9.83
SATUN,2021-10,5,26.45,87.81,8.97
SATUN,2021-11,7,25.81,92.69,16.32
SATUN,2021-12,2,25.34,88.24,3.72
SATUN,2022-01,1,25.87,82.13,1.34
SATUN,2022-02,0,26.34,83.99,6.74
SATUN,2022-03,0,27.01,83.39,5.75
SATUN,2022-04,1,27.09,86.38,7.91
SATUN,2022-05,10,27.07,86.66,7.41
SATUN,2022-06,11,26.44,87.76,9.11
SATUN,2022-07,9,26.72,87.11,6.52
SATUN,2022-08,8,26.54,86.03,6.53
SATUN,2022-09,8,26.26,86.33,7.57
SATUN,2022-10,5,25.76,90.41,14.25
SATUN,2022-11,9,25.68,90.83,12.79
SATUN,2022-12,12,25.0,89.89,12.75
SI SAKET,2015-01,9,24.41,49.51,0.0
SI SAKET,2015-02,5,27.41,52.28,0.89
SI SAKET,2015-03,17,31.11,47.35,0.62
SI SAKET,2015-04,34,31.79,47.64,1.42
SI SAKET,2015-05,121,30.28,65.44,3.22
SI SAKET,2015-06,247,28.98,71.58,4.92
SI SAKET,2015-07,319,26.67,83.72,8.33
SI SAKET,2015-08,488,26.31,88.98,6.69
SI SAKET,2015-09,412,26.4,88.05,7.05
SI SAKET,2015-10,284,25.95,83.25,4.13
SI SAKET,2015-11,251,26.74,77.85,0.73
SI SAKET,2015-12,281,26.76,59.61,0.0
SI SAKET,2016-01,112,26.79,56.44,0.88
SI SAKET,2016-02,69,25.57,47.42,0.02
SI SAKET,2016-03,92,31.4,41.78,0.02
SI SAKET,2016-04,47,34.07,43.04,1.41
SI SAKET,2016-05,20,29.89,71.25,5.8
SI SAKET,2016-06,60,27.5,83.21,10.98
SI SAKET,2016-07,93,26.35,88.67,7.88
SI SAKET,2016-08,157,26.65,88.12,7.74
SI SAKET,2016-09,160,26.31,89.93,15.74
SI SAKET,2016-10,105,26.42,87.21,4.31
SI SAKET,2016-11,31,24.74,87.45,1.2
SI SAKET,2016-12,13,23.13,80.21,0.25
SI SAKET,2017-01,15,25.56,64.92,0.11
SI SAKET,2017-02,9,26.16,54.47,0.05
SI SAKET,2017-03,14,29.33,56.58,2.0
SI SAKET,2017-04,5,30.09,61.86,3.99
SI SAKET,2017-05,20,28.1,81.43,10.69
SI SAKET,2017-06,106,26.57,89.64,9.08
SI SAKET,2017-07,105,25.77,91.46,17.37
SI SAKET,2017-08,101,26.47,90.2,9.39
SI SAKET,2017-09,62,26.78,88.93,6.54
SI SAKET,2017-10,43,25.39,88.43,3.45
SI SAKET,2017-11,30,24.25,86.04,0.58
SI SAKET,2017-12,15,23.23,72.26,0.04
SI SAKET,2018-01,11,25.77,60.45,0.18
SI SAKET,2018-02,8,26.31,50.79,0.12
SI SAKET,2018-03,21,28.61,59.64,2.99
SI SAKET,2018-04,20,29.41,61.86,2.28
SI SAKET,2018-05,90,28.77,74.1,5.88
SI SAKET,2018-06,283,26.59,87.67,9.78
SI SAKET,2018-07,341,26.02,90.03,13.27
SI SAKET,2018-08,242,25.66,91.04,12.66
SI SAKET,2018-09,240,26.54,87.9,8.62
SI SAKET,2018-10,106,26.25,85.07,1.72
SI SAKET,2018-11,101,25.6,79.03,0.49
SI SAKET,2018-12,70,26.44,66.69,0.34
SI SAKET,2019-01,59,26.38,55.76,0.0
SI SAKET,2019-02,39,30.9,42.79,0.15
SI SAKET,2019-03,69,31.93,45.4,0.65
SI SAKET,2019-04,51,31.17,61.32,2.79
SI SAKET,2019-05,155,29.19,75.35,6.71
SI SAKET,2019-06,451,28.01,82.98,4.38
SI SAKET,2019-07,407,26.63,84.88,10.25
SI SAKET,2019-08,265,26.37,89.28,13.58
SI SAKET,2019-09,225,25.95,89.73,16.68
SI SAKET,2019-10,154,26.27,84.09,0.95
SI SAKET,2019-11,77,25.3,76.71,0.41
SI SAKET,2019-12,22,24.8,61.64,0.0
SI SAKET,2020-01,25,27.48,51.95,0.02
SI SAKET,2020-02,15,28.01,46.33,0.0
SI SAKET,2020-03,35,32.22,45.96,0.43
SI SAKET,2020-04,20,30.01,59.53,2.04
SI SAKET,2020-05,60,30.07,70.97,5.92
SI SAKET,2020-06,111,27.24,85.97,6.66
SI SAKET,2020-07,149,27.06,86.41,8.76
SI SAKET,2020-08,102,26.45,89.97,12.66
SI SAKET,2020-09,98,26.76,89.09,12.47
SI SAKET,2020-10,36,24.81,91.56,7.65
SI SAKET,2020-11,23,23.97,87.0,0.4
SI SAKET,2020-12,10,22.34,78.39,0.01
SI SAKET,2021-01,3,22.55,62.57,0.0
SI SAKET,2021-02,5,26.35,54.2,0.86
SI SAKET,2021-03,8,31.48,46.57,0.5
SI SAKET,2021-04,4,30.11,63.71,4.89
SI SAKET,2021-05,6,28.45,80.39,5.74
SI SAKET,2021-06,9,26.9,87.53,8.78
SI SAKET,2021-07,6,26.56,88.81,11.61
SI SAKET,2021-08,34,26.7,88.43,7.91
SI SAKET,2021-09,23,26.19,90.01,15.01
SI SAKET,2021-10,25,25.59,90.44,8.13
SI SAKET,2021-11,11,24.03,86.61,0.31
SI SAKET,2021-12,8,21.87,79.2,0.1
SI SAKET,2022-01,4,25.79,63.63,0.37
SI SAKET,2022-02,5,25.92,62.34,1.43
SI SAKET,2022-03,2,29.35,62.78,3.61
SI SAKET,2022-04,9,27.41,71.24,4.0
SI SAKET,2022-05,47,26.42,85.71,11.38
SI SAKET,2022-06,197,26.75,88.09,3.83
SI SAKET,2022-07,191,26.67,89.59,13.84
SI SAKET,2022-08,122,26.35,90.13,14.97
SI SAKET,2022-09,71,26.17,90.65,19.81
SI SAKET,2022-10,37,24.68,88.53,4.11
SI SAKET,2022-11,27,25.04,85.68,1.04
SI SAKET,2022-12,6,22.07,75.83,0.83
SINGBURI,2015-01,0,24.62,51.03,0.44
SINGBURI,2015-02,0,28.4,49.23,0.32
SINGBURI,2015-03,0,31.14,54.13,1.85
SINGBURI,2015-04,6,31.34,54.44,2.42
SINGBURI,2015-05,11,32.14,57.29,1.12
SINGBURI,2015-06,3,30.57,63.41,3.22
SINGBURI,2015-07,1,29.21,67.31,3.49
SINGBURI,2015-08,0,28.45,73.88,4.18
SINGBURI,2015-09,0,27.64,81.33,9.08
SINGBURI,2015-10,0,26.92,83.34,5.32
SINGBURI,2015-11,0,27.26,77.3,1.99
SINGBURI,2015-12,0,26.8,62.11,0.37
SINGBURI,2016-01,0,26.35,56.2,1.1
SINGBURI,2016-02,0,27.12,45.68,0.0
SINGBURI,2016-03,0,31.96,42.39,0.51
SINGBURI,2016-04,0,34.92,42.46,0.31
SINGBURI,2016-05,0,32.15,58.89,3.97
SINGBURI,2016-06,0,29.08,74.11,5.61
SINGBURI,2016-07,0,27.79,79.45,4.75
SINGBURI,2016-08,0,27.8,79.51,6.82
SINGBURI,2016-09,1,26.76,86.24,7.55
SINGBURI,2016-10,0,27.06,86.22,7.54
SINGBURI,2016-11,0,25.18,84.28,1.53
SINGBURI,2016-12,0,23.49,76.25,0.14
SINGBURI,2017-01,0,25.58,69.0,0.93
SINGBURI,2017-02,1,27.59,50.6,0.08
SINGBURI,2017-03,0,30.93,51.66,1.83
SINGBURI,2017-04,0,31.48,56.68,1.39
SINGBURI,2017-05,1,29.37,76.51,9.55
SINGBURI,2017-06,2,27.76,83.7,5.03
SINGBURI,2017-07,2,26.56,86.82,12.02
SINGBURI,2017-08,1,27.09,85.18,7.58
SINGBURI,2017-09,0,27.68,85.15,5.44
SINGBURI,2017-10,0,26.49,87.14,7.54
SINGBURI,2017-11,0,24.46,86.42,1.33
SINGBURI,2017-12,0,22.69,78.66,0.83
SINGBURI,2018-01,0,24.82,73.54,0.43
SINGBURI,2018-02,0,26.64,62.68,1.39
SINGBURI,2018-03,1,29.93,57.43,0.88
SINGBURI,2018-04,1,30.3,62.36,3.98
SINGBURI,2018-05,0,29.23,74.19,4.77
SINGBURI,2018-06,3,28.31,76.27,3.87
SINGBURI,2018-07,8,27.29,80.38,4.68
SINGBURI,2018-08,3,26.63,83.29,5.97
SINGBURI,2018-09,4,27.1,84.81,5.57
SINGBURI,2018-10,10,27.11,83.7,3.86
SINGBURI,2018-11,4,26.52,74.42,0.74
SINGBURI,2018-12,9,26.85,63.43,0.92
SINGBURI,2019-01,4,27.16,53.72,0.05
SINGBURI,2019-02,12,30.61,52.31,0.35
SINGBURI,2019-03,23,32.39,44.56,0.16
SINGBURI,2019-04,3,34.43,47.03,1.11
SINGBURI,2019-05,4,31.55,62.57,4.28
SINGBURI,2019-06,42,29.52,74.44,4.87
SINGBURI,2019-07,21,28.71,71.0,2.55
SINGBURI,2019-08,19,27.65,80.17,7.12
SINGBURI,2019-09,7,27.05,83.92,7.23
SINGBURI,2019-10,12,27.58,81.13,3.01
SINGBURI,2019-11,0,27.14,66.76,0.59
SINGBURI,2019-12,0,25.95,53.22,0.0
SINGBURI,2020-01,9,29.17,48.16,0.02
SINGBURI,2020-02,12,29.89,42.76,0.02
SINGBURI,2020-03,8,32.61,47.45,0.77
SINGBURI,2020-04,9,32.49,52.16,1.45
SINGBURI,2020-05,10,31.99,60.96,2.54
SINGBURI,2020-06,23,29.3,74.29,5.24
SINGBURI,2020-07,75,28.66,77.42,5.79
SINGBURI,2020-08,101,27.61,82.02,5.58
SINGBURI,2020-09,7,27.51,85.93,8.87
SINGBURI,2020-10,1,25.35,88.11,11.36
SINGBURI,2020-11,1,25.0,85.1,0.73
SINGBURI,2020-12,0,23.25,76.28,0.04
SINGBURI,2021-01,0,23.78,60.22,0.0
SINGBURI,2021-02,0,28.02,52.26,0.45
SINGBURI,2021-03,0,31.53,53.09,0.65
SINGBURI,2021-04,0,29.4,70.92,6.25
SINGBURI,2021-05,0,29.21,77.02,3.73
SINGBURI,2021-06,0,28.31,77.93,3.73
SINGBURI,2021-07,0,27.41,82.82,9.13
SINGBURI,2021-08,1,27.48,84.52,5.88
SINGBURI,2021-09,1,26.64,88.1,12.16
SINGBURI,2021-10,0,26.48,87.95,6.97
SINGBURI,2021-11,1,24.96,85.85,1.12
SINGBURI,2021-12,1,22.17,78.8,0.13
SINGBURI,2022-01,0,25.52,69.12,0.52
SINGBURI,2022-02,0,26.38,67.87,2.17
SINGBURI,2022-03,0,30.12,64.54,2.22
SINGBURI,2022-04,0,30.16,60.42,3.75
SINGBURI,2022-05,3,27.68,80.52,6.96
SINGBURI,2022-06,13,27.81,82.23,5.21
SINGBURI,2022-07,0,27.7,83.94,7.14
SINGBURI,2022-08,0,26.94,86.24,9.26
SINGBURI,2022-09,0,26.8,87.22,11.47
SINGBURI,2022-10,1,25.29,87.62,6.55
SINGBURI,2022-11,1,25.68,86.31,2.93
SINGBURI,2022-12,2,22.65,79.71,0.17
SONGKHLA,2015-01,26,25.12,84.72,0.88
SONGKHLA,2015-02,21,24.81,83.79,0.19
SONGKHLA,2015-03,8,26.37,81.29,0.27
SONGKHLA,2015-04,11,27.7,81.19,4.17
SONGKHLA,2015-05,22,28.67,78.76,4.5
SONGKHLA,2015-06,48,27.93,81.77,3.91
SONGKHLA,2015-07,67,27.26,85.01,6.25
SONGKHLA,2015-08,77,27.19,82.9,7.75
SONGKHLA,2015-09,103,27.07,83.53,7.45
SONGKHLA,2015-10,140,27.22,84.15,5.5
SONGKHLA,2015-11,135,26.62,88.41,11.44
SONGKHLA,2015-12,116,26.64,86.24,3.86
SONGKHLA,2016-01,83,26.68,85.39,2.96
SONGKHLA,2016-02,53,26.2,83.4,0.88
SONGKHLA,2016-03,41,27.19,79.34,0.05
SONGKHLA,2016-04,23,29.29,74.51,0.49
SONGKHLA,2016-05,15,29.05,78.55,5.96
SONGKHLA,2016-06,33,27.72,81.21,4.83
SONGKHLA,2016-07,69,27.3,83.71,5.47
SONGKHLA,2016-08,182,27.33,84.12,5.08
SONGKHLA,2016-09,328,26.83,84.67,4.4
SONGKHLA,2016-10,311,26.57,85.86,9.68
SONGKHLA,2016-11,286,26.8,86.84,6.98
SONGKHLA,2016-12,332,26.26,87.27,15.94
SONGKHLA,2017-01,317,25.98,88.04,15.39
SONGKHLA,2017-02,175,25.99,84.49,0.75
SONGKHLA,2017-03,104,26.59,83.56,3.33
SONGKHLA,2017-04,63,27.59,84.49,7.31
SONGKHLA,2017-05,77,28.2,83.33,6.45
SONGKHLA,2017-06,97,27.68,82.89,4.16
SONGKHLA,2017-07,57,27.37,82.79,3.5
SONGKHLA,2017-08,48,27.03,84.87,7.92
SONGKHLA,2017-09,38,27.2,85.01,10.21
SONGKHLA,2017-10,39,27.05,84.87,4.83
SONGKHLA,2017-11,45,26.63,88.14,24.79
SONGKHLA,2017-12,52,25.98,87.26,6.06
SONGKHLA,2018-01,40,25.73,87.63,4.44
SONGKHLA,2018-02,28,25.5,83.34,1.28
SONGKHLA,2018-03,38,26.76,83.9,1.09
SONGKHLA,2018-04,25,27.4,83.42,3.32
SONGKHLA,2018-05,55,28.1,81.86,6.43
SONGKHLA,2018-06,91,27.49,82.64,4.86
SONGKHLA,2018-07,116,26.91,86.8,5.62
SONGKHLA,2018-08,141,27.18,83.34,2.91
SONGKHLA,2018-09,106,26.86,83.9,6.4
SONGKHLA,2018-10,156,27.01,84.37,8.86
SONGKHLA,2018-11,218,26.87,86.96,7.29
SONGKHLA,2018-12,185,26.52,87.76,9.42
SONGKHLA,2019-01,114,26.02,85.43,4.24
SONGKHLA,2019-02,76,26.01,83.94,0.54
SONGKHLA,2019-03,50,26.92,81.44,1.03
SONGKHLA,2019-04,48,28.38,81.46,2.49
SONGKHLA,2019-05,109,28.07,83.63,6.32
SONGKHLA,2019-06,209,27.84,84.28,4.74
SONGKHLA,2019-07,222,27.58,82.99,5.41
SONGKHLA,2019-08,215,27.2,85.25,5.5
SONGKHLA,2019-09,188,27.1,84.42,5.19
SONGKHLA,2019-10,181,27.0,84.16,8.63
SONGKHLA,2019-11,180,26.99,84.51,7.47
SONGKHLA,2019-12,99,25.81,85.77,2.69
SONGKHLA,2020-01,70,26.1,84.0,0.15
SONGKHLA,2020-02,54,26.42,80.66,1.16
SONGKHLA,2020-03,24,28.03,75.71,0.57
SONGKHLA,2020-04,17,28.61,78.91,4.81
SONGKHLA,2020-05,38,28.49,82.86,5.76
SONGKHLA,2020-06,116,27.51,83.59,8.58
SONGKHLA,2020-07,108,27.38,82.86,7.65
SONGKHLA,2020-08,81,27.59,82.83,6.43
SONGKHLA,2020-09,36,27.11,85.29,9.21
SONGKHLA,2020-10,45,26.56,87.22,11.45
SONGKHLA,2020-11,24,26.71,87.04,16.69
SONGKHLA,2020-12,15,25.98,88.04,14.43
SONGKHLA,2021-01,10,25.38,85.92,3.46
SONGKHLA,2021-02,4,25.4,83.4,0.05
SONGKHLA,2021-03,8,26.49,84.16,2.35
SONGKHLA,2021-04,2,27.53,83.61,5.83
SONGKHLA,2021-05,7,27.91,84.25,7.39
SONGKHLA,2021-06,13,27.44,84.12,4.58
SONGKHLA,2021-07,9,27.29,85.15,5.75
SONGKHLA,2021-08,8,26.99,85.45,7.64
SONGKHLA,2021-09,8,27.04,83.23,6.94
SONGKHLA,2021-10,6,27.08,85.42,6.86
SONGKHLA,2021-11,9,26.56,89.39,16.86
SONGKHLA,2021-12,7,25.93,86.72,4.65
SONGKHLA,2022-01,5,25.72,85.54,1.19
SONGKHLA,2022-02,5,26.38,86.53,8.54
SONGKHLA,2022-03,1,27.1,84.55,4.5
SONGKHLA,2022-04,4,27.65,84.36,5.95
SONGKHLA,2022-05,9,27.76,84.55,7.72
SONGKHLA,2022-06,23,27.38,83.36,6.05
SONGKHLA,2022-07,22,27.38,84.79,5.37
SONGKHLA,2022-08,40,27.27,83.58,6.12
SONGKHLA,2022-09,36,26.9,84.63,6.06
SONGKHLA,2022-10,64,26.54,86.9,11.89
SONGKHLA,2022-11,112,26.42,87.84,12.99
SONGKHLA,2022-12,93,25.8,87.36,16.67
SUKHOTHAI,2015-01,2,22.48,59.1,1.45
SUKHOTHAI,2015-02,8,26.61,51.1,0.24
SUKHOTHAI,2015-03,20,30.72,45.98,1.01
SUKHOTHAI,2015-04,23,31.42,48.05,1.51
SUKHOTHAI,2015-05,40,31.7,57.41,1.98
SUKHOTHAI,2015-06,43,30.33,62.74,2.48
SUKHOTHAI,2015-07,30,28.52,72.19,4.43
SUKHOTHAI,2015-08,39,27.06,81.54,6.05
SUKHOTHAI,2015-09,33,27.21,82.63,4.62
SUKHOTHAI,2015-10,31,27.11,76.5,2.77
SUKHOTHAI,2015-11,55,28.16,65.11,0.81
SUKHOTHAI,2015-12,25,25.52,60.73,1.26
SUKHOTHAI,2016-01,30,23.96,51.65,1.37
SUKHOTHAI,2016-02,17,25.33,44.47,0.09
SUKHOTHAI,2016-03,31,30.75,39.0,0.01
SUKHOTHAI,2016-04,7,34.67,37.97,0.62
SUKHOTHAI,2016-05,2,31.87,57.6,4.16
SUKHOTHAI,2016-06,1,28.15,77.35,5.74
SUKHOTHAI,2016-07,14,27.04,83.6,7.25
SUKHOTHAI,2016-08,46,26.81,84.18,5.14
SUKHOTHAI,2016-09,50,26.85,85.78,8.31
SUKHOTHAI,2016-10,22,26.99,83.58,6.45
SUKHOTHAI,2016-11,6,24.58,81.56,1.86
SUKHOTHAI,2016-12,5,22.36,77.01,0.08
SUKHOTHAI,2017-01,1,24.1,72.91,1.18
SUKHOTHAI,2017-02,4,25.69,55.01,0.12
SUKHOTHAI,2017-03,0,30.07,47.92,1.14
SUKHOTHAI,2017-04,2,30.08,60.56,3.83
SUKHOTHAI,2017-05,2,28.29,78.53,9.34
SUKHOTHAI,2017-06,18,27.1,84.96,4.58
SUKHOTHAI,2017-07,26,26.28,87.27,10.13
SUKHOTHAI,2017-08,43,26.47,86.91,8.73
SUKHOTHAI,2017-09,24,27.31,85.4,9.21
SUKHOTHAI,2017-10,12,26.14,85.12,5.36
SUKHOTHAI,2017-11,13,24.13,83.21,0.42
SUKHOTHAI,2017-12,3,21.21,81.16,0.76
SUKHOTHAI,2018-01,4,23.07,73.75,0.42
SUKHOTHAI,2018-02,2,24.7,66.47,1.02
SUKHOTHAI,2018-03,7,28.41,54.39,0.43
SUKHOTHAI,2018-04,11,29.55,61.94,3.2
SUKHOTHAI,2018-05,33,28.29,76.99,7.62
SUKHOTHAI,2018-06,95,27.06,82.79,5.42
SUKHOTHAI,2018-07,93,26.51,85.08,5.14
SUKHOTHAI,2018-08,83,26.07,86.96,5.52
SUKHOTHAI,2018-09,57,27.03,84.31,5.36
SUKHOTHAI,2018-10,40,26.69,81.56,3.29
SUKHOTHAI,2018-11,23,25.45,76.56,0.81
SUKHOTHAI,2018-12,29,24.22,70.5,0.31
SUKHOTHAI,2019-01,28,24.6,65.56,0.54
SUKHOTHAI,2019-02,27,27.77,51.77,0.73
SUKHOTHAI,2019-03,42,30.98,40.97,0.12
SUKHOTHAI,2019-04,34,34.18,41.08,0.7
SUKHOTHAI,2019-05,15,31.36,62.4,4.07
SUKHOTHAI,2019-06,30,28.9,75.71,4.22
SUKHOTHAI,2019-07,69,28.18,72.64,2.75
SUKHOTHAI,2019-08,71,26.82,84.96,11.11
SUKHOTHAI,2019-09,63,27.08,81.86,6.17
SUKHOTHAI,2019-10,37,27.14,79.57,2.56
SUKHOTHAI,2019-11,15,25.56,71.84,0.68
SUKHOTHAI,2019-12,4,23.11,62.04,0.03
SUKHOTHAI,2020-01,6,26.62,52.45,0.0
SUKHOTHAI,2020-02,8,27.83,42.59,0.01
SUKHOTHAI,2020-03,9,31.35,41.35,0.33
SUKHOTHAI,2020-04,4,31.12,51.11,3.61
SUKHOTHAI,2020-05,30,30.88,65.02,3.69
SUKHOTHAI,2020-06,40,28.4,78.39,4.77
SUKHOTHAI,2020-07,126,27.86,80.02,4.13
SUKHOTHAI,2020-08,154,26.99,85.02,10.8
SUKHOTHAI,2020-09,102,27.21,86.19,7.12
SUKHOTHAI,2020-10,33,25.81,84.12,4.32
SUKHOTHAI,2020-11,20,24.72,80.3,0.16
SUKHOTHAI,2020-12,22,22.25,72.56,0.0
SUKHOTHAI,2021-01,5,22.33,62.07,0.03
SUKHOTHAI,2021-02,10,26.68,53.21,0.54
SUKHOTHAI,2021-03,12,30.92,47.29,0.44
SUKHOTHAI,2021-04,5,28.68,71.59,7.98
SUKHOTHAI,2021-05,30,28.88,75.62,2.94
SUKHOTHAI,2021-06,17,27.76,79.11,3.86
SUKHOTHAI,2021-07,14,27.08,84.22,9.77
SUKHOTHAI,2021-08,16,27.19,84.61,5.99
SUKHOTHAI,2021-09,22,26.85,85.87,11.78
SUKHOTHAI,2021-10,7,26.21,84.8,7.49
SUKHOTHAI,2021-11,10,24.72,80.51,0.86
SUKHOTHAI,2021-12,1,20.69,78.02,0.01
SUKHOTHAI,2022-01,0,23.17,72.65,0.43
SUKHOTHAI,2022-02,0,23.51,71.86,3.24
SUKHOTHAI,2022-03,1,29.45,64.23,1.35
SUKHOTHAI,2022-04,2,29.63,60.53,2.96
SUKHOTHAI,2022-05,9,27.02,80.56,8.06
SUKHOTHAI,2022-06,30,26.95,84.23,2.68
SUKHOTHAI,2022-07,62,27.48,83.45,7.55
SUKHOTHAI,2022-08,53,26.73,86.66,9.05
SUKHOTHAI,2022-09,35,26.6,87.03,11.18
SUKHOTHAI,2022-10,21,25.65,82.35,4.63
SUKHOTHAI,2022-11,23,25.65,81.98,1.14
SUKHOTHAI,2022-12,11,21.97,78.59,0.41
SUPHANBURI,2015-01,4,24.95,52.73,0.44
SUPHANBURI,2015-02,5,28.48,51.61,0.47
SUPHANBURI,2015-03,18,30.92,57.19,2.06
SUPHANBURI,2015-04,9,31.06,57.4,2.53
SUPHANBURI,2015-05,41,31.73,59.93,1.1
SUPHANBURI,2015-06,37,30.24,65.7,4.07
SUPHANBURI,2015-07,58,29.15,67.83,3.43
SUPHANBURI,2015-08,50,28.42,73.57,3.7
SUPHANBURI,2015-09,82,27.62,81.18,9.53
SUPHANBURI,2015-10,73,27.0,83.8,5.96
SUPHANBURI,2015-11,106,27.14,79.84,1.88
SUPHANBURI,2015-12,37,26.99,63.83,0.28
SUPHANBURI,2016-01,18,26.74,59.2,1.35
SUPHANBURI,2016-02,10,27.55,48.55,0.0
SUPHANBURI,2016-03,20,31.93,45.79,0.62
SUPHANBURI,2016-04,8,34.46,45.96,0.29
SUPHANBURI,2016-05,5,32.12,59.4,3.73
SUPHANBURI,2016-06,3,28.97,74.95,6.39
SUPHANBURI,2016-07,17,27.79,79.68,4.09
SUPHANBURI,2016-08,25,28.07,77.74,5.78
SUPHANBURI,2016-09,31,26.85,85.43,7.22
SUPHANBURI,2016-10,9,27.02,86.46,8.58
SUPHANBURI,2016-11,12,25.39,85.27,1.68
SUPHANBURI,2016-12,8,23.7,77.12,0.09
SUPHANBURI,2017-01,11,25.85,69.18,1.01
SUPHANBURI,2017-02,12,27.77,52.51,0.04
SUPHANBURI,2017-03,11,30.88,53.73,2.03
SUPHANBURI,2017-04,7,31.16,59.41,1.31
SUPHANBURI,2017-05,25,29.53,76.37,9.7
SUPHANBURI,2017-06,31,27.82,83.19,4.42
SUPHANBURI,2017-07,61,26.55,86.25,10.81
SUPHANBURI,2017-08,42,27.03,85.09,7.79
SUPHANBURI,2017-09,33,27.73,84.96,6.19
SUPHANBURI,2017-10,29,26.66,87.12,8.46
SUPHANBURI,2017-11,27,24.69,87.05,1.67
SUPHANBURI,2017-12,26,22.94,80.1,0.82
SUPHANBURI,2018-01,27,25.24,74.05,0.63
SUPHANBURI,2018-02,9,26.91,64.07,1.32
SUPHANBURI,2018-03,16,29.94,60.42,1.19
SUPHANBURI,2018-04,22,30.26,63.95,4.16
SUPHANBURI,2018-05,35,29.08,75.96,4.87
SUPHANBURI,2018-06,71,28.33,75.99,3.66
SUPHANBURI,2018-07,76,27.51,78.63,4.19
SUPHANBURI,2018-08,67,26.99,80.28,5.13
SUPHANBURI,2018-09,83,27.2,83.89,6.2
SUPHANBURI,2018-10,100,27.19,84.21,5.14
SUPHANBURI,2018-11,74,26.47,76.09,0.69
SUPHANBURI,2018-12,53,27.11,64.79,1.16
SUPHANBURI,2019-01,39,27.1,56.36,0.07
SUPHANBURI,2019-02,22,30.63,55.48,0.13
SUPHANBURI,2019-03,13,32.18,47.82,0.14
SUPHANBURI,2019-04,3,33.93,50.43,1.19
SUPHANBURI,2019-05,5,31.27,63.51,3.98
SUPHANBURI,2019-06,24,29.47,74.32,4.79
SUPHANBURI,2019-07,26,28.69,70.94,2.57
SUPHANBURI,2019-08,35,27.83,78.5,5.44
SUPHANBURI,2019-09,20,27.21,82.51,7.16
SUPHANBURI,2019-10,46,27.77,80.93,3.39
SUPHANBURI,2019-11,48,27.38,66.98,0.92
SUPHANBURI,2019-12,27,26.41,54.41,0.0
SUPHANBURI,2020-01,22,29.41,51.04,0.07
SUPHANBURI,2020-02,17,30.04,45.61,0.06
SUPHANBURI,2020-03,18,32.5,49.62,0.65
SUPHANBURI,2020-04,21,32.16,55.35,1.68
SUPHANBURI,2020-05,11,31.9,61.96,2.29
SUPHANBURI,2020-06,12,29.09,75.29,5.36
SUPHANBURI,2020-07,19,28.35,79.22,6.74
SUPHANBURI,2020-08,50,27.57,82.15,4.98
SUPHANBURI,2020-09,82,27.5,85.63,9.7
SUPHANBURI,2020-10,60,25.4,88.6,13.7
SUPHANBURI,2020-11,55,25.14,86.12,1.28
SUPHANBURI,2020-12,51,23.17,79.51,0.03
SUPHANBURI,2021-01,14,23.61,64.88,0.0
SUPHANBURI,2021-02,19,27.9,56.01,0.63
SUPHANBURI,2021-03,14,31.25,56.26,0.72
SUPHANBURI,2021-04,5,29.38,71.23,5.46
SUPHANBURI,2021-05,9,29.04,78.6,4.57
SUPHANBURI,2021-06,11,28.24,78.12,3.44
SUPHANBURI,2021-07,12,27.52,81.91,8.04
SUPHANBURI,2021-08,16,27.51,83.89,5.83
SUPHANBURI,2021-09,14,26.63,87.76,11.48
SUPHANBURI,2021-10,28,26.58,88.11,7.46
SUPHANBURI,2021-11,15,25.24,86.15,1.15
SUPHANBURI,2021-12,7,22.48,79.92,0.15
SUPHANBURI,2022-01,7,26.17,67.79,0.38
SUPHANBURI,2022-02,7,27.09,67.46,2.8
SUPHANBURI,2022-03,7,29.96,66.62,2.38
SUPHANBURI,2022-04,3,30.13,61.64,3.43
SUPHANBURI,2022-05,25,27.73,80.8,7.34
SUPHANBURI,2022-06,31,27.92,81.81,4.73
SUPHANBURI,2022-07,42,27.68,83.72,6.46
SUPHANBURI,2022-08,33,27.01,85.41,9.09
SUPHANBURI,2022-09,69,26.77,86.95,12.05
SUPHANBURI,2022-10,79,25.36,88.15,7.7
SUPHANBURI,2022-11,84,25.76,86.58,2.78
SUPHANBURI,2022-12,59,22.84,81.11,0.18
SURAT THANI,2015-01,29,24.82,84.01,1.51
SURAT THANI,2015-02,19,25.03,81.41,0.28
SURAT THANI,2015-03,22,27.07,78.01,0.09
SURAT THANI,2015-04,14,28.1,77.08,2.4
SURAT THANI,2015-05,16,28.39,80.46,5.7
SURAT THANI,2015-06,42,27.61,82.3,4.39
SURAT THANI,2015-07,51,26.86,85.6,7.16
SURAT THANI,2015-08,67,26.56,85.83,8.72
SURAT THANI,2015-09,60,26.46,86.66,10.8
SURAT THANI,2015-10,41,27.03,85.01,8.41
SURAT THANI,2015-11,71,26.32,88.78,9.19
SURAT THANI,2015-12,39,26.21,87.12,5.35
SURAT THANI,2016-01,39,26.31,85.03,2.44
SURAT THANI,2016-02,27,25.95,82.88,1.66
SURAT THANI,2016-03,24,27.36,77.9,0.18
SURAT THANI,2016-04,12,29.7,69.95,0.34
SURAT THANI,2016-05,7,29.34,75.54,7.81
SURAT THANI,2016-06,14,26.77,87.52,7.71
SURAT THANI,2016-07,30,26.68,86.47,6.81
SURAT THANI,2016-08,54,26.43,88.5,6.92
SURAT THANI,2016-09,88,25.85,88.88,7.79
SURAT THANI,2016-10,58,25.96,88.45,10.96
SURAT THANI,2016-11,53,26.61,87.53,7.18
SURAT THANI,2016-12,50,25.69,89.09,17.7
SURAT THANI,2017-01,71,25.51,88.63,19.42
SURAT THANI,2017-02,72,25.61,82.85,2.3
SURAT THANI,2017-03,76,27.09,80.27,2.64
SURAT THANI,2017-04,79,27.64,83.52,4.36
SURAT THANI,2017-05,74,27.85,85.15,8.07
SURAT THANI,2017-06,117,26.7,88.37,7.17
SURAT THANI,2017-07,63,26.16,88.6,6.12
SURAT THANI,2017-08,81,26.33,88.19,7.94
SURAT THANI,2017-09,75,26.84,87.06,10.27
SURAT THANI,2017-10,64,26.75,85.44,4.39
SURAT THANI,2017-11,70,26.16,89.53,15.24
SURAT THANI,2017-12,70,25.46,87.13,8.4
SURAT THANI,2018-01,57,25.58,86.09,6.42
SURAT THANI,2018-02,66,25.57,82.78,0.77
SURAT THANI,2018-03,55,27.26,79.76,2.64
SURAT THANI,2018-04,66,27.76,80.33,6.47
SURAT THANI,2018-05,160,28.5,78.96,6.56
SURAT THANI,2018-06,212,26.51,87.05,8.36
SURAT THANI,2018-07,119,26.21,89.23,8.03
SURAT THANI,2018-08,89,26.08,88.98,6.97
SURAT THANI,2018-09,58,26.41,86.49,6.19
SURAT THANI,2018-10,56,26.96,84.67,8.13
SURAT THANI,2018-11,53,26.48,87.59,10.92
SURAT THANI,2018-12,74,26.14,88.72,12.09
SURAT THANI,2019-01,41,25.57,86.53,4.5
SURAT THANI,2019-02,36,26.0,82.74,0.38
SURAT THANI,2019-03,37,27.9,75.55,0.44
SURAT THANI,2019-04,19,29.25,74.11,1.57
SURAT THANI,2019-05,16,27.88,83.64,7.14
SURAT THANI,2019-06,41,27.35,86.58,7.22
SURAT THANI,2019-07,57,26.92,85.74,6.1
SURAT THANI,2019-08,62,26.29,88.82,8.43
SURAT THANI,2019-09,65,26.37,86.51,8.47
SURAT THANI,2019-10,39,27.06,84.27,7.94
SURAT THANI,2019-11,28,26.54,84.78,9.75
SURAT THANI,2019-12,45,25.32,86.07,3.27
SURAT THANI,2020-01,45,25.94,83.39,0.29
SURAT THANI,2020-02,20,26.06,82.13,0.97
SURAT THANI,2020-03,8,28.11,72.63,0.1
SURAT THANI,2020-04,19,28.8,75.32,5.14
SURAT THANI,2020-05,26,28.57,80.86,5.66
SURAT THANI,2020-06,59,26.99,86.64,14.31
SURAT THANI,2020-07,78,27.13,84.69,9.33
SURAT THANI,2020-08,42,26.91,86.07,6.64
SURAT THANI,2020-09,24,26.63,87.53,16.86
SURAT THANI,2020-10,16,26.0,89.15,15.87
SURAT THANI,2020-11,12,26.46,87.56,12.91
SURAT THANI,2020-12,1,25.41,88.44,18.29
SURAT THANI,2021-01,4,24.92,85.07,1.51
SURAT THANI,2021-02,2,25.63,81.27,0.12
SURAT THANI,2021-03,0,26.92,80.1,2.82
SURAT THANI,2021-04,0,27.6,82.09,5.84
SURAT THANI,2021-05,1,27.55,85.1,7.43
SURAT THANI,2021-06,4,26.95,86.74,4.56
SURAT THANI,2021-07,1,26.68,87.88,8.37
SURAT THANI,2021-08,2,26.46,87.97,10.44
SURAT THANI,2021-09,0,26.51,86.7,8.13
SURAT THANI,2021-10,0,26.61,87.22,9.24
SURAT THANI,2021-11,2,26.21,90.76,22.11
SURAT THANI,2021-12,1,25.26,87.01,6.37
SURAT THANI,2022-01,0,25.69,83.73,0.66
SURAT THANI,2022-02,1,26.29,85.95,11.03
SURAT THANI,2022-03,2,27.34,82.46,6.24
SURAT THANI,2022-04,0,27.86,82.43,8.78
SURAT THANI,2022-05,5,26.92,89.11,14.83
SURAT THANI,2022-06,17,26.99,85.75,5.37
SURAT THANI,2022-07,8,26.66,88.16,9.49
SURAT THANI,2022-08,11,26.65,87.47,5.58
SURAT THANI,2022-09,19,26.18,88.26,10.65
SURAT THANI,2022-10,30,26.25,88.34,12.93
SURAT THANI,2022-11,36,26.07,88.19,12.9
SURAT THANI,2022-12,33,25.29,87.37,8.77
SURIN,2015-01,5,24.38,48.38,0.0
SURIN,2015-02,2,27.44,51.99,0.82
SURIN,2015-03,11,30.83,50.56,1.11
SURIN,2015-04,21,31.7,48.41,2.02
SURIN,2015-05,88,30.18,65.92,3.1
SURIN,2015-06,142,29.16,70.23,3.94
SURIN,2015-07,223,26.97,81.44,8.5
SURIN,2015-08,512,26.26,88.64,6.87
SURIN,2015-09,430,26.32,88.07,7.35
SURIN,2015-10,240,25.8,84.07,3.63
SURIN,2015-11,229,26.69,77.86,0.7
SURIN,2015-12,107,26.74,59.03,0.0
SURIN,2016-01,163,26.84,54.62,0.79
SURIN,2016-02,109,25.56,46.42,0.04
SURIN,2016-03,99,31.42,41.21,0.02
SURIN,2016-04,73,33.9,44.0,1.79
SURIN,2016-05,38,30.06,69.97,5.03
SURIN,2016-06,133,27.98,79.51,8.88
SURIN,2016-07,248,26.42,87.59,7.12
SURIN,2016-08,356,26.78,86.6,6.57
SURIN,2016-09,212,26.33,89.37,10.77
SURIN,2016-10,152,26.42,86.92,3.9
SURIN,2016-11,67,24.71,86.53,1.29
SURIN,2016-12,14,23.49,76.22,0.08
SURIN,2017-01,22,25.86,62.15,0.12
SURIN,2017-02,11,26.41,51.55,0.13
SURIN,2017-03,30,29.28,57.89,2.33
SURIN,2017-04,39,30.29,60.78,2.3
SURIN,2017-05,101,28.12,80.76,9.36
SURIN,2017-06,241,26.71,88.04,6.41
SURIN,2017-07,216,25.92,89.86,12.01
SURIN,2017-08,139,26.48,89.52,7.75
SURIN,2017-09,64,26.75,88.85,6.21
SURIN,2017-10,30,25.38,88.41,3.61
SURIN,2017-11,10,24.27,84.41,0.59
SURIN,2017-12,5,23.34,70.42,0.07
SURIN,2018-01,10,25.83,59.16,0.4
SURIN,2018-02,5,26.33,50.45,0.19
SURIN,2018-03,19,28.87,58.23,2.41
SURIN,2018-04,23,29.63,60.85,2.03
SURIN,2018-05,145,28.81,74.01,5.87
SURIN,2018-06,277,26.76,85.69,6.52
SURIN,2018-07,380,26.21,87.53,7.77
SURIN,2018-08,273,25.88,88.46,6.84
SURIN,2018-09,257,26.51,87.46,7.44
SURIN,2018-10,117,26.26,84.5,1.76
SURIN,2018-11,49,25.86,76.3,0.45
SURIN,2018-12,49,26.66,62.99,0.19
SURIN,2019-01,63,26.53,53.58,0.0
SURIN,2019-02,74,30.97,41.85,0.2
SURIN,2019-03,67,31.91,45.68,0.77
SURIN,2019-04,69,31.1,62.49,2.63
SURIN,2019-05,141,29.44,72.64,5.27
SURIN,2019-06,495,28.45,79.13,4.0
SURIN,2019-07,533,27.1,80.62,7.0
SURIN,2019-08,430,26.67,86.22,12.39
SURIN,2019-09,394,25.97,89.26,12.15
SURIN,2019-10,232,26.34,83.56,0.75
SURIN,2019-11,107,25.7,73.23,0.23
SURIN,2019-12,51,25.06,58.79,0.0
SURIN,2020-01,55,27.75,50.02,0.02
SURIN,2020-02,32,28.09,45.44,0.0
SURIN,2020-03,23,31.89,48.65,0.63
SURIN,2020-04,45,29.72,62.22,2.44
SURIN,2020-05,71,30.06,70.43,5.23
SURIN,2020-06,174,27.13,86.41,7.49
SURIN,2020-07,420,27.08,85.91,6.98
SURIN,2020-08,451,26.5,89.2,9.83
SURIN,2020-09,345,26.71,88.98,12.45
SURIN,2020-10,120,24.62,91.4,8.07
SURIN,2020-11,50,24.04,86.31,0.26
SURIN,2020-12,17,22.56,75.82,0.0
SURIN,2021-01,23,22.86,59.44,0.0
SURIN,2021-02,10,26.36,53.63,1.08
SURIN,2021-03,14,31.12,49.34,0.95
SURIN,2021-04,8,29.57,66.88,4.16
SURIN,2021-05,45,28.54,79.77,6.33
SURIN,2021-06,88,27.02,86.57,7.39
SURIN,2021-07,63,26.66,87.51,7.36
SURIN,2021-08,59,26.9,86.9,6.1
SURIN,2021-09,60,26.09,90.01,13.1
SURIN,2021-10,20,25.48,90.31,7.48
SURIN,2021-11,6,24.01,85.96,0.39
SURIN,2021-12,4,22.02,77.09,0.08
SURIN,2022-01,3,26.06,60.99,0.17
SURIN,2022-02,6,25.72,62.89,1.68
SURIN,2022-03,8,29.12,64.44,4.01
SURIN,2022-04,4,27.34,71.32,3.67
SURIN,2022-05,40,26.6,84.2,9.26
SURIN,2022-06,87,26.76,87.31,4.85
SURIN,2022-07,147,26.73,88.46,9.95
SURIN,2022-08,113,26.38,89.4,11.01
SURIN,2022-09,52,26.06,90.68,20.07
SURIN,2022-10,23,24.59,88.45,3.98
SURIN,2022-11,35,25.14,84.44,1.35
SURIN,2022-12,9,22.44,72.66,0.11
TAK,2015-01,12,19.11,69.96,1.46
TAK,2015-02,8,22.2,58.24,0.08
TAK,2015-03,16,25.7,59.71,0.92
TAK,2015-04,29,26.49,62.49,1.82
TAK,2015-05,114,26.33,72.42,1.91
TAK,2015-06,246,25.0,78.2,3.82
TAK,2015-07,296,23.59,84.37,6.23
TAK,2015-08,205,23.34,86.55,6.03
TAK,2015-09,157,23.5,88.91,7.34
TAK,2015-10,124,23.05,87.95,4.43
TAK,2015-11,136,23.37,81.35,0.89
TAK,2015-12,66,21.53,73.74,0.54
TAK,2016-01,26,19.98,63.7,1.09
TAK,2016-02,18,22.0,52.88,0.0
TAK,2016-03,20,25.62,56.26,0.15
TAK,2016-04,19,28.23,57.69,0.15
TAK,2016-05,19,27.37,66.06,3.08
TAK,2016-06,31,24.33,84.83,6.66
TAK,2016-07,58,23.67,86.31,7.72
TAK,2016-08,63,23.2,88.47,6.41
TAK,2016-09,43,22.95,91.31,8.0
TAK,2016-10,49,23.25,91.14,7.26
TAK,2016-11,39,21.73,88.32,1.4
TAK,2016-12,17,19.54,82.5,0.03
TAK,2017-01,4,20.54,81.02,0.8
TAK,2017-02,2,21.76,62.94,0.12
TAK,2017-03,7,24.89,59.58,0.8
TAK,2017-04,5,25.9,70.96,2.64
TAK,2017-05,50,25.12,84.47,11.28
TAK,2017-06,175,23.78,87.91,5.39
TAK,2017-07,213,22.79,89.79,12.87
TAK,2017-08,192,23.06,89.84,7.87
TAK,2017-09,104,23.76,90.96,6.29
TAK,2017-10,72,22.94,91.42,7.45
TAK,2017-11,44,21.18,88.61,0.75
TAK,2017-12,31,18.72,83.95,0.67
TAK,2018-01,14,20.15,81.64,0.22
TAK,2018-02,11,21.21,76.65,0.86
TAK,2018-03,16,23.9,65.38,0.72
TAK,2018-04,20,25.3,70.62,2.5
TAK,2018-05,73,24.74,82.32,5.8
TAK,2018-06,139,23.66,85.97,6.63
TAK,2018-07,192,23.02,88.3,7.93
TAK,2018-08,100,22.66,89.47,7.31
TAK,2018-09,75,23.37,89.89,5.6
TAK,2018-10,48,23.25,89.94,4.04
TAK,2018-11,48,21.88,85.54,0.71
TAK,2018-12,35,21.2,80.94,0.35
TAK,2019-01,11,21.39,74.31,0.41
TAK,2019-02,24,23.76,61.49,0.59
TAK,2019-03,21,25.49,57.76,0.44
TAK,2019-04,47,28.16,56.67,0.92
TAK,2019-05,65,25.95,78.05,4.33
TAK,2019-06,113,24.58,85.83,7.2
TAK,2019-07,268,23.43,84.69,3.79
TAK,2019-08,177,23.08,89.02,12.15
TAK,2019-09,78,23.23,88.84,7.13
TAK,2019-10,68,23.52,88.15,3.46
TAK,2019-11,48,21.72,82.33,0.68
TAK,2019-12,16,19.51,71.29,0.0
TAK,2020-01,17,22.68,61.74,0.0
TAK,2020-02,13,23.63,53.54,0.04
TAK,2020-03,7,26.06,52.38,0.15
TAK,2020-04,12,26.84,59.61,2.76
TAK,2020-05,42,26.38,74.73,2.51
TAK,2020-06,48,24.69,83.99,4.7
TAK,2020-07,135,24.34,84.32,3.63
TAK,2020-08,91,23.58,87.33,7.63
TAK,2020-09,70,23.81,90.61,7.92
TAK,2020-10,35,22.31,90.72,6.99
TAK,2020-11,27,21.7,85.6,0.52
TAK,2020-12,17,19.83,77.66,0.0
TAK,2021-01,6,19.89,67.9,0.04
TAK,2021-02,8,23.29,59.21,0.2
TAK,2021-03,13,26.26,57.97,0.63
TAK,2021-04,13,24.37,82.54,8.7
TAK,2021-05,51,25.22,82.01,3.64
TAK,2021-06,100,23.85,86.1,4.44
TAK,2021-07,56,23.52,88.59,12.69
TAK,2021-08,24,23.67,89.1,8.26
TAK,2021-09,10,23.23,92.32,14.34
TAK,2021-10,5,23.07,91.88,8.6
TAK,2021-11,14,21.74,88.21,0.98
TAK,2021-12,5,18.09,83.45,0.0
TAK,2022-01,9,19.78,82.36,0.48
TAK,2022-02,6,20.18,83.58,3.46
TAK,2022-03,10,24.47,79.21,1.35
TAK,2022-04,21,24.97,73.62,3.62
TAK,2022-05,75,23.48,87.4,12.0
TAK,2022-06,258,23.59,88.39,5.55
TAK,2022-07,218,24.02,88.1,7.23
TAK,2022-08,172,23.47,90.27,10.79
TAK,2022-09,163,23.08,92.43,12.65
TAK,2022-10,85,22.28,89.79,5.58
TAK,2022-11,67,22.15,89.82,1.98
TAK,2022-12,56,19.58,84.76,0.27
TRAD,2015-01,19,24.93,74.44,0.37
TRAD,2015-02,13,25.98,75.21,0.69
TRAD,2015-03,26,27.44,78.55,1.28
TRAD,2015-04,53,28.25,78.2,3.09
TRAD,2015-05,77,28.81,80.49,6.05
TRAD,2015-06,146,27.85,82.98,16.63
TRAD,2015-07,138,27.62,83.48,10.74
TRAD,2015-08,60,27.05,85.83,17.08
TRAD,2015-09,43,27.01,86.43,18.54
TRAD,2015-10,31,27.5,82.17,8.16
TRAD,2015-11,36,27.83,79.16,4.63
TRAD,2015-12,33,27.29,76.25,1.5
TRAD,2016-01,17,26.75,77.24,2.17
TRAD,2016-02,19,26.56,72.59,0.31
TRAD,2016-03,9,27.69,78.16,1.37
TRAD,2016-04,14,29.13,76.31,1.77
TRAD,2016-05,15,29.16,79.57,7.85
TRAD,2016-06,18,27.75,85.19,17.98
TRAD,2016-07,17,27.34,84.01,14.71
TRAD,2016-08,20,27.48,86.38,12.29
TRAD,2016-09,7,26.71,88.6,16.85
TRAD,2016-10,4,26.86,88.06,14.69
TRAD,2016-11,11,27.3,83.09,5.22
TRAD,2016-12,3,26.1,81.23,3.98
TRAD,2017-01,5,26.39,78.68,5.23
TRAD,2017-02,2,26.45,75.38,1.6
TRAD,2017-03,2,27.41,78.99,3.26
TRAD,2017-04,2,28.16,79.94,4.38
TRAD,2017-05,6,28.42,83.19,13.78
TRAD,2017-06,13,27.79,84.99,13.33
TRAD,2017-07,8,27.13,85.73,19.08
TRAD,2017-08,10,27.28,86.25,15.73
TRAD,2017-09,6,27.71,85.06,14.51
TRAD,2017-10,7,27.34,84.91,9.05
TRAD,2017-11,4,26.63,85.83,8.6
TRAD,2017-12,4,25.45,80.49,1.78
TRAD,2018-01,6,25.95,80.56,2.49
TRAD,2018-02,9,25.89,76.45,1.41
TRAD,2018-03,16,27.3,80.59,3.17
TRAD,2018-04,15,27.73,81.28,5.21
TRAD,2018-05,31,28.29,80.99,7.52
TRAD,2018-06,56,27.77,83.35,15.38
TRAD,2018-07,71,27.37,86.11,17.31
TRAD,2018-08,34,27.01,85.23,16.05
TRAD,2018-09,53,27.0,85.9,14.78
TRAD,2018-10,38,27.68,83.17,9.41
TRAD,2018-11,36,27.26,81.07,4.34
TRAD,2018-12,21,27.28,78.95,4.04
TRAD,2019-01,27,26.37,75.2,0.85
TRAD,2019-02,19,26.84,79.27,0.65
TRAD,2019-03,23,27.58,78.5,2.48
TRAD,2019-04,49,28.85,79.73,3.0
TRAD,2019-05,113,28.83,82.62,9.93
TRAD,2019-06,120,28.27,83.79,18.17
TRAD,2019-07,39,27.84,82.79,15.08
TRAD,2019-08,49,27.39,86.07,17.33
TRAD,2019-09,21,26.95,86.87,15.93
TRAD,2019-10,16,27.78,80.94,4.7
TRAD,2019-11,14,27.28,76.84,2.55
TRAD,2019-12,5,25.8,75.44,0.33
TRAD,2020-01,15,26.77,76.35,1.56
TRAD,2020-02,11,27.11,71.31,1.0
TRAD,2020-03,3,27.93,79.15,2.18
TRAD,2020-04,3,28.24,81.02,6.72
TRAD,2020-05,9,29.01,81.7,8.5
TRAD,2020-06,23,27.78,85.52,18.49
TRAD,2020-07,32,27.65,83.43,14.61
TRAD,2020-08,37,27.6,84.98,14.67
TRAD,2020-09,18,27.46,86.05,19.29
TRAD,2020-10,5,26.56,87.29,22.88
TRAD,2020-11,4,26.82,82.92,7.57
TRAD,2020-12,2,25.44,82.43,3.25
TRAD,2021-01,2,24.88,75.58,0.53
TRAD,2021-02,0,26.52,73.87,1.0
TRAD,2021-03,0,27.61,80.45,2.02
TRAD,2021-04,0,28.18,81.16,7.78
TRAD,2021-05,1,28.49,83.62,11.0
TRAD,2021-06,0,27.94,83.81,12.44
TRAD,2021-07,2,27.57,84.6,19.51
TRAD,2021-08,2,27.27,85.94,17.13
TRAD,2021-09,1,26.74,87.42,22.66
TRAD,2021-10,1,27.12,86.63,15.78
TRAD,2021-11,1,26.92,84.78,11.22
TRAD,2021-12,0,25.01,82.2,1.48
TRAD,2022-01,0,26.45,75.42,0.66
TRAD,2022-02,0,26.76,79.89,7.53
TRAD,2022-03,1,27.7,82.67,4.73
TRAD,2022-04,0,27.96,79.67,4.52
TRAD,2022-05,4,27.91,83.4,14.14
TRAD,2022-06,4,27.88,83.73,10.38
TRAD,2022-07,9,27.54,85.82,21.57
TRAD,2022-08,6,27.13,85.97,21.45
TRAD,2022-09,9,26.71,87.61,20.92
TRAD,2022-10,13,26.77,83.68,11.4
TRAD,2022-11,10,26.93,83.98,7.44
TRAD,2022-12,12,25.48,79.2,2.19
TRANG,2015-01,1,25.41,83.87,0.96
TRANG,2015-02,3,25.5,80.09,0.71
TRANG,2015-03,0,27.99,72.4,0.19
TRANG,2015-04,2,28.4,76.98,2.82
TRANG,2015-05,2,28.13,82.88,6.38
TRANG,2015-06,7,27.71,84.15,6.32
TRANG,2015-07,18,27.18,86.53,9.96
TRANG,2015-08,8,26.78,86.32,12.28
TRANG,2015-09,5,26.52,87.77,12.54
TRANG,2015-10,5,26.93,86.4,5.61
TRANG,2015-11,0,26.57,89.37,6.97
TRANG,2015-12,6,26.61,86.83,2.36
TRANG,2016-01,4,26.85,84.6,1.6
TRANG,2016-02,6,26.75,79.64,1.08
TRANG,2016-03,6,28.93,69.78,0.02
TRANG,2016-04,3,30.19,69.85,1.19
TRANG,2016-05,1,29.17,78.87,10.82
TRANG,2016-06,10,27.18,87.55,8.01
TRANG,2016-07,32,26.95,86.74,9.65
TRANG,2016-08,18,27.06,87.25,8.93
TRANG,2016-09,16,26.39,88.63,7.61
TRANG,2016-10,7,26.07,90.29,9.55
TRANG,2016-11,11,26.65,88.64,7.23
TRANG,2016-12,7,26.05,89.09,9.4
TRANG,2017-01,2,25.85,89.29,12.75
TRANG,2017-02,2,26.08,83.76,1.04
TRANG,2017-03,2,26.97,82.76,4.14
TRANG,2017-04,5,27.2,87.81,6.24
TRANG,2017-05,9,27.72,86.86,10.69
TRANG,2017-06,17,27.17,87.65,7.24
TRANG,2017-07,13,27.08,86.13,3.75
TRANG,2017-08,13,26.74,87.21,12.8
TRANG,2017-09,11,26.76,87.88,14.27
TRANG,2017-10,12,26.92,86.23,5.66
TRANG,2017-11,7,26.37,90.06,15.01
TRANG,2017-12,9,25.98,87.46,3.71
TRANG,2018-01,12,25.78,87.73,6.88
TRANG,2018-02,5,26.04,81.81,0.66
TRANG,2018-03,3,27.5,79.47,1.45
TRANG,2018-04,10,28.13,79.53,3.4
TRANG,2018-05,14,27.86,83.61,7.9
TRANG,2018-06,17,27.29,84.65,6.95
TRANG,2018-07,43,27.04,86.66,9.08
TRANG,2018-08,29,27.0,86.22,5.77
TRANG,2018-09,22,26.57,86.4,8.49
TRANG,2018-10,21,26.63,87.53,9.75
TRANG,2018-11,21,26.66,88.52,6.28
TRANG,2018-12,10,26.39,88.95,6.77
TRANG,2019-01,14,26.08,84.72,1.95
TRANG,2019-02,19,26.96,78.05,0.12
TRANG,2019-03,9,28.75,72.37,1.45
TRANG,2019-04,8,29.41,75.82,4.28
TRANG,2019-05,33,27.95,84.65,6.21
TRANG,2019-06,47,27.62,86.86,8.9
TRANG,2019-07,52,27.52,84.26,7.46
TRANG,2019-08,49,27.14,86.51,9.81
TRANG,2019-09,33,26.8,86.76,6.46
TRANG,2019-10,11,26.8,86.49,10.33
TRANG,2019-11,7,26.61,87.66,7.1
TRANG,2019-12,8,25.87,85.41,1.95
TRANG,2020-01,9,26.57,80.89,0.18
TRANG,2020-02,6,27.34,75.03,0.61
TRANG,2020-03,1,29.15,69.03,0.67
TRANG,2020-04,9,28.78,77.47,4.28
TRANG,2020-05,7,28.01,86.21,10.42
TRANG,2020-06,19,27.09,86.68,11.31
TRANG,2020-07,23,26.98,86.2,9.4
TRANG,2020-08,21,27.21,85.84,6.53
TRANG,2020-09,12,26.69,87.79,16.31
TRANG,2020-10,6,26.32,89.34,17.16
TRANG,2020-11,5,26.61,88.98,11.41
TRANG,2020-12,2,25.83,89.09,10.49
TRANG,2021-01,2,25.55,85.17,1.53
TRANG,2021-02,1,26.16,79.6,0.05
TRANG,2021-03,2,27.79,75.66,1.57
TRANG,2021-04,0,27.43,84.69,8.68
TRANG,2021-05,0,27.55,87.69,8.66
TRANG,2021-06,5,27.2,86.89,5.64
TRANG,2021-07,3,27.16,87.1,9.83
TRANG,2021-08,2,26.68,87.81,11.09
TRANG,2021-09,2,26.77,86.14,11.48
TRANG,2021-10,6,26.88,87.61,8.65
TRANG,2021-11,7,26.27,92.14,13.25
TRANG,2021-12,2,25.85,87.43,3.23
TRANG,2022-01,2,26.13,83.68,1.18
TRANG,2022-02,1,26.54,86.07,6.32
TRANG,2022-03,1,27.32,83.89,5.68
TRANG,2022-04,13,27.47,86.42,6.99
TRANG,2022-05,20,27.47,87.33,8.52
TRANG,2022-06,16,26.92,87.1,9.59
TRANG,2022-07,25,27.07,87.98,9.56
TRANG,2022-08,32,26.78,87.92,9.8
TRANG,2022-09,18,26.63,87.61,9.58
TRANG,2022-10,13,26.36,88.83,15.88
TRANG,2022-11,24,26.25,89.67,9.53
TRANG,2022-12,22,25.54,88.71,8.99
UBON RATCHATHANI,2015-01,6,24.69,49.35,0.0
UBON RATCHATHANI,2015-02,7,27.53,51.27,0.87
UBON RATCHATHANI,2015-03,27,31.3,45.45,0.49
UBON RATCHATHANI,2015-04,54,31.84,47.05,1.21
UBON RATCHATHANI,2015-05,134,30.33,64.65,3.25
UBON RATCHATHANI,2015-06,340,28.83,72.32,4.96
UBON RATCHATHANI,2015-07,548,26.6,84.4,8.1
UBON RATCHATHANI,2015-08,699,26.34,89.08,6.88
UBON RATCHATHANI,2015-09,463,26.48,87.75,6.92
UBON RATCHATHANI,2015-10,307,26.04,83.01,4.15
UBON RATCHATHANI,2015-11,238,26.82,77.69,0.7
UBON RATCHATHANI,2015-12,99,27.08,58.65,0.0
UBON RATCHATHANI,2016-01,136,26.93,57.41,0.95
UBON RATCHATHANI,2016-02,102,25.81,48.04,0.02
UBON RATCHATHANI,2016-03,131,31.48,41.7,0.02
UBON RATCHATHANI,2016-04,81,34.12,42.38,1.3
UBON RATCHATHANI,2016-05,60,29.77,72.01,5.87
UBON RATCHATHANI,2016-06,132,27.39,84.55,10.99
UBON RATCHATHANI,2016-07,203,26.31,88.95,8.52
UBON RATCHATHANI,2016-08,221,26.6,88.72,8.7
UBON RATCHATHANI,2016-09,120,26.36,89.69,17.79
UBON RATCHATHANI,2016-10,82,26.55,86.8,4.69
UBON RATCHATHANI,2016-11,38,24.9,87.46,1.29
UBON RATCHATHANI,2016-12,10,23.03,82.82,0.32
UBON RATCHATHANI,2017-01,7,25.61,66.02,0.12
UBON RATCHATHANI,2017-02,15,26.12,56.5,0.04
UBON RATCHATHANI,2017-03,18,29.14,57.52,2.0
UBON RATCHATHANI,2017-04,12,29.99,62.42,4.9
UBON RATCHATHANI,2017-05,55,27.97,82.64,11.29
UBON RATCHATHANI,2017-06,106,26.57,90.04,9.96
UBON RATCHATHANI,2017-07,138,25.74,91.91,20.42
UBON RATCHATHANI,2017-08,81,26.51,90.07,10.05
UBON RATCHATHANI,2017-09,55,26.9,88.5,6.97
UBON RATCHATHANI,2017-10,29,25.49,87.85,3.45
UBON RATCHATHANI,2017-11,7,24.45,86.46,0.57
UBON RATCHATHANI,2017-12,5,23.36,73.12,0.04
UBON RATCHATHANI,2018-01,6,25.97,61.32,0.08
UBON RATCHATHANI,2018-02,16,26.24,52.78,0.13
UBON RATCHATHANI,2018-03,29,28.46,60.39,2.99
UBON RATCHATHANI,2018-04,51,29.61,60.5,2.33
UBON RATCHATHANI,2018-05,282,28.75,74.07,5.98
UBON RATCHATHANI,2018-06,406,26.58,88.03,11.48
UBON RATCHATHANI,2018-07,333,25.95,91.0,16.19
UBON RATCHATHANI,2018-08,161,25.61,91.77,15.95
UBON RATCHATHANI,2018-09,75,26.55,87.98,8.87
UBON RATCHATHANI,2018-10,38,26.32,84.72,1.68
UBON RATCHATHANI,2018-11,36,25.67,79.77,0.52
UBON RATCHATHANI,2018-12,44,26.67,67.19,0.42
UBON RATCHATHANI,2019-01,85,26.4,57.14,0.0
UBON RATCHATHANI,2019-02,100,30.41,46.34,0.13
UBON RATCHATHANI,2019-03,208,31.73,46.75,0.59
UBON RATCHATHANI,2019-04,223,31.26,60.45,2.83
UBON RATCHATHANI,2019-05,817,29.02,77.11,7.31
UBON RATCHATHANI,2019-06,1709,27.8,85.1,4.75
UBON RATCHATHANI,2019-07,1215,26.38,87.36,11.48
UBON RATCHATHANI,2019-08,870,26.25,90.51,14.15
UBON RATCHATHANI,2019-09,477,25.99,89.61,18.61
UBON RATCHATHANI,2019-10,209,26.38,83.77,1.07
UBON RATCHATHANI,2019-11,112,25.13,78.69,0.49
UBON RATCHATHANI,2019-12,48,24.87,62.77,0.01
UBON RATCHATHANI,2020-01,66,27.33,53.74,0.02
UBON RATCHATHANI,2020-02,119,28.09,46.69,0.0
UBON RATCHATHANI,2020-03,75,32.1,45.95,0.43
UBON RATCHATHANI,2020-04,137,30.25,57.75,1.98
UBON RATCHATHANI,2020-05,235,29.98,71.78,6.16
UBON RATCHATHANI,2020-06,401,27.27,86.4,6.22
UBON RATCHATHANI,2020-07,455,27.11,86.8,9.32
UBON RATCHATHANI,2020-08,301,26.47,90.08,13.98
UBON RATCHATHANI,2020-09,163,26.83,89.14,12.15
UBON RATCHATHANI,2020-10,65,25.03,91.35,7.56
UBON RATCHATHANI,2020-11,21,24.05,86.98,0.51
UBON RATCHATHANI,2020-12,23,22.37,80.06,0.01
UBON RATCHATHANI,2021-01,10,22.76,63.37,0.0
UBON RATCHATHANI,2021-02,13,26.23,56.0,0.83
UBON RATCHATHANI,2021-03,13,31.24,47.85,0.43
UBON RATCHATHANI,2021-04,11,30.38,62.07,5.72
UBON RATCHATHANI,2021-05,18,28.26,81.67,5.53
UBON RATCHATHANI,2021-06,38,26.83,88.05,9.29
UBON RATCHATHANI,2021-07,28,26.49,89.31,13.25
UBON RATCHATHANI,2021-08,18,26.65,88.92,8.73
UBON RATCHATHANI,2021-09,25,26.3,89.42,15.86
UBON RATCHATHANI,2021-10,8,25.78,89.9,8.35
UBON RATCHATHANI,2021-11,4,24.25,86.18,0.31
UBON RATCHATHANI,2021-12,2,21.93,80.41,0.12
UBON RATCHATHANI,2022-01,4,25.74,64.9,0.52
UBON RATCHATHANI,2022-02,2,26.41,61.71,1.25
UBON RATCHATHANI,2022-03,9,29.29,62.81,3.53
UBON RATCHATHANI,2022-04,10,27.53,70.83,4.01
UBON RATCHATHANI,2022-05,62,26.45,86.19,12.32
UBON RATCHATHANI,2022-06,170,26.78,88.24,3.86
UBON RATCHATHANI,2022-07,272,26.65,89.99,15.42
UBON RATCHATHANI,2022-08,184,26.36,90.18,16.09
UBON RATCHATHANI,2022-09,92,26.21,90.4,19.14
UBON RATCHATHANI,2022-10,64,24.88,87.89,4.05
UBON RATCHATHANI,2022-11,53,25.19,85.46,0.98
UBON RATCHATHANI,2022-12,28,21.99,77.77,1.34
UDON THANI,2015-01,2,20.43,61.52,0.19
UDON THANI,2015-02,0,24.64,59.44,1.45
UDON THANI,2015-03,2,29.53,53.16,1.17
UDON THANI,2015-04,1,30.83,46.4,2.12
UDON THANI,2015-05,5,31.35,59.51,2.94
UDON THANI,2015-06,11,29.59,67.25,2.66
UDON THANI,2015-07,6,27.93,76.75,8.93
UDON THANI,2015-08,18,26.73,87.03,6.88
UDON THANI,2015-09,21,26.57,87.91,6.69
UDON THANI,2015-10,11,25.18,83.54,3.54
UDON THANI,2015-11,25,25.0,80.42,0.79
UDON THANI,2015-12,4,22.47,68.43,0.16
UDON THANI,2016-01,3,22.74,61.77,1.11
UDON THANI,2016-02,5,21.8,49.37,0.0
UDON THANI,2016-03,5,29.46,39.77,0.06
UDON THANI,2016-04,2,33.89,42.72,2.2
UDON THANI,2016-05,3,30.65,65.86,7.27
UDON THANI,2016-06,6,28.16,79.89,7.18
UDON THANI,2016-07,10,26.72,86.25,6.33
UDON THANI,2016-08,13,26.71,86.64,10.99
UDON THANI,2016-09,7,26.52,88.21,8.69
UDON THANI,2016-10,8,25.93,86.79,4.55
UDON THANI,2016-11,4,22.67,84.24,2.52
UDON THANI,2016-12,1,20.08,79.1,0.09
UDON THANI,2017-01,2,22.09,74.38,0.14
UDON THANI,2017-02,0,23.18,60.63,0.23
UDON THANI,2017-03,2,27.32,63.8,3.73
UDON THANI,2017-04,4,29.28,60.6,2.06
UDON THANI,2017-05,14,28.09,77.14,8.79
UDON THANI,2017-06,27,26.78,87.73,10.18
UDON THANI,2017-07,36,26.13,90.24,15.74
UDON THANI,2017-08,22,26.37,90.18,10.03
UDON THANI,2017-09,13,27.21,87.1,8.05
UDON THANI,2017-10,2,24.68,88.42,6.45
UDON THANI,2017-11,4,22.02,83.83,0.06
UDON THANI,2017-12,1,19.15,77.97,0.47
UDON THANI,2018-01,0,21.47,71.31,0.15
UDON THANI,2018-02,1,22.52,64.11,1.81
UDON THANI,2018-03,0,26.93,58.36,0.72
UDON THANI,2018-04,3,28.5,61.26,5.36
UDON THANI,2018-05,30,27.73,81.19,8.32
UDON THANI,2018-06,84,26.86,86.31,8.92
UDON THANI,2018-07,31,26.06,89.74,11.15
UDON THANI,2018-08,22,25.95,90.16,9.36
UDON THANI,2018-09,16,26.68,86.69,6.4
UDON THANI,2018-10,11,25.28,84.94,1.48
UDON THANI,2018-11,13,23.61,81.37,0.28
UDON THANI,2018-12,9,21.7,74.67,0.61
UDON THANI,2019-01,34,22.06,68.68,0.0
UDON THANI,2019-02,42,27.27,58.48,1.77
UDON THANI,2019-03,80,29.72,54.19,1.15
UDON THANI,2019-04,67,32.84,51.77,1.41
UDON THANI,2019-05,76,30.13,68.72,4.96
UDON THANI,2019-06,261,28.07,83.49,8.52
UDON THANI,2019-07,339,26.92,84.32,6.22
UDON THANI,2019-08,161,26.48,88.4,16.65
UDON THANI,2019-09,54,26.02,86.82,6.53
UDON THANI,2019-10,32,25.78,83.1,1.29
UDON THANI,2019-11,13,23.11,78.44,0.1
UDON THANI,2019-12,8,21.03,68.82,0.0
UDON THANI,2020-01,15,24.18,63.79,0.12
UDON THANI,2020-02,7,25.44,54.18,0.0
UDON THANI,2020-03,10,28.9,59.37,3.15
UDON THANI,2020-04,22,28.46,59.76,1.46
UDON THANI,2020-05,24,30.76,66.45,6.81
UDON THANI,2020-06,28,27.45,86.06,5.5
UDON THANI,2020-07,291,27.3,86.24,6.63
UDON THANI,2020-08,177,26.56,88.76,12.63
UDON THANI,2020-09,88,27.12,87.43,7.28
UDON THANI,2020-10,16,23.65,88.1,8.12
UDON THANI,2020-11,9,22.62,84.38,0.19
UDON THANI,2020-12,1,19.05,78.22,0.0
UDON THANI,2021-01,2,18.8,68.72,0.0
UDON THANI,2021-02,0,24.05,63.06,1.12
UDON THANI,2021-03,0,28.36,59.35,1.97
UDON THANI,2021-04,1,28.62,69.33,6.01
UDON THANI,2021-05,0,28.82,76.76,3.44
UDON THANI,2021-06,0,27.29,85.32,9.07
UDON THANI,2021-07,1,27.09,86.12,7.1
UDON THANI,2021-08,0,27.03,86.23,6.02
UDON THANI,2021-09,0,26.52,88.27,10.91
UDON THANI,2021-10,2,24.49,86.89,4.54
UDON THANI,2021-11,0,22.26,81.69,0.09
UDON THANI,2021-12,0,19.22,75.77,0.0
UDON THANI,2022-01,1,22.68,69.77,0.4
UDON THANI,2022-02,0,21.54,68.95,2.62
UDON THANI,2022-03,0,27.59,67.66,3.42
UDON THANI,2022-04,0,27.78,62.65,2.33
UDON THANI,2022-05,8,26.27,81.55,8.94
UDON THANI,2022-06,49,26.95,86.34,5.82
UDON THANI,2022-07,40,27.19,87.52,11.44
UDON THANI,2022-08,101,26.62,88.79,11.48
UDON THANI,2022-09,21,26.67,88.17,9.33
UDON THANI,2022-10,0,23.8,85.86,2.66
UDON THANI,2022-11,0,24.44,83.97,1.02
UDON THANI,2022-12,1,19.15,74.26,0.0
UTHAI THANI,2015-01,9,20.69,65.76,0.97
UTHAI THANI,2015-02,5,24.07,60.83,0.17
UTHAI THANI,2015-03,4,27.42,61.16,1.41
UTHAI THANI,2015-04,27,28.26,60.12,1.96
UTHAI THANI,2015-05,76,28.76,65.73,2.39
UTHAI THANI,2015-06,101,27.05,73.19,5.78
UTHAI THANI,2015-07,172,25.2,81.3,7.04
UTHAI THANI,2015-08,230,25.04,83.96,6.26
UTHAI THANI,2015-09,235,25.07,86.15,8.64
UTHAI THANI,2015-10,165,24.52,85.75,5.0
UTHAI THANI,2015-11,138,24.6,81.22,1.12
UTHAI THANI,2015-12,46,23.3,71.53,0.29
UTHAI THANI,2016-01,26,22.46,64.36,0.84
UTHAI THANI,2016-02,14,23.55,53.26,0.0
UTHAI THANI,2016-03,20,28.11,49.41,0.58
UTHAI THANI,2016-04,8,31.59,47.58,0.14
UTHAI THANI,2016-05,3,29.25,63.96,4.7
UTHAI THANI,2016-06,5,25.98,82.39,6.8
UTHAI THANI,2016-07,10,25.23,83.81,7.43
UTHAI THANI,2016-08,7,24.9,84.95,9.13
UTHAI THANI,2016-09,14,24.45,88.67,7.55
UTHAI THANI,2016-10,11,24.79,88.4,7.24
UTHAI THANI,2016-11,7,22.88,86.19,1.04
UTHAI THANI,2016-12,4,20.68,81.42,0.04
UTHAI THANI,2017-01,1,22.06,79.01,0.77
UTHAI THANI,2017-02,0,23.85,61.14,0.14
UTHAI THANI,2017-03,0,27.25,58.45,1.33
UTHAI THANI,2017-04,0,27.98,66.12,2.4
UTHAI THANI,2017-05,2,26.67,82.21,10.07
UTHAI THANI,2017-06,9,25.33,86.42,6.19
UTHAI THANI,2017-07,14,24.4,88.05,15.98
UTHAI THANI,2017-08,13,24.79,87.41,8.87
UTHAI THANI,2017-09,12,25.41,87.92,6.11
UTHAI THANI,2017-10,13,24.25,89.55,7.89
UTHAI THANI,2017-11,6,22.14,88.68,1.07
UTHAI THANI,2017-12,11,19.98,83.04,0.69
UTHAI THANI,2018-01,4,21.95,79.61,0.24
UTHAI THANI,2018-02,4,22.83,75.36,1.02
UTHAI THANI,2018-03,4,25.49,67.48,0.59
UTHAI THANI,2018-04,13,26.88,69.78,3.62
UTHAI THANI,2018-05,46,26.43,80.08,5.1
UTHAI THANI,2018-06,101,25.25,83.6,7.07
UTHAI THANI,2018-07,86,24.54,85.83,10.26
UTHAI THANI,2018-08,29,24.11,87.53,10.09
UTHAI THANI,2018-09,15,24.76,87.98,5.22
UTHAI THANI,2018-10,31,24.64,86.83,3.51
UTHAI THANI,2018-11,30,23.54,81.67,0.85
UTHAI THANI,2018-12,17,22.71,78.29,0.61
UTHAI THANI,2019-01,11,22.74,71.44,0.2
UTHAI THANI,2019-02,23,25.85,63.42,0.44
UTHAI THANI,2019-03,16,27.68,55.02,0.54
UTHAI THANI,2019-04,14,30.73,53.54,0.85
UTHAI THANI,2019-05,12,28.18,72.06,4.54
UTHAI THANI,2019-06,41,26.27,84.09,7.69
UTHAI THANI,2019-07,84,25.24,80.65,4.59
UTHAI THANI,2019-08,46,24.82,85.81,13.67
UTHAI THANI,2019-09,47,24.67,86.91,8.57
UTHAI THANI,2019-10,45,25.11,84.47,2.83
UTHAI THANI,2019-11,20,23.21,80.0,0.62
UTHAI THANI,2019-12,16,21.12,70.78,0.0
UTHAI THANI,2020-01,14,24.31,63.06,0.0
UTHAI THANI,2020-02,7,25.52,53.84,0.02
UTHAI THANI,2020-03,10,28.86,50.83,0.35
UTHAI THANI,2020-04,0,29.26,55.91,2.63
UTHAI THANI,2020-05,1,28.33,71.53,3.22
UTHAI THANI,2020-06,17,26.32,82.25,5.54
UTHAI THANI,2020-07,42,26.01,82.28,5.32
UTHAI THANI,2020-08,39,25.14,85.27,8.4
UTHAI THANI,2020-09,34,25.29,88.81,9.85
UTHAI THANI,2020-10,12,23.22,89.85,9.54
UTHAI THANI,2020-11,7,22.76,85.87,0.55
UTHAI THANI,2020-12,5,20.83,79.14,0.01
UTHAI THANI,2021-01,1,20.72,69.17,0.01
UTHAI THANI,2021-02,0,24.24,62.82,0.23
UTHAI THANI,2021-03,0,27.93,61.29,0.8
UTHAI THANI,2021-04,3,26.21,79.58,7.48
UTHAI THANI,2021-05,12,26.84,79.99,3.59
UTHAI THANI,2021-06,7,25.35,84.51,6.05
UTHAI THANI,2021-07,2,24.9,86.65,15.05
UTHAI THANI,2021-08,5,25.15,87.34,8.71
UTHAI THANI,2021-09,3,24.5,90.38,13.22
UTHAI THANI,2021-10,5,24.29,90.01,7.71
UTHAI THANI,2021-11,2,22.57,88.17,0.83
UTHAI THANI,2021-12,0,19.5,82.22,0.04
UTHAI THANI,2022-01,2,21.95,78.59,0.57
UTHAI THANI,2022-02,0,22.48,79.81,2.68
UTHAI THANI,2022-03,0,26.31,76.2,2.41
UTHAI THANI,2022-04,1,26.36,72.24,4.16
UTHAI THANI,2022-05,0,24.99,85.51,10.73
UTHAI THANI,2022-06,7,25.18,86.75,7.03
UTHAI THANI,2022-07,13,25.45,86.91,8.85
UTHAI THANI,2022-08,24,24.85,88.17,11.4
UTHAI THANI,2022-09,10,24.5,90.51,11.59
UTHAI THANI,2022-10,9,23.3,88.6,6.38
UTHAI THANI,2022-11,15,23.49,88.03,2.04
UTHAI THANI,2022-12,9,20.43,82.16,0.11
UTTARADIT,2015-01,2,19.82,64.46,1.32
UTTARADIT,2015-02,0,23.71,58.71,0.44
UTTARADIT,2015-03,0,27.67,54.82,0.9
UTTARADIT,2015-04,3,28.13,57.85,2.63
UTTARADIT,2015-05,5,28.8,66.64,2.05
UTTARADIT,2015-06,14,27.71,70.86,2.26
UTTARADIT,2015-07,33,26.26,78.6,5.09
UTTARADIT,2015-08,59,25.17,85.36,5.69
UTTARADIT,2015-09,73,25.71,84.14,4.36
UTTARADIT,2015-10,30,25.26,78.39,2.49
UTTARADIT,2015-11,30,25.81,69.02,0.55
UTTARADIT,2015-12,14,22.54,66.94,1.5
UTTARADIT,2016-01,13,21.35,58.53,1.41
UTTARADIT,2016-02,6,22.18,50.28,0.04
UTTARADIT,2016-03,22,27.88,44.2,0.03
UTTARADIT,2016-04,11,31.58,44.95,0.96
UTTARADIT,2016-05,12,28.73,67.88,5.47
UTTARADIT,2016-06,12,26.27,81.11,5.83
UTTARADIT,2016-07,37,25.4,85.33,7.93
UTTARADIT,2016-08,46,25.15,86.34,7.99
UTTARADIT,2016-09,36,25.28,86.92,7.73
UTTARADIT,2016-10,7,25.21,84.96,4.67
UTTARADIT,2016-11,6,22.37,83.88,2.17
UTTARADIT,2016-12,1,20.02,80.2,0.1
UTTARADIT,2017-01,2,21.17,80.32,1.06
UTTARADIT,2017-02,7,22.18,64.34,0.04
UTTARADIT,2017-03,4,26.64,60.04,1.4
UTTARADIT,2017-04,2,26.69,70.23,3.82
UTTARADIT,2017-05,27,26.29,81.3,8.12
UTTARADIT,2017-06,30,25.67,85.37,4.46
UTTARADIT,2017-07,47,24.79,88.49,13.61
UTTARADIT,2017-08,52,24.96,88.49,7.57
UTTARADIT,2017-09,22,25.62,86.75,9.26
UTTARADIT,2017-10,11,24.09,87.56,3.95
UTTARADIT,2017-11,3,21.84,85.5,0.31
UTTARADIT,2017-12,3,18.94,83.13,0.9
UTTARADIT,2018-01,0,20.52,77.88,0.63
UTTARADIT,2018-02,3,21.48,73.56,1.25
UTTARADIT,2018-03,3,24.69,66.69,0.83
UTTARADIT,2018-04,9,26.01,73.35,4.63
UTTARADIT,2018-05,35,26.03,82.58,6.3
UTTARADIT,2018-06,38,25.38,85.28,5.14
UTTARADIT,2018-07,53,24.93,87.58,7.44
UTTARADIT,2018-08,42,24.58,88.69,6.2
UTTARADIT,2018-09,20,25.37,86.1,4.53
UTTARADIT,2018-10,14,24.54,84.24,2.13
UTTARADIT,2018-11,9,22.86,82.23,0.76
UTTARADIT,2018-12,5,20.89,80.0,0.21
UTTARADIT,2019-01,10,20.86,78.22,0.85
UTTARADIT,2019-02,7,24.8,61.28,0.56
UTTARADIT,2019-03,10,27.56,53.15,0.2
UTTARADIT,2019-04,46,30.56,53.37,1.22
UTTARADIT,2019-05,25,28.62,70.55,4.4
UTTARADIT,2019-06,74,26.8,80.77,3.81
UTTARADIT,2019-07,171,25.94,78.98,3.96
UTTARADIT,2019-08,67,25.09,88.11,12.77
UTTARADIT,2019-09,54,25.27,83.05,4.99
UTTARADIT,2019-10,36,25.06,80.94,1.62
UTTARADIT,2019-11,22,22.81,77.91,0.43
UTTARADIT,2019-12,17,20.14,70.07,0.02
UTTARADIT,2020-01,6,23.42,63.8,0.0
UTTARADIT,2020-02,9,24.12,55.09,0.0
UTTARADIT,2020-03,13,28.01,53.81,0.67
UTTARADIT,2020-04,22,27.94,59.68,3.58
UTTARADIT,2020-05,47,28.43,71.71,5.02
UTTARADIT,2020-06,54,26.27,83.73,5.59
UTTARADIT,2020-07,124,25.76,85.74,5.92
UTTARADIT,2020-08,136,25.26,87.31,13.72
UTTARADIT,2020-09,69,25.72,87.23,6.44
UTTARADIT,2020-10,34,23.95,85.28,3.23
UTTARADIT,2020-11,24,22.51,82.51,0.23
UTTARADIT,2020-12,15,19.3,78.55,0.0
UTTARADIT,2021-01,8,18.76,72.46,0.01
UTTARADIT,2021-02,5,23.09,65.3,0.84
UTTARADIT,2021-03,6,27.11,60.71,0.58
UTTARADIT,2021-04,8,26.32,76.61,7.41
UTTARADIT,2021-05,29,27.05,79.07,3.47
UTTARADIT,2021-06,42,25.61,84.87,4.83
UTTARADIT,2021-07,18,25.47,86.37,8.03
UTTARADIT,2021-08,24,25.6,85.6,5.84
UTTARADIT,2021-09,20,25.38,86.55,10.03
UTTARADIT,2021-10,7,24.23,86.3,5.53
UTTARADIT,2021-11,3,22.3,82.52,0.53
UTTARADIT,2021-12,0,18.36,79.55,0.02
UTTARADIT,2022-01,0,21.04,75.14,0.56
UTTARADIT,2022-02,0,21.05,76.09,2.51
UTTARADIT,2022-03,0,26.52,72.22,3.33
UTTARADIT,2022-04,2,26.2,70.32,2.88
UTTARADIT,2022-05,2,24.97,83.26,6.61
UTTARADIT,2022-06,43,25.54,84.61,2.82
UTTARADIT,2022-07,53,25.79,86.31,9.38
UTTARADIT,2022-08,49,25.24,87.85,8.31
UTTARADIT,2022-09,23,25.09,88.12,9.15
UTTARADIT,2022-10,3,23.51,84.63,4.24
UTTARADIT,2022-11,3,23.67,83.71,0.68
UTTARADIT,2022-12,6,19.17,81.18,0.16
YALA,2015-01,3,22.47,88.76,1.87
YALA,2015-02,3,22.57,86.11,0.21
YALA,2015-03,7,23.93,83.8,0.36
YALA,2015-04,4,25.19,84.34,5.53
YALA,2015-05,5,25.56,87.07,4.52
YALA,2015-06,9,25.05,88.01,4.37
YALA,2015-07,13,24.57,88.79,4.93
YALA,2015-08,7,24.44,88.73,8.24
YALA,2015-09,10,24.52,88.17,6.68
YALA,2015-10,6,24.74,88.68,7.35
YALA,2015-11,15,24.17,91.72,15.62
YALA,2015-12,15,23.93,90.56,7.23
YALA,2016-01,18,24.16,89.79,3.76
YALA,2016-02,9,23.51,88.04,2.27
YALA,2016-03,6,24.6,83.69,0.47
YALA,2016-04,5,26.62,78.78,0.62
YALA,2016-05,11,26.28,83.62,5.92
YALA,2016-06,11,24.75,88.41,6.04
YALA,2016-07,24,24.58,89.1,4.61
YALA,2016-08,56,24.67,87.87,4.53
YALA,2016-09,77,24.23,88.01,5.8
YALA,2016-10,100,24.02,89.74,8.6
YALA,2016-11,75,24.26,91.03,10.41
YALA,2016-12,103,23.54,92.64,22.28
YALA,2017-01,43,23.57,91.57,20.19
YALA,2017-02,13,23.45,88.52,1.95
YALA,2017-03,13,24.28,87.58,3.49
YALA,2017-04,9,25.06,89.38,6.96
YALA,2017-05,8,25.26,91.18,6.35
YALA,2017-06,13,24.79,88.8,4.04
YALA,2017-07,4,24.44,90.17,6.95
YALA,2017-08,4,24.37,90.2,7.99
YALA,2017-09,7,24.49,89.95,7.77
YALA,2017-10,15,24.49,89.56,6.32
YALA,2017-11,14,24.01,93.01,26.6
YALA,2017-12,17,23.39,92.02,12.71
YALA,2018-01,20,23.3,91.85,8.31
YALA,2018-02,10,22.94,87.68,2.17
YALA,2018-03,7,24.47,87.33,2.15
YALA,2018-04,6,24.92,87.65,3.13
YALA,2018-05,9,25.14,90.03,6.32
YALA,2018-06,12,24.49,89.5,3.98
YALA,2018-07,32,24.22,90.02,4.88
YALA,2018-08,43,24.39,88.49,5.29
YALA,2018-09,35,24.24,89.43,7.28
YALA,2018-10,54,24.29,89.87,9.05
YALA,2018-11,52,24.25,91.34,13.09
YALA,2018-12,52,23.76,92.87,17.05
YALA,2019-01,63,23.24,89.85,5.46
YALA,2019-02,38,23.51,87.6,1.64
YALA,2019-03,30,24.4,85.45,0.79
YALA,2019-04,28,25.86,83.8,2.36
YALA,2019-05,68,25.27,89.61,5.82
YALA,2019-06,175,25.18,89.21,5.89
YALA,2019-07,189,24.72,89.26,3.98
YALA,2019-08,100,24.48,88.8,5.64
YALA,2019-09,88,24.41,89.07,7.29
YALA,2019-10,59,24.46,88.96,7.5
YALA,2019-11,47,24.04,91.18,13.7
YALA,2019-12,29,23.0,90.29,4.97
YALA,2020-01,28,23.6,87.57,0.75
YALA,2020-02,18,23.56,86.36,2.21
YALA,2020-03,10,25.2,81.44,0.77
YALA,2020-04,5,25.68,83.93,6.81
YALA,2020-05,18,25.62,89.86,3.97
YALA,2020-06,40,24.78,90.58,10.85
YALA,2020-07,49,24.57,90.34,7.32
YALA,2020-08,45,24.86,88.55,6.34
YALA,2020-09,28,24.59,90.04,9.24
YALA,2020-10,15,24.13,90.9,9.79
YALA,2020-11,12,24.08,92.06,19.96
YALA,2020-12,9,23.4,92.56,18.68
YALA,2021-01,8,22.71,90.02,3.93
YALA,2021-02,1,22.87,85.74,0.22
YALA,2021-03,1,24.02,87.06,2.48
YALA,2021-04,0,24.89,88.46,4.26
YALA,2021-05,1,25.28,89.08,5.73
YALA,2021-06,3,24.72,89.33,3.86
YALA,2021-07,0,24.53,89.45,4.68
YALA,2021-08,1,24.35,90.12,8.64
YALA,2021-09,0,24.44,88.21,6.48
YALA,2021-10,2,24.62,89.0,6.51
YALA,2021-11,1,24.08,93.02,19.11
YALA,2021-12,7,23.35,91.64,9.02
YALA,2022-01,3,23.25,88.04,0.56
YALA,2022-02,0,23.76,90.26,14.41
YALA,2022-03,0,24.72,89.17,5.41
YALA,2022-04,0,25.1,89.17,6.27
YALA,2022-05,2,24.99,90.44,7.6
YALA,2022-06,11,24.58,90.39,5.22
YALA,2022-07,8,24.74,89.73,5.52
YALA,2022-08,8,24.4,90.3,7.7
YALA,2022-09,17,24.13,89.71,7.72
YALA,2022-10,17,23.91,92.01,11.08
YALA,2022-11,23,23.92,92.52,14.29
YALA,2022-12,33,22.95,92.87,28.14
YASOTHON,2015-01,2,22.65,56.39,0.01
YASOTHON,2015-02,3,26.14,56.95,0.95
YASOTHON,2015-03,1,30.5,49.81,0.62
YASOTHON,2015-04,6,31.46,46.35,1.02
YASOTHON,2015-05,18,30.33,64.14,2.96
YASOTHON,2015-06,57,29.43,68.4,3.22
YASOTHON,2015-07,107,27.04,81.09,7.0
YASOTHON,2015-08,226,26.35,88.55,6.26
YASOTHON,2015-09,147,26.55,87.45,5.0
YASOTHON,2015-10,55,25.85,81.46,3.45
YASOTHON,2015-11,31,27.21,72.27,0.61
YASOTHON,2015-12,13,25.81,60.27,0.0
YASOTHON,2016-01,12,25.63,57.67,0.53
YASOTHON,2016-02,18,23.78,49.25,0.01
YASOTHON,2016-03,16,30.27,42.55,0.02
YASOTHON,2016-04,16,33.87,42.15,1.35
YASOTHON,2016-05,9,30.28,67.72,4.38
YASOTHON,2016-06,22,27.97,80.01,8.59
YASOTHON,2016-07,47,26.38,88.24,7.52
YASOTHON,2016-08,51,26.61,87.93,8.07
YASOTHON,2016-09,41,26.39,89.26,13.89
YASOTHON,2016-10,9,26.28,86.75,3.35
YASOTHON,2016-11,4,24.11,86.31,1.1
YASOTHON,2016-12,0,22.18,79.97,0.1
YASOTHON,2017-01,0,24.04,69.39,0.04
YASOTHON,2017-02,5,24.34,60.28,0.07
YASOTHON,2017-03,3,27.94,62.18,2.86
YASOTHON,2017-04,26,29.82,60.48,2.42
YASOTHON,2017-05,21,28.01,79.69,9.45
YASOTHON,2017-06,27,26.56,89.04,10.63
YASOTHON,2017-07,25,25.74,91.97,18.61
YASOTHON,2017-08,17,26.44,90.3,8.8
YASOTHON,2017-09,9,26.98,88.5,8.98
YASOTHON,2017-10,6,25.16,87.72,3.46
YASOTHON,2017-11,0,23.5,84.79,0.25
YASOTHON,2017-12,2,21.46,76.23,0.12
YASOTHON,2018-01,1,23.69,66.58,0.02
YASOTHON,2018-02,0,24.2,59.13,0.37
YASOTHON,2018-03,3,27.61,60.3,2.66
YASOTHON,2018-04,5,29.31,58.93,2.16
YASOTHON,2018-05,22,28.65,74.28,5.75
YASOTHON,2018-06,55,26.77,86.27,8.18
YASOTHON,2018-07,62,25.84,90.51,17.72
YASOTHON,2018-08,50,25.57,91.64,10.11
YASOTHON,2018-09,19,26.65,87.65,7.5
YASOTHON,2018-10,6,25.94,84.68,1.07
YASOTHON,2018-11,4,24.9,80.89,0.22
YASOTHON,2018-12,5,24.46,72.06,0.37
YASOTHON,2019-01,13,24.28,64.11,0.0
YASOTHON,2019-02,18,29.29,52.27,0.81
YASOTHON,2019-03,33,31.13,48.41,0.65
YASOTHON,2019-04,21,31.41,58.57,2.38
YASOTHON,2019-05,34,29.11,75.11,6.39
YASOTHON,2019-06,127,28.35,80.71,3.4
YASOTHON,2019-07,86,26.9,83.34,8.54
YASOTHON,2019-08,63,26.32,89.31,19.77
YASOTHON,2019-09,54,25.98,88.82,13.16
YASOTHON,2019-10,44,26.06,83.45,0.75
YASOTHON,2019-11,20,24.41,78.76,0.17
YASOTHON,2019-12,11,23.15,67.55,0.0
YASOTHON,2020-01,13,25.51,60.79,0.09
YASOTHON,2020-02,8,26.47,53.52,0.02
YASOTHON,2020-03,13,30.69,53.44,1.37
YASOTHON,2020-04,6,29.41,59.55,2.24
YASOTHON,2020-05,11,30.42,68.08,4.26
YASOTHON,2020-06,38,28.06,79.99,3.74
YASOTHON,2020-07,47,27.33,85.05,8.97
YASOTHON,2020-08,50,26.43,90.05,12.53
YASOTHON,2020-09,42,27.01,88.24,8.06
YASOTHON,2020-10,11,24.31,90.77,9.09
YASOTHON,2020-11,1,23.43,86.22,0.18
YASOTHON,2020-12,2,20.79,81.14,0.0
YASOTHON,2021-01,4,20.47,69.12,0.0
YASOTHON,2021-02,2,24.83,60.91,0.73
YASOTHON,2021-03,2,29.66,55.33,0.99
YASOTHON,2021-04,0,29.74,64.83,4.49
YASOTHON,2021-05,0,28.67,79.11,5.98
YASOTHON,2021-06,2,27.03,86.82,8.0
YASOTHON,2021-07,4,26.53,88.9,10.44
YASOTHON,2021-08,7,26.77,88.11,7.03
YASOTHON,2021-09,5,26.34,89.23,13.46
YASOTHON,2021-10,2,25.38,89.01,5.63
YASOTHON,2021-11,2,23.34,84.82,0.04
YASOTHON,2021-12,0,20.68,80.34,0.04
YASOTHON,2022-01,1,24.19,68.98,0.19
YASOTHON,2022-02,2,23.7,66.57,1.2
YASOTHON,2022-03,1,28.29,65.58,3.65
YASOTHON,2022-04,2,27.27,68.2,2.99
YASOTHON,2022-05,3,26.2,84.81,9.31
YASOTHON,2022-06,12,26.77,87.44,4.07
YASOTHON,2022-07,19,26.84,88.85,11.25
YASOTHON,2022-08,21,26.48,89.29,11.43
YASOTHON,2022-09,12,26.34,89.98,12.87
YASOTHON,2022-10,8,24.27,87.29,3.3
YASOTHON,2022-11,5,24.78,85.18,1.34
YASOTHON,2022-12,9,20.67,78.0,0.13
